dataset,filename,setting,psnr,ssim,lpips
U90,10909.png,Zero guide,20.17154312133789,0.7941785454750061,0.180483877658844
U90,10945.png,Zero guide,18.355976104736328,0.8300135135650635,0.19726648926734924
U90,10909.png,Uniform guide,21.710506439208984,0.8946571350097656,0.08776456117630005
U90,10945.png,Uniform guide,15.785209655761719,0.8252726197242737,0.22174577414989471
U90,10909.png,Raw-input guide,24.63364028930664,0.9130983948707581,0.0833425298333168
U90,10945.png,Raw-input guide,18.675281524658203,0.8812255859375,0.13688771426677704
U90,10909.png,Cross-image guide,23.315216064453125,0.8818016052246094,0.1028384193778038
U90,10945.png,Cross-image guide,19.832536697387695,0.8935484290122986,0.15401728451251984
U90,10909.png,Full spatial guide,24.608367919921875,0.9079654812812805,0.0887259915471077
U90,10945.png,Full spatial guide,18.748491287231445,0.8750069737434387,0.14858590066432953
U90,11052.png,Zero guide,20.345638275146484,0.8500310778617859,0.11414559930562973
U90,11064.png,Zero guide,20.226757049560547,0.8417277336120605,0.11123132705688477
U90,11052.png,Uniform guide,21.339431762695312,0.8808062076568604,0.07574808597564697
U90,11064.png,Uniform guide,19.132076263427734,0.8296973705291748,0.11339153349399567
U90,11052.png,Raw-input guide,27.540626525878906,0.9668328166007996,0.03473776951432228
U90,11064.png,Raw-input guide,28.290122985839844,0.9479549527168274,0.03612792491912842
U90,11052.png,Cross-image guide,27.945053100585938,0.9678887724876404,0.0350550077855587
U90,11064.png,Cross-image guide,22.481704711914062,0.9111921787261963,0.0787491425871849
U90,11052.png,Full spatial guide,27.439653396606445,0.9667322039604187,0.03475193679332733
U90,11064.png,Full spatial guide,28.581138610839844,0.9481245875358582,0.03653137385845184
U90,11374.png,Zero guide,21.921974182128906,0.8679618835449219,0.10950905829668045
U90,11398.png,Zero guide,21.35236358642578,0.858653724193573,0.09941515326499939
U90,11374.png,Uniform guide,25.548952102661133,0.9593659043312073,0.04315852373838425
U90,11398.png,Uniform guide,24.529726028442383,0.9461617469787598,0.04260161519050598
U90,11374.png,Raw-input guide,29.391687393188477,0.971884548664093,0.0279399361461401
U90,11398.png,Raw-input guide,30.796733856201172,0.9708043932914734,0.021324405446648598
U90,11374.png,Cross-image guide,29.00914192199707,0.9701648354530334,0.027186036109924316
U90,11398.png,Cross-image guide,26.634130477905273,0.9581660628318787,0.04358893632888794
U90,11374.png,Full spatial guide,29.5167179107666,0.9719338417053223,0.02816060185432434
U90,11398.png,Full spatial guide,30.872249603271484,0.9708153605461121,0.020999617874622345
U90,1225.png,Zero guide,22.490976333618164,0.945524275302887,0.12370061874389648
U90,12290.png,Zero guide,13.211010932922363,0.6836538314819336,0.35754722356796265
U90,1225.png,Uniform guide,25.52629852294922,0.9632418751716614,0.06660636514425278
U90,12290.png,Uniform guide,27.913801193237305,0.9194771647453308,0.14237143099308014
U90,1225.png,Raw-input guide,26.556377410888672,0.9710946083068848,0.051477912813425064
U90,12290.png,Raw-input guide,30.644428253173828,0.9353821277618408,0.12113016843795776
U90,1225.png,Cross-image guide,22.348291397094727,0.9417989253997803,0.12846612930297852
U90,12290.png,Cross-image guide,27.608570098876953,0.9151893258094788,0.1394154131412506
U90,1225.png,Full spatial guide,26.27631187438965,0.9698706269264221,0.053283751010894775
U90,12290.png,Full spatial guide,30.633974075317383,0.9350643754005432,0.12095724046230316
U90,12336.png,Zero guide,21.315940856933594,0.906865119934082,0.2253662347793579
U90,12348.png,Zero guide,16.37803077697754,0.7914227843284607,0.276601642370224
U90,12336.png,Uniform guide,31.478273391723633,0.9736440181732178,0.04363209009170532
U90,12348.png,Uniform guide,28.780250549316406,0.9227597117424011,0.14539743959903717
U90,12336.png,Raw-input guide,33.18463897705078,0.9786030650138855,0.03437729552388191
U90,12348.png,Raw-input guide,32.130245208740234,0.9437289237976074,0.11814995855093002
U90,12336.png,Cross-image guide,19.76881217956543,0.8991475105285645,0.22370731830596924
U90,12348.png,Cross-image guide,30.441082000732422,0.9363691210746765,0.12287989258766174
U90,12336.png,Full spatial guide,33.321868896484375,0.978721559047699,0.03390827775001526
U90,12348.png,Full spatial guide,32.0847282409668,0.9431442618370056,0.11902663856744766
U90,12422.png,Zero guide,22.36764144897461,0.9355432391166687,0.08288002014160156
U90,12433.png,Zero guide,19.781465530395508,0.802217423915863,0.1682513952255249
U90,12422.png,Uniform guide,26.809385299682617,0.9689633250236511,0.058915287256240845
U90,12433.png,Uniform guide,30.018768310546875,0.9613115787506104,0.041181981563568115
U90,12422.png,Raw-input guide,33.74153518676758,0.979185163974762,0.028401706367731094
U90,12433.png,Raw-input guide,30.0223388671875,0.9614644050598145,0.04822035878896713
U90,12422.png,Cross-image guide,29.081056594848633,0.9744636416435242,0.043673887848854065
U90,12433.png,Cross-image guide,28.44211769104004,0.9481779932975769,0.04652492702007294
U90,12422.png,Full spatial guide,33.74320983886719,0.9793974757194519,0.027776455506682396
U90,12433.png,Full spatial guide,30.119415283203125,0.9613807201385498,0.04777148738503456
U90,1407.png,Zero guide,21.861631393432617,0.8827566504478455,0.09279169142246246
U90,1491.png,Zero guide,18.117095947265625,0.8248905539512634,0.13290394842624664
U90,1407.png,Uniform guide,21.267227172851562,0.8926682472229004,0.119072824716568
U90,1491.png,Uniform guide,22.43112564086914,0.9334314465522766,0.05899275839328766
U90,1407.png,Raw-input guide,22.099084854125977,0.9082050919532776,0.13552072644233704
U90,1491.png,Raw-input guide,19.749855041503906,0.8877368569374084,0.07720183581113815
U90,1407.png,Cross-image guide,20.861539840698242,0.8941969871520996,0.12901541590690613
U90,1491.png,Cross-image guide,21.93907928466797,0.9130291938781738,0.0643816813826561
U90,1407.png,Full spatial guide,22.095909118652344,0.9080179333686829,0.1376907080411911
U90,1491.png,Full spatial guide,19.43728256225586,0.8783575892448425,0.08460391312837601
U90,15001.png,Zero guide,21.130062103271484,0.896282434463501,0.20859219133853912
U90,15045.png,Zero guide,26.899646759033203,0.9714601635932922,0.09446660429239273
U90,15001.png,Uniform guide,32.396175384521484,0.9674049019813538,0.05747316777706146
U90,15045.png,Uniform guide,34.44353485107422,0.990506649017334,0.016349684447050095
U90,15001.png,Raw-input guide,31.671310424804688,0.9682407975196838,0.054050907492637634
U90,15045.png,Raw-input guide,34.65977096557617,0.9908933639526367,0.0165982898324728
U90,15001.png,Cross-image guide,20.482906341552734,0.9069085121154785,0.2353830337524414
U90,15045.png,Cross-image guide,34.06243133544922,0.9906756281852722,0.025722552090883255
U90,15001.png,Full spatial guide,31.867340087890625,0.9683137536048889,0.05298221856355667
U90,15045.png,Full spatial guide,34.699005126953125,0.9908110499382019,0.018188394606113434
U90,15094.png,Zero guide,28.172338485717773,0.9466109275817871,0.07290919125080109
U90,15113.png,Zero guide,20.825166702270508,0.8584612011909485,0.1473594754934311
U90,15094.png,Uniform guide,33.3580322265625,0.974888026714325,0.032250404357910156
U90,15113.png,Uniform guide,29.623516082763672,0.9779167771339417,0.03161236643791199
U90,15094.png,Raw-input guide,33.376922607421875,0.9748473167419434,0.0332246795296669
U90,15113.png,Raw-input guide,29.636877059936523,0.9780041575431824,0.03217989206314087
U90,15094.png,Cross-image guide,31.99273681640625,0.9660235047340393,0.03948744386434555
U90,15113.png,Cross-image guide,28.35221290588379,0.9765799641609192,0.04364519566297531
U90,15094.png,Full spatial guide,33.439334869384766,0.9753690361976624,0.032753270119428635
U90,15113.png,Full spatial guide,29.59113121032715,0.9779660105705261,0.032573383301496506
U90,15136.png,Zero guide,22.309770584106445,0.9287720322608948,0.12198726087808609
U90,1539.png,Zero guide,20.30815887451172,0.8750758171081543,0.06795413792133331
U90,15136.png,Uniform guide,31.216007232666016,0.9822773933410645,0.01579972729086876
U90,1539.png,Uniform guide,19.055526733398438,0.8619842529296875,0.08762244880199432
U90,15136.png,Raw-input guide,31.092538833618164,0.9830216765403748,0.016106078401207924
U90,1539.png,Raw-input guide,20.740726470947266,0.8977761268615723,0.06209883093833923
U90,15136.png,Cross-image guide,26.93569564819336,0.9566604495048523,0.08535489439964294
U90,1539.png,Cross-image guide,21.236305236816406,0.8954231142997742,0.06661803275346756
U90,15136.png,Full spatial guide,31.260120391845703,0.9845364093780518,0.014942796900868416
U90,1539.png,Full spatial guide,20.712528228759766,0.8974306583404541,0.06280972808599472
U90,15418.png,Zero guide,19.778093338012695,0.7474715113639832,0.2580406069755554
U90,15426.png,Zero guide,19.39552879333496,0.8036141395568848,0.19024470448493958
U90,15418.png,Uniform guide,28.252351760864258,0.9511268138885498,0.04495960474014282
U90,15426.png,Uniform guide,28.182382583618164,0.9423725008964539,0.05706869810819626
U90,15418.png,Raw-input guide,28.252613067626953,0.952140748500824,0.043711401522159576
U90,15426.png,Raw-input guide,29.183433532714844,0.9401788711547852,0.07578065246343613
U90,15418.png,Cross-image guide,28.10869026184082,0.9490130543708801,0.05760106444358826
U90,15426.png,Cross-image guide,26.46145248413086,0.9386685490608215,0.06423978507518768
U90,15418.png,Full spatial guide,28.50389289855957,0.9527423977851868,0.0422867052257061
U90,15426.png,Full spatial guide,29.44927978515625,0.9414596557617188,0.06585139781236649
U90,15704.png,Zero guide,20.933149337768555,0.83575040102005,0.12562748789787292
U90,1573.png,Zero guide,26.855676651000977,0.9360620975494385,0.02921317145228386
U90,15704.png,Uniform guide,29.550973892211914,0.9771016240119934,0.02621433697640896
U90,1573.png,Uniform guide,28.59278106689453,0.9586406350135803,0.01948172226548195
U90,15704.png,Raw-input guide,30.374553680419922,0.9776623845100403,0.02325853705406189
U90,1573.png,Raw-input guide,27.772958755493164,0.9145166277885437,0.022540822625160217
U90,15704.png,Cross-image guide,20.43213653564453,0.8720727562904358,0.10444027185440063
U90,1573.png,Cross-image guide,20.45810890197754,0.8678730130195618,0.04642783850431442
U90,15704.png,Full spatial guide,30.640209197998047,0.9779067635536194,0.023102467879652977
U90,1573.png,Full spatial guide,27.17685317993164,0.911644697189331,0.024039626121520996
U90,1660.png,Zero guide,17.980192184448242,0.9191837906837463,0.1586359292268753
U90,1742.png,Zero guide,21.37657928466797,0.9345064163208008,0.13174398243427277
U90,1660.png,Uniform guide,19.31053924560547,0.9530155062675476,0.10536452382802963
U90,1742.png,Uniform guide,18.008743286132812,0.9042749404907227,0.22131042182445526
U90,1660.png,Raw-input guide,20.03547477722168,0.9509382247924805,0.08754436671733856
U90,1742.png,Raw-input guide,16.631839752197266,0.9089024662971497,0.24916887283325195
U90,1660.png,Cross-image guide,21.02904510498047,0.9625627994537354,0.1046113669872284
U90,1742.png,Cross-image guide,20.557628631591797,0.8258638978004456,0.18370193243026733
U90,1660.png,Full spatial guide,20.363880157470703,0.9548729062080383,0.09463351964950562
U90,1742.png,Full spatial guide,17.0557861328125,0.910076379776001,0.22984768450260162
U90,1957.png,Zero guide,19.557289123535156,0.830279529094696,0.164154052734375
U90,208_img_.png,Zero guide,25.283519744873047,0.9616169929504395,0.1603218913078308
U90,1957.png,Uniform guide,26.455787658691406,0.9650270342826843,0.055843256413936615
U90,208_img_.png,Uniform guide,25.247417449951172,0.9688851833343506,0.038446761667728424
U90,1957.png,Raw-input guide,26.991703033447266,0.965899646282196,0.062208570539951324
U90,208_img_.png,Raw-input guide,25.007625579833984,0.9711432456970215,0.03684551641345024
U90,1957.png,Cross-image guide,24.79419708251953,0.9648565649986267,0.07816284894943237
U90,208_img_.png,Cross-image guide,23.035137176513672,0.9423370361328125,0.1267431527376175
U90,1957.png,Full spatial guide,26.981687545776367,0.9654202461242676,0.0627596378326416
U90,208_img_.png,Full spatial guide,25.2791690826416,0.9697312712669373,0.04111813008785248
U90,209_img_.png,Zero guide,26.34881019592285,0.971254825592041,0.052730709314346313
U90,210_img_.png,Zero guide,29.126583099365234,0.9748378396034241,0.0572253093123436
U90,209_img_.png,Uniform guide,19.328948974609375,0.8672879338264465,0.12392747402191162
U90,210_img_.png,Uniform guide,20.465606689453125,0.8078364729881287,0.20659273862838745
U90,209_img_.png,Raw-input guide,19.052913665771484,0.8658661842346191,0.13291747868061066
U90,210_img_.png,Raw-input guide,22.948280334472656,0.8842911720275879,0.14729005098342896
U90,209_img_.png,Cross-image guide,18.40996551513672,0.8611279129981995,0.1637166440486908
U90,210_img_.png,Cross-image guide,20.488677978515625,0.8071408271789551,0.209468275308609
U90,209_img_.png,Full spatial guide,19.017200469970703,0.8680377006530762,0.13253724575042725
U90,210_img_.png,Full spatial guide,25.50581169128418,0.9357728958129883,0.08864522725343704
U90,211_img_.png,Zero guide,24.466156005859375,0.9467597007751465,0.10284359753131866
U90,212_img_.png,Zero guide,26.831520080566406,0.9432885050773621,0.12659777700901031
U90,211_img_.png,Uniform guide,30.29414939880371,0.9647811055183411,0.04695621132850647
U90,212_img_.png,Uniform guide,29.147624969482422,0.9689338803291321,0.07234534621238708
U90,211_img_.png,Raw-input guide,30.461944580078125,0.9666457176208496,0.04515708610415459
U90,212_img_.png,Raw-input guide,30.65291404724121,0.9773901104927063,0.04664153978228569
U90,211_img_.png,Cross-image guide,30.71026611328125,0.9700868725776672,0.04315831512212753
U90,212_img_.png,Cross-image guide,28.25889778137207,0.9751815795898438,0.05590084195137024
U90,211_img_.png,Full spatial guide,30.655729293823242,0.9678013920783997,0.04308411851525307
U90,212_img_.png,Full spatial guide,30.829544067382812,0.9776167273521423,0.043507713824510574
U90,213_img_.png,Zero guide,19.85202407836914,0.7606425881385803,0.18538014590740204
U90,2546.png,Zero guide,28.16433334350586,0.9784832000732422,0.08978235721588135
U90,213_img_.png,Uniform guide,25.170448303222656,0.9135683178901672,0.07159379124641418
U90,2546.png,Uniform guide,26.386735916137695,0.9715103507041931,0.09766809642314911
U90,213_img_.png,Raw-input guide,21.379146575927734,0.8084619641304016,0.17642676830291748
U90,2546.png,Raw-input guide,24.815338134765625,0.9697358012199402,0.12670248746871948
U90,213_img_.png,Cross-image guide,21.871219635009766,0.7800769209861755,0.19737935066223145
U90,2546.png,Cross-image guide,26.478483200073242,0.9737119674682617,0.10132595896720886
U90,213_img_.png,Full spatial guide,21.125102996826172,0.7952060699462891,0.19112034142017365
U90,2546.png,Full spatial guide,24.75233268737793,0.9696834087371826,0.12715300917625427
U90,25_img_.png,Zero guide,21.44045066833496,0.8580318093299866,0.1016511619091034
U90,2629.png,Zero guide,20.270719528198242,0.8492119908332825,0.2301870882511139
U90,25_img_.png,Uniform guide,22.670330047607422,0.9149230122566223,0.06962911039590836
U90,2629.png,Uniform guide,21.09054946899414,0.8709467053413391,0.18639981746673584
U90,25_img_.png,Raw-input guide,23.753435134887695,0.9197995066642761,0.06974141299724579
U90,2629.png,Raw-input guide,23.29390525817871,0.9123701453208923,0.13676509261131287
U90,25_img_.png,Cross-image guide,21.459810256958008,0.8971381783485413,0.11281761527061462
U90,2629.png,Cross-image guide,23.43239974975586,0.8952176570892334,0.12229589372873306
U90,25_img_.png,Full spatial guide,24.036664962768555,0.923950731754303,0.06970101594924927
U90,2629.png,Full spatial guide,22.536273956298828,0.902177631855011,0.15838724374771118
U90,2677.png,Zero guide,19.58417510986328,0.8940737247467041,0.18398889899253845
U90,26_img_.png,Zero guide,21.22838592529297,0.8093671798706055,0.15102989971637726
U90,2677.png,Uniform guide,17.630033493041992,0.8899214267730713,0.243247389793396
U90,26_img_.png,Uniform guide,23.546560287475586,0.9391255974769592,0.06521178781986237
U90,2677.png,Raw-input guide,17.071592330932617,0.8855123519897461,0.23735250532627106
U90,26_img_.png,Raw-input guide,25.799701690673828,0.949101448059082,0.051198165863752365
U90,2677.png,Cross-image guide,17.522911071777344,0.8965435028076172,0.2001529484987259
U90,26_img_.png,Cross-image guide,20.850515365600586,0.8142274022102356,0.15548749268054962
U90,2677.png,Full spatial guide,17.09866714477539,0.8860073685646057,0.23572459816932678
U90,26_img_.png,Full spatial guide,26.336959838867188,0.9507220387458801,0.04842473194003105
U90,2701.png,Zero guide,17.653039932250977,0.8413717150688171,0.12725219130516052
U90,2774.png,Zero guide,20.91114044189453,0.8480386137962341,0.16764205694198608
U90,2701.png,Uniform guide,16.448591232299805,0.8360598683357239,0.1272260844707489
U90,2774.png,Uniform guide,23.789958953857422,0.9225969910621643,0.08092217892408371
U90,2701.png,Raw-input guide,18.730737686157227,0.8716374039649963,0.13256536424160004
U90,2774.png,Raw-input guide,21.809885025024414,0.8878509998321533,0.109861359000206
U90,2701.png,Cross-image guide,17.59881591796875,0.8542747497558594,0.13332639634609222
U90,2774.png,Cross-image guide,24.43781089782715,0.9281575083732605,0.09739173948764801
U90,2701.png,Full spatial guide,18.8489990234375,0.8735313415527344,0.1319531500339508
U90,2774.png,Full spatial guide,21.780380249023438,0.8866997361183167,0.11220128834247589
U90,2787.png,Zero guide,24.697561264038086,0.9422275424003601,0.07384198158979416
U90,2882.png,Zero guide,19.253767013549805,0.857140302658081,0.17318889498710632
U90,2787.png,Uniform guide,21.860328674316406,0.9178259372711182,0.07673043757677078
U90,2882.png,Uniform guide,24.715065002441406,0.9568718075752258,0.06516261398792267
U90,2787.png,Raw-input guide,23.77666664123535,0.916456937789917,0.06406766176223755
U90,2882.png,Raw-input guide,24.981826782226562,0.9534570574760437,0.07499600946903229
U90,2787.png,Cross-image guide,21.337020874023438,0.8971214294433594,0.09747792780399323
U90,2882.png,Cross-image guide,24.754444122314453,0.9603988528251648,0.05542541295289993
U90,2787.png,Full spatial guide,23.37590217590332,0.9163468480110168,0.06447072327136993
U90,2882.png,Full spatial guide,25.11308479309082,0.952239990234375,0.07765690982341766
U90,2977.png,Zero guide,19.270967483520508,0.8274255394935608,0.20804955065250397
U90,3001.png,Zero guide,25.660484313964844,0.9397088885307312,0.08807548135519028
U90,2977.png,Uniform guide,25.097610473632812,0.9460683465003967,0.06120146065950394
U90,3001.png,Uniform guide,24.3216552734375,0.9599701762199402,0.05833963304758072
U90,2977.png,Raw-input guide,26.048030853271484,0.955365002155304,0.047530997544527054
U90,3001.png,Raw-input guide,25.522424697875977,0.9622872471809387,0.056946590542793274
U90,2977.png,Cross-image guide,26.290788650512695,0.9569427967071533,0.04792846739292145
U90,3001.png,Cross-image guide,21.260555267333984,0.8982295989990234,0.09114453196525574
U90,2977.png,Full spatial guide,23.45999526977539,0.9209775924682617,0.06891879439353943
U90,3001.png,Full spatial guide,25.91234588623047,0.962470531463623,0.05451483651995659
U90,3015.png,Zero guide,20.9932861328125,0.9025352597236633,0.11319491267204285
U90,3196.png,Zero guide,21.62139129638672,0.9450942873954773,0.14018034934997559
U90,3015.png,Uniform guide,20.455520629882812,0.9083618521690369,0.13783101737499237
U90,3196.png,Uniform guide,17.284828186035156,0.8533172607421875,0.17958393692970276
U90,3015.png,Raw-input guide,21.72470474243164,0.9205731749534607,0.13898777961730957
U90,3196.png,Raw-input guide,23.015823364257812,0.9409427642822266,0.10567089915275574
U90,3015.png,Cross-image guide,21.016273498535156,0.9149001240730286,0.15599682927131653
U90,3196.png,Cross-image guide,16.948326110839844,0.8317329287528992,0.19105395674705505
U90,3015.png,Full spatial guide,21.726158142089844,0.9204039573669434,0.1394186019897461
U90,3196.png,Full spatial guide,23.229324340820312,0.9487876296043396,0.10429210960865021
U90,3202.png,Zero guide,28.90591812133789,0.9502965807914734,0.03261873871088028
U90,3330.png,Zero guide,27.707860946655273,0.8698617815971375,0.0509038046002388
U90,3202.png,Uniform guide,27.997211456298828,0.9744172096252441,0.05107112228870392
U90,3330.png,Uniform guide,23.458698272705078,0.8489937782287598,0.05429164320230484
U90,3202.png,Raw-input guide,28.9747257232666,0.9773989319801331,0.0395030677318573
U90,3330.png,Raw-input guide,24.65941619873047,0.8427999019622803,0.050294216722249985
U90,3202.png,Cross-image guide,28.98157501220703,0.9742195010185242,0.034116193652153015
U90,3330.png,Cross-image guide,22.222129821777344,0.7959030270576477,0.09269177913665771
U90,3202.png,Full spatial guide,29.554119110107422,0.9784446358680725,0.03751618415117264
U90,3330.png,Full spatial guide,24.487783432006836,0.8413419127464294,0.0514010451734066
U90,3650.png,Zero guide,24.122182846069336,0.9499813914299011,0.09828794002532959
U90,3728.png,Zero guide,22.690963745117188,0.8713452816009521,0.12541013956069946
U90,3650.png,Uniform guide,29.491613388061523,0.972550094127655,0.05833999440073967
U90,3728.png,Uniform guide,23.8833065032959,0.9184465408325195,0.07180342078208923
U90,3650.png,Raw-input guide,27.363454818725586,0.9615733027458191,0.07222051918506622
U90,3728.png,Raw-input guide,24.40648078918457,0.9358863830566406,0.07829871028661728
U90,3650.png,Cross-image guide,28.365459442138672,0.9704241752624512,0.05865275114774704
U90,3728.png,Cross-image guide,23.299793243408203,0.9090619087219238,0.10537037253379822
U90,3650.png,Full spatial guide,27.19432830810547,0.9592157006263733,0.0738639310002327
U90,3728.png,Full spatial guide,24.43112564086914,0.9368276000022888,0.07885278761386871
U90,379_img_.png,Zero guide,23.6228084564209,0.9393157958984375,0.11653639376163483
U90,380_img_.png,Zero guide,16.502079010009766,0.8694925308227539,0.4126845598220825
U90,379_img_.png,Uniform guide,19.548404693603516,0.8579140305519104,0.12359906733036041
U90,380_img_.png,Uniform guide,21.13162612915039,0.9446206092834473,0.15135808289051056
U90,379_img_.png,Raw-input guide,18.987001419067383,0.8559670448303223,0.12712234258651733
U90,380_img_.png,Raw-input guide,19.73763656616211,0.9360770583152771,0.14409126341342926
U90,379_img_.png,Cross-image guide,20.24235725402832,0.9137740731239319,0.1325835883617401
U90,380_img_.png,Cross-image guide,17.956668853759766,0.9195240139961243,0.2567596733570099
U90,379_img_.png,Full spatial guide,18.957447052001953,0.8554481863975525,0.13187015056610107
U90,380_img_.png,Full spatial guide,19.15736198425293,0.9017608165740967,0.19031180441379547
U90,381_img_.png,Zero guide,21.2473087310791,0.9055096507072449,0.10972613841295242
U90,382_img_.png,Zero guide,16.921493530273438,0.9107068181037903,0.28135553002357483
U90,381_img_.png,Uniform guide,26.029232025146484,0.9823333621025085,0.03576097637414932
U90,382_img_.png,Uniform guide,21.199913024902344,0.9460725784301758,0.13558094203472137
U90,381_img_.png,Raw-input guide,25.42434310913086,0.979919970035553,0.03921795263886452
U90,382_img_.png,Raw-input guide,19.667736053466797,0.9405881762504578,0.1478537917137146
U90,381_img_.png,Cross-image guide,23.677898406982422,0.9253217577934265,0.07934381067752838
U90,382_img_.png,Cross-image guide,16.7215518951416,0.8553362488746643,0.23537641763687134
U90,381_img_.png,Full spatial guide,26.030433654785156,0.9774021506309509,0.041902150958776474
U90,382_img_.png,Full spatial guide,19.465675354003906,0.9264035224914551,0.16294939815998077
U90,383_img_.png,Zero guide,19.694650650024414,0.7974259257316589,0.16468128561973572
U90,3925.png,Zero guide,20.60664939880371,0.8825021386146545,0.14719924330711365
U90,383_img_.png,Uniform guide,25.533695220947266,0.948702335357666,0.05993756651878357
U90,3925.png,Uniform guide,22.837623596191406,0.9222557544708252,0.10751691460609436
U90,383_img_.png,Raw-input guide,26.8076114654541,0.9542654156684875,0.05014984682202339
U90,3925.png,Raw-input guide,23.105121612548828,0.9303478598594666,0.1060829684138298
U90,383_img_.png,Cross-image guide,27.036270141601562,0.9496293067932129,0.03816544637084007
U90,3925.png,Cross-image guide,22.1365966796875,0.9038410186767578,0.13219568133354187
U90,383_img_.png,Full spatial guide,27.322786331176758,0.9557906985282898,0.04438593238592148
U90,3925.png,Full spatial guide,23.16574478149414,0.9326963424682617,0.104684017598629
U90,3947.png,Zero guide,24.150379180908203,0.8967722058296204,0.0808335542678833
U90,4070.png,Zero guide,27.370393753051758,0.9725295901298523,0.04514120891690254
U90,3947.png,Uniform guide,26.758424758911133,0.9564555287361145,0.03666078299283981
U90,4070.png,Uniform guide,27.41452407836914,0.9485065340995789,0.042555391788482666
U90,3947.png,Raw-input guide,27.093412399291992,0.9598842263221741,0.028933078050613403
U90,4070.png,Raw-input guide,27.06427764892578,0.9449251294136047,0.04199258238077164
U90,3947.png,Cross-image guide,26.461584091186523,0.9585751891136169,0.030311821028590202
U90,4070.png,Cross-image guide,27.679044723510742,0.9574875831604004,0.06009124591946602
U90,3947.png,Full spatial guide,27.21111488342285,0.959469735622406,0.028927568346261978
U90,4070.png,Full spatial guide,26.716705322265625,0.9418827891349792,0.044271305203437805
U90,540_img_.png,Zero guide,24.125926971435547,0.9507482051849365,0.05385035276412964
U90,541_img_.png,Zero guide,25.00018310546875,0.9464731216430664,0.11468890309333801
U90,540_img_.png,Uniform guide,28.853113174438477,0.9548813700675964,0.06351497769355774
U90,541_img_.png,Uniform guide,28.690641403198242,0.9710459113121033,0.048435360193252563
U90,540_img_.png,Raw-input guide,28.583698272705078,0.9673667550086975,0.05035535991191864
U90,541_img_.png,Raw-input guide,30.541542053222656,0.9751479625701904,0.0388585664331913
U90,540_img_.png,Cross-image guide,28.261995315551758,0.9720063209533691,0.040366031229496
U90,541_img_.png,Cross-image guide,27.213268280029297,0.9601160883903503,0.05244751274585724
U90,540_img_.png,Full spatial guide,29.165267944335938,0.9660307765007019,0.049764905124902725
U90,541_img_.png,Full spatial guide,29.635196685791016,0.9721758365631104,0.041530270129442215
U90,542_img_.png,Zero guide,17.681316375732422,0.850773811340332,0.14980542659759521
U90,543_img_.png,Zero guide,22.117828369140625,0.9192414879798889,0.13233788311481476
U90,542_img_.png,Uniform guide,17.302701950073242,0.8660705089569092,0.13683974742889404
U90,543_img_.png,Uniform guide,22.373640060424805,0.9285843372344971,0.07654714584350586
U90,542_img_.png,Raw-input guide,18.26161003112793,0.8622564673423767,0.1529037058353424
U90,543_img_.png,Raw-input guide,19.90868377685547,0.8981552124023438,0.10281356424093246
U90,542_img_.png,Cross-image guide,18.1060733795166,0.8698967099189758,0.14938682317733765
U90,543_img_.png,Cross-image guide,25.247098922729492,0.9263103604316711,0.07972444593906403
U90,542_img_.png,Full spatial guide,18.007715225219727,0.8637717366218567,0.14575804769992828
U90,543_img_.png,Full spatial guide,19.287813186645508,0.888133704662323,0.11494947224855423
U90,544_img_.png,Zero guide,22.842655181884766,0.942380964756012,0.11476685106754303
U90,5554.png,Zero guide,22.64621925354004,0.9419566988945007,0.0957985371351242
U90,544_img_.png,Uniform guide,34.641212463378906,0.9791777729988098,0.042365800589323044
U90,5554.png,Uniform guide,22.18360137939453,0.8550119400024414,0.1415124535560608
U90,544_img_.png,Raw-input guide,34.51839828491211,0.979156494140625,0.04261365160346031
U90,5554.png,Raw-input guide,22.51388931274414,0.8769299387931824,0.13465315103530884
U90,544_img_.png,Cross-image guide,23.349950790405273,0.9191930294036865,0.1110352948307991
U90,5554.png,Cross-image guide,22.5296573638916,0.8806706070899963,0.12154728174209595
U90,544_img_.png,Full spatial guide,34.918434143066406,0.9792695045471191,0.0422658771276474
U90,5554.png,Full spatial guide,22.66533851623535,0.8794447779655457,0.12959600985050201
U90,5818.png,Zero guide,21.494693756103516,0.9614608287811279,0.1314140111207962
U90,5830.png,Zero guide,21.90288734436035,0.9529147744178772,0.1526961773633957
U90,5818.png,Uniform guide,22.136974334716797,0.9370184540748596,0.16001594066619873
U90,5830.png,Uniform guide,23.014774322509766,0.955204963684082,0.0985378548502922
U90,5818.png,Raw-input guide,18.601261138916016,0.9284262657165527,0.18590064346790314
U90,5830.png,Raw-input guide,19.844318389892578,0.9319448471069336,0.13674530386924744
U90,5818.png,Cross-image guide,18.778240203857422,0.9200074672698975,0.18981285393238068
U90,5830.png,Cross-image guide,20.060943603515625,0.9332453608512878,0.13099047541618347
U90,5818.png,Full spatial guide,17.68271827697754,0.9186477661132812,0.18040427565574646
U90,5830.png,Full spatial guide,18.40740394592285,0.9066087603569031,0.1586551070213318
U90,601_img_.png,Zero guide,18.049089431762695,0.7670019268989563,0.280187726020813
U90,602_img_.png,Zero guide,23.24233055114746,0.8987007141113281,0.19516277313232422
U90,601_img_.png,Uniform guide,19.13982582092285,0.9084528088569641,0.1617664396762848
U90,602_img_.png,Uniform guide,27.937347412109375,0.9757593274116516,0.05940692871809006
U90,601_img_.png,Raw-input guide,18.597721099853516,0.8961048126220703,0.17458182573318481
U90,602_img_.png,Raw-input guide,29.85396385192871,0.9795077443122864,0.047451384365558624
U90,601_img_.png,Cross-image guide,18.623355865478516,0.8935063481330872,0.17259958386421204
U90,602_img_.png,Cross-image guide,30.058317184448242,0.978437602519989,0.047513917088508606
U90,601_img_.png,Full spatial guide,18.625715255737305,0.8969683051109314,0.17398907244205475
U90,602_img_.png,Full spatial guide,30.116769790649414,0.9794657826423645,0.04756990447640419
U90,603_img_.png,Zero guide,23.06707000732422,0.9179684519767761,0.17642617225646973
U90,604_img_.png,Zero guide,27.041954040527344,0.9315419793128967,0.1490735560655594
U90,603_img_.png,Uniform guide,33.57231140136719,0.9843736290931702,0.03844328969717026
U90,604_img_.png,Uniform guide,30.189105987548828,0.9712657332420349,0.07011015713214874
U90,603_img_.png,Raw-input guide,33.63029098510742,0.9844365119934082,0.03857387974858284
U90,604_img_.png,Raw-input guide,30.701698303222656,0.9725468754768372,0.06307590752840042
U90,603_img_.png,Cross-image guide,33.60337829589844,0.9849908947944641,0.038453374058008194
U90,604_img_.png,Cross-image guide,30.785900115966797,0.9753459095954895,0.06979198753833771
U90,603_img_.png,Full spatial guide,33.444278717041016,0.9842734336853027,0.040232107043266296
U90,604_img_.png,Full spatial guide,31.098146438598633,0.9733025431632996,0.06455644965171814
U90,605_img_.png,Zero guide,21.891834259033203,0.8995936512947083,0.13638432323932648
U90,6062.png,Zero guide,20.199195861816406,0.9088799357414246,0.0509728342294693
U90,605_img_.png,Uniform guide,27.805278778076172,0.9579870104789734,0.05430500954389572
U90,6062.png,Uniform guide,18.387393951416016,0.9224147200584412,0.04130733385682106
U90,605_img_.png,Raw-input guide,30.161514282226562,0.9723038077354431,0.04009724408388138
U90,6062.png,Raw-input guide,23.316303253173828,0.9162318706512451,0.04468284919857979
U90,605_img_.png,Cross-image guide,19.717058181762695,0.8398866653442383,0.1591344028711319
U90,6062.png,Cross-image guide,18.955659866333008,0.9347785115242004,0.041693441569805145
U90,605_img_.png,Full spatial guide,31.03432846069336,0.975429356098175,0.0372503362596035
U90,6062.png,Full spatial guide,23.322486877441406,0.9157773852348328,0.046769049018621445
U90,6082.png,Zero guide,24.036359786987305,0.9443724751472473,0.10676509141921997
U90,6788.png,Zero guide,21.58899688720703,0.955650806427002,0.08927062153816223
U90,6082.png,Uniform guide,22.947956085205078,0.9011712670326233,0.14741526544094086
U90,6788.png,Uniform guide,22.208250045776367,0.969720184803009,0.07475467026233673
U90,6082.png,Raw-input guide,22.756383895874023,0.8991082310676575,0.14053845405578613
U90,6788.png,Raw-input guide,23.11111831665039,0.9719402194023132,0.06901511549949646
U90,6082.png,Cross-image guide,23.084430694580078,0.9135997295379639,0.1751652956008911
U90,6788.png,Cross-image guide,24.939838409423828,0.976938009262085,0.07984916120767593
U90,6082.png,Full spatial guide,22.56269073486328,0.8980429768562317,0.14011095464229584
U90,6788.png,Full spatial guide,23.866954803466797,0.9749271869659424,0.07120396196842194
U90,6820.png,Zero guide,27.868324279785156,0.9683302044868469,0.035353973507881165
U90,8010.png,Zero guide,22.936494827270508,0.914671003818512,0.09866318851709366
U90,6820.png,Uniform guide,28.576650619506836,0.9644437432289124,0.0227876678109169
U90,8010.png,Uniform guide,26.894004821777344,0.9667821526527405,0.08114708214998245
U90,6820.png,Raw-input guide,27.54389762878418,0.9568455219268799,0.028254065662622452
U90,8010.png,Raw-input guide,26.111095428466797,0.9638247489929199,0.10574771463871002
U90,6820.png,Cross-image guide,28.706039428710938,0.9593576788902283,0.02442551776766777
U90,8010.png,Cross-image guide,27.440338134765625,0.9677109718322754,0.10057111829519272
U90,6820.png,Full spatial guide,27.567293167114258,0.9551312923431396,0.027652697637677193
U90,8010.png,Full spatial guide,26.925878524780273,0.9655539393424988,0.1015031561255455
U90,8046.png,Zero guide,19.219106674194336,0.9372282028198242,0.11035216599702835
U90,82_img_.png,Zero guide,28.132169723510742,0.9831244349479675,0.08663827180862427
U90,8046.png,Uniform guide,25.7724552154541,0.976959764957428,0.05901999771595001
U90,82_img_.png,Uniform guide,21.044910430908203,0.8864107131958008,0.13410253822803497
U90,8046.png,Raw-input guide,26.801549911499023,0.97872394323349,0.05057268962264061
U90,82_img_.png,Raw-input guide,21.049373626708984,0.8873961567878723,0.1360599845647812
U90,8046.png,Cross-image guide,22.99015235900879,0.9573407173156738,0.10240235924720764
U90,82_img_.png,Cross-image guide,21.34426498413086,0.9350818991661072,0.2384546399116516
U90,8046.png,Full spatial guide,27.018911361694336,0.979002058506012,0.04913529008626938
U90,82_img_.png,Full spatial guide,21.100502014160156,0.8883740901947021,0.134518101811409
U90,86_img_.png,Zero guide,14.60192584991455,0.7714164853096008,0.21168909966945648
U90,87_img_.png,Zero guide,22.60965347290039,0.8756165504455566,0.11390294134616852
U90,86_img_.png,Uniform guide,13.777297973632812,0.7487521767616272,0.25961101055145264
U90,87_img_.png,Uniform guide,32.0411262512207,0.9679663181304932,0.027776749804615974
U90,86_img_.png,Raw-input guide,17.82776641845703,0.8308711647987366,0.10040142387151718
U90,87_img_.png,Raw-input guide,32.13288497924805,0.9705831408500671,0.027703944593667984
U90,86_img_.png,Cross-image guide,16.525712966918945,0.7969884872436523,0.12988755106925964
U90,87_img_.png,Cross-image guide,29.095233917236328,0.9602876305580139,0.05313129350543022
U90,86_img_.png,Full spatial guide,17.89785385131836,0.8329057693481445,0.09891811013221741
U90,87_img_.png,Full spatial guide,32.21173095703125,0.9710452556610107,0.026964597404003143
U90,89_img_.png,Zero guide,26.49803352355957,0.9650935530662537,0.06395681202411652
U90,90_img_.png,Zero guide,21.322208404541016,0.8646190166473389,0.11947546899318695
U90,89_img_.png,Uniform guide,24.868457794189453,0.9242570996284485,0.06681472063064575
U90,90_img_.png,Uniform guide,29.51506805419922,0.9444208741188049,0.023591794073581696
U90,89_img_.png,Raw-input guide,22.158187866210938,0.9008684754371643,0.08948556333780289
U90,90_img_.png,Raw-input guide,31.242616653442383,0.9540851712226868,0.02328583411872387
U90,89_img_.png,Cross-image guide,20.443191528320312,0.8597407937049866,0.11462496221065521
U90,90_img_.png,Cross-image guide,24.627267837524414,0.927786648273468,0.07890179753303528
U90,89_img_.png,Full spatial guide,22.1416072845459,0.9034941792488098,0.09227420389652252
U90,90_img_.png,Full spatial guide,31.283203125,0.9573357701301575,0.022281300276517868
U90,928_img_.png,Zero guide,21.015932083129883,0.8062474131584167,0.11935557425022125
U90,929_img_.png,Zero guide,21.49703025817871,0.818871796131134,0.09678418934345245
U90,928_img_.png,Uniform guide,20.865516662597656,0.8409267067909241,0.10330269485712051
U90,929_img_.png,Uniform guide,25.151885986328125,0.9316985011100769,0.0552983433008194
U90,928_img_.png,Raw-input guide,22.387557983398438,0.8546767234802246,0.08835488557815552
U90,929_img_.png,Raw-input guide,25.372669219970703,0.9300376772880554,0.050160184502601624
U90,928_img_.png,Cross-image guide,23.587379455566406,0.8552021384239197,0.08282791078090668
U90,929_img_.png,Cross-image guide,26.86037254333496,0.9355702996253967,0.04764785245060921
U90,928_img_.png,Full spatial guide,22.405006408691406,0.8556830286979675,0.08808743208646774
U90,929_img_.png,Full spatial guide,25.302946090698242,0.9298623204231262,0.05040108412504196
U90,9547.png,Zero guide,18.35289764404297,0.9288732409477234,0.11657999455928802
U90,9554.png,Zero guide,24.749927520751953,0.9155049324035645,0.0858069509267807
U90,9547.png,Uniform guide,18.650772094726562,0.9275792241096497,0.10512853413820267
U90,9554.png,Uniform guide,24.132339477539062,0.967856228351593,0.04213317856192589
U90,9547.png,Raw-input guide,19.004976272583008,0.9190849661827087,0.11876840889453888
U90,9554.png,Raw-input guide,23.455427169799805,0.9693488478660583,0.037630725651979446
U90,9547.png,Cross-image guide,17.835205078125,0.9171817898750305,0.12645451724529266
U90,9554.png,Cross-image guide,22.572723388671875,0.9654396176338196,0.04537609964609146
U90,9547.png,Full spatial guide,19.062122344970703,0.9191484451293945,0.11719230562448502
U90,9554.png,Full spatial guide,23.450183868408203,0.969471275806427,0.037143684923648834
U90,9557.png,Zero guide,22.081174850463867,0.841242790222168,0.14425036311149597
U90,9567.png,Zero guide,29.668106079101562,0.9749849438667297,0.046030718833208084
U90,9557.png,Uniform guide,24.97591209411621,0.964634120464325,0.0408061146736145
U90,9567.png,Uniform guide,28.099506378173828,0.9555485844612122,0.06498949229717255
U90,9557.png,Raw-input guide,25.47625732421875,0.9673523902893066,0.03855147585272789
U90,9567.png,Raw-input guide,28.669023513793945,0.9645557999610901,0.06221529468894005
U90,9557.png,Cross-image guide,20.869911193847656,0.9354187846183777,0.1129874736070633
U90,9567.png,Cross-image guide,24.970577239990234,0.9565999507904053,0.07014235854148865
U90,9557.png,Full spatial guide,26.131317138671875,0.9694020748138428,0.03512562811374664
U90,9567.png,Full spatial guide,28.665693283081055,0.9648932814598083,0.06286727637052536
U90,9896.png,Zero guide,19.28693389892578,0.8164389133453369,0.09959427267313004
U90,9900.png,Zero guide,19.333839416503906,0.818333625793457,0.15892279148101807
U90,9896.png,Uniform guide,17.720829010009766,0.7724323272705078,0.12113849818706512
U90,9900.png,Uniform guide,17.578636169433594,0.7698936462402344,0.18190351128578186
U90,9896.png,Raw-input guide,25.306947708129883,0.9131967425346375,0.05692446231842041
U90,9900.png,Raw-input guide,21.58920669555664,0.8888859748840332,0.08884137123823166
U90,9896.png,Cross-image guide,21.61553192138672,0.8480722904205322,0.0748186707496643
U90,9900.png,Cross-image guide,20.20208740234375,0.772028386592865,0.13053451478481293
U90,9896.png,Full spatial guide,25.32830810546875,0.9103360176086426,0.057175565510988235
U90,9900.png,Full spatial guide,21.378643035888672,0.8839492797851562,0.09379967302083969
LSUI,1003.jpg,Zero guide,18.056962966918945,0.8155387043952942,0.2457050085067749
LSUI,1004.jpg,Zero guide,26.932106018066406,0.9733452200889587,0.0623936802148819
LSUI,1003.jpg,Uniform guide,32.821537017822266,0.9319305419921875,0.0634690448641777
LSUI,1004.jpg,Uniform guide,26.548545837402344,0.963104248046875,0.019278351217508316
LSUI,1003.jpg,Raw-input guide,31.885398864746094,0.9303385615348816,0.06617408990859985
LSUI,1004.jpg,Raw-input guide,32.12272262573242,0.9837072491645813,0.013953736051917076
LSUI,1003.jpg,Cross-image guide,26.470014572143555,0.9219992756843567,0.12236913293600082
LSUI,1004.jpg,Cross-image guide,26.94789695739746,0.9704293608665466,0.029993336647748947
LSUI,1003.jpg,Full spatial guide,31.554710388183594,0.9298107624053955,0.06621290743350983
LSUI,1004.jpg,Full spatial guide,32.512779235839844,0.9843501448631287,0.013841665349900723
LSUI,1005.jpg,Zero guide,18.77667999267578,0.8902153372764587,0.15881572663784027
LSUI,1006.jpg,Zero guide,19.49077606201172,0.9159566760063171,0.14772379398345947
LSUI,1005.jpg,Uniform guide,36.21037673950195,0.9738453030586243,0.028787855058908463
LSUI,1006.jpg,Uniform guide,37.214134216308594,0.9763402342796326,0.0245024673640728
LSUI,1005.jpg,Raw-input guide,34.691070556640625,0.973153829574585,0.034207772463560104
LSUI,1006.jpg,Raw-input guide,37.55338668823242,0.9768875241279602,0.02646492049098015
LSUI,1005.jpg,Cross-image guide,33.719295501708984,0.9723048806190491,0.06498569250106812
LSUI,1006.jpg,Cross-image guide,30.72657012939453,0.973499059677124,0.08348642289638519
LSUI,1005.jpg,Full spatial guide,34.16324996948242,0.9727937579154968,0.03378959000110626
LSUI,1006.jpg,Full spatial guide,37.54746627807617,0.976961612701416,0.025972921401262283
LSUI,1007.jpg,Zero guide,21.206947326660156,0.9453160166740417,0.07903338968753815
LSUI,1008.jpg,Zero guide,21.899507522583008,0.9440595507621765,0.08280456811189651
LSUI,1007.jpg,Uniform guide,36.187652587890625,0.9875950217247009,0.024520888924598694
LSUI,1008.jpg,Uniform guide,32.08302307128906,0.982271671295166,0.020798008888959885
LSUI,1007.jpg,Raw-input guide,36.053035736083984,0.9877417087554932,0.02907436713576317
LSUI,1008.jpg,Raw-input guide,34.86146545410156,0.9853274822235107,0.024496806785464287
LSUI,1007.jpg,Cross-image guide,34.61248016357422,0.9871212840080261,0.027521997690200806
LSUI,1008.jpg,Cross-image guide,34.34107208251953,0.9844515323638916,0.02129695750772953
LSUI,1007.jpg,Full spatial guide,35.9008674621582,0.9876683354377747,0.027708563953638077
LSUI,1008.jpg,Full spatial guide,35.442996978759766,0.9855954647064209,0.02315826155245304
LSUI,1009.jpg,Zero guide,22.85188865661621,0.9554948806762695,0.057565972208976746
LSUI,1010.jpg,Zero guide,25.515108108520508,0.9625586867332458,0.09142719954252243
LSUI,1009.jpg,Uniform guide,31.352235794067383,0.9837736487388611,0.02440214529633522
LSUI,1010.jpg,Uniform guide,29.70392417907715,0.9818258881568909,0.02069728448987007
LSUI,1009.jpg,Raw-input guide,32.42193603515625,0.9845457077026367,0.027670787647366524
LSUI,1010.jpg,Raw-input guide,33.61335372924805,0.9843547940254211,0.013769053854048252
LSUI,1009.jpg,Cross-image guide,15.725753784179688,0.8849337697029114,0.2527233958244324
LSUI,1010.jpg,Cross-image guide,21.186859130859375,0.9387161731719971,0.10417133569717407
LSUI,1009.jpg,Full spatial guide,32.98155212402344,0.9848676323890686,0.02686462737619877
LSUI,1010.jpg,Full spatial guide,36.579288482666016,0.9847090840339661,0.013458546251058578
LSUI,1011.jpg,Zero guide,25.73868179321289,0.9658570289611816,0.07457336783409119
LSUI,1012.jpg,Zero guide,21.816654205322266,0.93854159116745,0.06923040747642517
LSUI,1011.jpg,Uniform guide,25.461315155029297,0.9729480743408203,0.031181981787085533
LSUI,1012.jpg,Uniform guide,35.68708038330078,0.986380398273468,0.015494067221879959
LSUI,1011.jpg,Raw-input guide,27.126148223876953,0.9785778522491455,0.032479651272296906
LSUI,1012.jpg,Raw-input guide,34.36135482788086,0.9859593510627747,0.0165238194167614
LSUI,1011.jpg,Cross-image guide,26.721927642822266,0.9771449565887451,0.050867460668087006
LSUI,1012.jpg,Cross-image guide,18.332866668701172,0.9047940373420715,0.13766930997371674
LSUI,1011.jpg,Full spatial guide,27.78687286376953,0.9801707863807678,0.02949507161974907
LSUI,1012.jpg,Full spatial guide,33.624786376953125,0.9854891300201416,0.016168072819709778
LSUI,1013.jpg,Zero guide,27.229827880859375,0.9683268666267395,0.06290758401155472
LSUI,1014.jpg,Zero guide,21.618234634399414,0.9203785061836243,0.1205076351761818
LSUI,1013.jpg,Uniform guide,26.226497650146484,0.9319384694099426,0.028440188616514206
LSUI,1014.jpg,Uniform guide,34.61014175415039,0.9650754332542419,0.04769294708967209
LSUI,1013.jpg,Raw-input guide,26.407604217529297,0.9556358456611633,0.025179283693432808
LSUI,1014.jpg,Raw-input guide,26.86221694946289,0.9421318173408508,0.09007103741168976
LSUI,1013.jpg,Cross-image guide,28.728601455688477,0.9584972858428955,0.03668579086661339
LSUI,1014.jpg,Cross-image guide,21.910171508789062,0.8771517276763916,0.10644996911287308
LSUI,1013.jpg,Full spatial guide,26.338502883911133,0.9552502036094666,0.026068996638059616
LSUI,1014.jpg,Full spatial guide,26.396739959716797,0.9445953369140625,0.08512759208679199
LSUI,1015.jpg,Zero guide,22.983877182006836,0.9316157698631287,0.1400764137506485
LSUI,1016.jpg,Zero guide,21.586017608642578,0.9128248691558838,0.0988696813583374
LSUI,1015.jpg,Uniform guide,28.42618751525879,0.9664983749389648,0.05006304755806923
LSUI,1016.jpg,Uniform guide,25.227554321289062,0.9628612399101257,0.052151430398225784
LSUI,1015.jpg,Raw-input guide,24.35391616821289,0.9444606900215149,0.07598812878131866
LSUI,1016.jpg,Raw-input guide,25.6068115234375,0.96097332239151,0.05274351313710213
LSUI,1015.jpg,Cross-image guide,23.774505615234375,0.9450313448905945,0.07670383900403976
LSUI,1016.jpg,Cross-image guide,21.38829803466797,0.8436887264251709,0.11608770489692688
LSUI,1015.jpg,Full spatial guide,23.768104553222656,0.9401912689208984,0.08387793600559235
LSUI,1016.jpg,Full spatial guide,25.521766662597656,0.9607439041137695,0.054088711738586426
LSUI,1017.jpg,Zero guide,18.857818603515625,0.9218051433563232,0.10315950214862823
LSUI,1018.jpg,Zero guide,25.344871520996094,0.956143319606781,0.0546111986041069
LSUI,1017.jpg,Uniform guide,22.211650848388672,0.9587554931640625,0.04166804254055023
LSUI,1018.jpg,Uniform guide,29.347116470336914,0.9758149981498718,0.048672765493392944
LSUI,1017.jpg,Raw-input guide,21.038639068603516,0.9534762501716614,0.0581388883292675
LSUI,1018.jpg,Raw-input guide,30.731611251831055,0.9778957366943359,0.0373992845416069
LSUI,1017.jpg,Cross-image guide,17.33566665649414,0.900677502155304,0.2350967824459076
LSUI,1018.jpg,Cross-image guide,28.04898452758789,0.9641828536987305,0.03954005241394043
LSUI,1017.jpg,Full spatial guide,21.063539505004883,0.9525575637817383,0.056587863713502884
LSUI,1018.jpg,Full spatial guide,30.00870704650879,0.9776867032051086,0.04317270591855049
LSUI,1019.jpg,Zero guide,30.742557525634766,0.9709189534187317,0.020961087197065353
LSUI,1020.jpg,Zero guide,26.554447174072266,0.9660455584526062,0.0540725477039814
LSUI,1019.jpg,Uniform guide,31.596229553222656,0.9676396250724792,0.03486781194806099
LSUI,1020.jpg,Uniform guide,27.363773345947266,0.9699487090110779,0.03312554955482483
LSUI,1019.jpg,Raw-input guide,32.30085754394531,0.9769734740257263,0.019699471071362495
LSUI,1020.jpg,Raw-input guide,34.38294982910156,0.983846127986908,0.02287791669368744
LSUI,1019.jpg,Cross-image guide,29.217559814453125,0.9827990531921387,0.03894535079598427
LSUI,1020.jpg,Cross-image guide,35.20786666870117,0.9803087711334229,0.017729900777339935
LSUI,1019.jpg,Full spatial guide,32.158084869384766,0.9764654636383057,0.01943778432905674
LSUI,1020.jpg,Full spatial guide,34.09363555908203,0.9823456406593323,0.02272631600499153
LSUI,1021.jpg,Zero guide,25.278400421142578,0.8370604515075684,0.06388161331415176
LSUI,1022.jpg,Zero guide,20.885581970214844,0.9431969523429871,0.1610802412033081
LSUI,1021.jpg,Uniform guide,40.943115234375,0.9789102673530579,0.01370487455278635
LSUI,1022.jpg,Uniform guide,22.601716995239258,0.957133948802948,0.04089881479740143
LSUI,1021.jpg,Raw-input guide,39.916587829589844,0.9803659319877625,0.014359214343130589
LSUI,1022.jpg,Raw-input guide,22.967941284179688,0.9587699770927429,0.039917029440402985
LSUI,1021.jpg,Cross-image guide,26.636516571044922,0.8427299857139587,0.08547144383192062
LSUI,1022.jpg,Cross-image guide,21.297027587890625,0.9468901753425598,0.1642659455537796
LSUI,1021.jpg,Full spatial guide,39.77907943725586,0.9803791046142578,0.01442540343850851
LSUI,1022.jpg,Full spatial guide,23.023014068603516,0.9589409828186035,0.03746534138917923
LSUI,1023.jpg,Zero guide,21.04172706604004,0.9402194023132324,0.08348743617534637
LSUI,1024.jpg,Zero guide,15.640626907348633,0.7743784785270691,0.10946666449308395
LSUI,1023.jpg,Uniform guide,33.5802001953125,0.9833757281303406,0.02873225323855877
LSUI,1024.jpg,Uniform guide,22.72528839111328,0.908414363861084,0.08736711740493774
LSUI,1023.jpg,Raw-input guide,34.46595001220703,0.9838325381278992,0.033917322754859924
LSUI,1024.jpg,Raw-input guide,22.071117401123047,0.901975154876709,0.09850306063890457
LSUI,1023.jpg,Cross-image guide,31.775104522705078,0.9819409251213074,0.06642451137304306
LSUI,1024.jpg,Cross-image guide,21.830617904663086,0.9006398320198059,0.09996610879898071
LSUI,1023.jpg,Full spatial guide,35.00057601928711,0.9840359687805176,0.03181615099310875
LSUI,1024.jpg,Full spatial guide,21.964731216430664,0.9009899497032166,0.09931812435388565
LSUI,1025.jpg,Zero guide,18.535789489746094,0.8822104334831238,0.12407001852989197
LSUI,1026.jpg,Zero guide,17.251026153564453,0.8422935009002686,0.09252526611089706
LSUI,1025.jpg,Uniform guide,31.137588500976562,0.968515932559967,0.03661476448178291
LSUI,1026.jpg,Uniform guide,25.550138473510742,0.9478240013122559,0.054946884512901306
LSUI,1025.jpg,Raw-input guide,30.73471450805664,0.9690300822257996,0.04001152515411377
LSUI,1026.jpg,Raw-input guide,24.704397201538086,0.9441921710968018,0.06111288443207741
LSUI,1025.jpg,Cross-image guide,30.46287727355957,0.9688580632209778,0.036683499813079834
LSUI,1026.jpg,Cross-image guide,24.505001068115234,0.9420639872550964,0.07252289354801178
LSUI,1025.jpg,Full spatial guide,30.567476272583008,0.9689369201660156,0.040286898612976074
LSUI,1026.jpg,Full spatial guide,24.568450927734375,0.9436102509498596,0.061334360390901566
LSUI,1027.jpg,Zero guide,17.645050048828125,0.8523246645927429,0.15496671199798584
LSUI,1028.jpg,Zero guide,25.341989517211914,0.9303128719329834,0.13022194802761078
LSUI,1027.jpg,Uniform guide,30.0678653717041,0.9584941864013672,0.03634016960859299
LSUI,1028.jpg,Uniform guide,31.185646057128906,0.9729977250099182,0.05401880294084549
LSUI,1027.jpg,Raw-input guide,29.344148635864258,0.9576699733734131,0.0401528924703598
LSUI,1028.jpg,Raw-input guide,29.77361297607422,0.9706788659095764,0.0628543570637703
LSUI,1027.jpg,Cross-image guide,19.564144134521484,0.9109284281730652,0.24235081672668457
LSUI,1028.jpg,Cross-image guide,28.226041793823242,0.9689481258392334,0.07244187593460083
LSUI,1027.jpg,Full spatial guide,29.145076751708984,0.9573433995246887,0.03971877321600914
LSUI,1028.jpg,Full spatial guide,30.914722442626953,0.9714567065238953,0.04901796206831932
LSUI,1029.jpg,Zero guide,17.973262786865234,0.8138465285301208,0.3414127230644226
LSUI,1030.jpg,Zero guide,22.811994552612305,0.9326744079589844,0.11401840299367905
LSUI,1029.jpg,Uniform guide,20.907838821411133,0.8885197639465332,0.16978012025356293
LSUI,1030.jpg,Uniform guide,35.329532623291016,0.977092981338501,0.03046135976910591
LSUI,1029.jpg,Raw-input guide,19.122814178466797,0.8553946614265442,0.2313368022441864
LSUI,1030.jpg,Raw-input guide,32.87144088745117,0.9746469855308533,0.038666024804115295
LSUI,1029.jpg,Cross-image guide,23.90447425842285,0.9187496304512024,0.14482447504997253
LSUI,1030.jpg,Cross-image guide,27.418289184570312,0.9716622233390808,0.09169216454029083
LSUI,1029.jpg,Full spatial guide,18.123018264770508,0.8359196782112122,0.2972128093242645
LSUI,1030.jpg,Full spatial guide,34.10548782348633,0.9743900895118713,0.030209636315703392
LSUI,1031.jpg,Zero guide,16.385440826416016,0.7790183424949646,0.4012688398361206
LSUI,1032.jpg,Zero guide,25.17001724243164,0.9617192149162292,0.08490142226219177
LSUI,1031.jpg,Uniform guide,16.655109405517578,0.8059834837913513,0.31206947565078735
LSUI,1032.jpg,Uniform guide,29.721553802490234,0.98191237449646,0.026247631758451462
LSUI,1031.jpg,Raw-input guide,16.24129867553711,0.790963888168335,0.34843581914901733
LSUI,1032.jpg,Raw-input guide,33.63858413696289,0.9845549464225769,0.014985254965722561
LSUI,1031.jpg,Cross-image guide,16.01426124572754,0.8334847092628479,0.39408379793167114
LSUI,1032.jpg,Cross-image guide,24.90311622619629,0.9671788215637207,0.0894031822681427
LSUI,1031.jpg,Full spatial guide,16.140140533447266,0.790820300579071,0.37339240312576294
LSUI,1032.jpg,Full spatial guide,36.35823440551758,0.9845355153083801,0.01252102479338646
LSUI,1033.jpg,Zero guide,16.19666290283203,0.7070810198783875,0.3801847994327545
LSUI,1034.jpg,Zero guide,24.623231887817383,0.9742968678474426,0.14330634474754333
LSUI,1033.jpg,Uniform guide,22.279264450073242,0.892357349395752,0.1321261078119278
LSUI,1034.jpg,Uniform guide,27.618488311767578,0.9763240814208984,0.1085285022854805
LSUI,1033.jpg,Raw-input guide,19.154447555541992,0.845003068447113,0.1870843768119812
LSUI,1034.jpg,Raw-input guide,30.828693389892578,0.9819771647453308,0.0868275910615921
LSUI,1033.jpg,Cross-image guide,18.005908966064453,0.8267841339111328,0.21565335988998413
LSUI,1034.jpg,Cross-image guide,32.75749588012695,0.9826578497886658,0.04324065521359444
LSUI,1033.jpg,Full spatial guide,18.389650344848633,0.8301027417182922,0.19682677090168
LSUI,1034.jpg,Full spatial guide,33.18592834472656,0.9828982949256897,0.05314255505800247
LSUI,1035.jpg,Zero guide,31.696331024169922,0.977053701877594,0.09364008158445358
LSUI,1036.jpg,Zero guide,22.863950729370117,0.9490486979484558,0.1486295461654663
LSUI,1035.jpg,Uniform guide,27.76880645751953,0.9656221270561218,0.10020248591899872
LSUI,1036.jpg,Uniform guide,30.051424026489258,0.9706392288208008,0.06233789026737213
LSUI,1035.jpg,Raw-input guide,32.6646728515625,0.9815412163734436,0.06820835173130035
LSUI,1036.jpg,Raw-input guide,30.264127731323242,0.9707152247428894,0.07027733325958252
LSUI,1035.jpg,Cross-image guide,25.93100357055664,0.9640372395515442,0.11982005834579468
LSUI,1036.jpg,Cross-image guide,28.28697395324707,0.9689280986785889,0.09610506892204285
LSUI,1035.jpg,Full spatial guide,33.89607238769531,0.9815678596496582,0.05726440250873566
LSUI,1036.jpg,Full spatial guide,30.949321746826172,0.9714598655700684,0.05456358939409256
LSUI,1037.jpg,Zero guide,27.32375717163086,0.9642639756202698,0.20891985297203064
LSUI,1038.jpg,Zero guide,29.13494110107422,0.9582216143608093,0.14525076746940613
LSUI,1037.jpg,Uniform guide,32.9278564453125,0.9776487350463867,0.08307673782110214
LSUI,1038.jpg,Uniform guide,25.989286422729492,0.9599499702453613,0.1379965990781784
LSUI,1037.jpg,Raw-input guide,32.83967208862305,0.9780898094177246,0.08176134526729584
LSUI,1038.jpg,Raw-input guide,27.111005783081055,0.9585325121879578,0.13223522901535034
LSUI,1037.jpg,Cross-image guide,24.506147384643555,0.9698483943939209,0.20577087998390198
LSUI,1038.jpg,Cross-image guide,26.628650665283203,0.9600920081138611,0.131424680352211
LSUI,1037.jpg,Full spatial guide,33.9896354675293,0.9786279201507568,0.07279036939144135
LSUI,1038.jpg,Full spatial guide,26.157882690429688,0.9625535011291504,0.13649442791938782
LSUI,1039.jpg,Zero guide,19.032304763793945,0.9035040736198425,0.18204759061336517
LSUI,1040.jpg,Zero guide,21.804855346679688,0.8928513526916504,0.21049010753631592
LSUI,1039.jpg,Uniform guide,35.543678283691406,0.9773939251899719,0.028705168515443802
LSUI,1040.jpg,Uniform guide,31.143505096435547,0.9690982699394226,0.055412523448467255
LSUI,1039.jpg,Raw-input guide,31.77978515625,0.9766486287117004,0.038260310888290405
LSUI,1040.jpg,Raw-input guide,33.2900276184082,0.9690113663673401,0.05918434262275696
LSUI,1039.jpg,Cross-image guide,29.87879753112793,0.9771364331245422,0.040968988090753555
LSUI,1040.jpg,Cross-image guide,31.253875732421875,0.9686183929443359,0.05805713310837746
LSUI,1039.jpg,Full spatial guide,32.06969451904297,0.9779727458953857,0.02969319373369217
LSUI,1040.jpg,Full spatial guide,33.723052978515625,0.9686694145202637,0.0533003956079483
LSUI,1041.jpg,Zero guide,20.451522827148438,0.8350467681884766,0.1707542985677719
LSUI,1042.jpg,Zero guide,22.70796012878418,0.9080531001091003,0.12461194396018982
LSUI,1041.jpg,Uniform guide,32.467586517333984,0.9681188464164734,0.03442901000380516
LSUI,1042.jpg,Uniform guide,22.31424331665039,0.9161679744720459,0.13668009638786316
LSUI,1041.jpg,Raw-input guide,34.437496185302734,0.976019561290741,0.035582445561885834
LSUI,1042.jpg,Raw-input guide,29.323455810546875,0.9667744040489197,0.06411126255989075
LSUI,1041.jpg,Cross-image guide,15.239076614379883,0.7409659028053284,0.2547489404678345
LSUI,1042.jpg,Cross-image guide,21.5477352142334,0.7807140350341797,0.15170833468437195
LSUI,1041.jpg,Full spatial guide,33.094364166259766,0.9698103070259094,0.033532995730638504
LSUI,1042.jpg,Full spatial guide,30.391061782836914,0.9707341194152832,0.0537332221865654
LSUI,1043.jpg,Zero guide,20.76788902282715,0.8526405692100525,0.1735200583934784
LSUI,1044.jpg,Zero guide,17.51531410217285,0.7654612064361572,0.3195730447769165
LSUI,1043.jpg,Uniform guide,26.454051971435547,0.9611599445343018,0.04442814365029335
LSUI,1044.jpg,Uniform guide,26.589433670043945,0.9373555779457092,0.07998158037662506
LSUI,1043.jpg,Raw-input guide,26.850200653076172,0.9610282778739929,0.06416907161474228
LSUI,1044.jpg,Raw-input guide,25.500324249267578,0.929924488067627,0.09125245362520218
LSUI,1043.jpg,Cross-image guide,25.17111587524414,0.9535699486732483,0.13848017156124115
LSUI,1044.jpg,Cross-image guide,25.62451934814453,0.9288918375968933,0.09698399901390076
LSUI,1043.jpg,Full spatial guide,26.530588150024414,0.9615529179573059,0.04412073642015457
LSUI,1044.jpg,Full spatial guide,26.307031631469727,0.935239315032959,0.08168159425258636
LSUI,1045.jpg,Zero guide,16.08861541748047,0.821490466594696,0.3575972616672516
LSUI,1046.jpg,Zero guide,19.233367919921875,0.8785163760185242,0.21230940520763397
LSUI,1045.jpg,Uniform guide,18.83198356628418,0.8917496800422668,0.17738327383995056
LSUI,1046.jpg,Uniform guide,33.2703971862793,0.9769608974456787,0.03042038530111313
LSUI,1045.jpg,Raw-input guide,16.890300750732422,0.864098072052002,0.2374517023563385
LSUI,1046.jpg,Raw-input guide,31.692302703857422,0.9726988673210144,0.04601994901895523
LSUI,1045.jpg,Cross-image guide,19.533723831176758,0.8992337584495544,0.17303036153316498
LSUI,1046.jpg,Cross-image guide,29.980127334594727,0.9649552702903748,0.06577406823635101
LSUI,1045.jpg,Full spatial guide,16.821619033813477,0.8652278780937195,0.22937200963497162
LSUI,1046.jpg,Full spatial guide,32.935264587402344,0.9743586182594299,0.03418324142694473
LSUI,1047.jpg,Zero guide,20.967042922973633,0.9319851994514465,0.16366010904312134
LSUI,1048.jpg,Zero guide,23.791019439697266,0.8883606791496277,0.13276812434196472
LSUI,1047.jpg,Uniform guide,24.35610008239746,0.9650467038154602,0.03200811892747879
LSUI,1048.jpg,Uniform guide,30.36541748046875,0.9669759273529053,0.03137519955635071
LSUI,1047.jpg,Raw-input guide,24.187698364257812,0.9625722765922546,0.03237941116094589
LSUI,1048.jpg,Raw-input guide,29.583932876586914,0.9608917832374573,0.047599103301763535
LSUI,1047.jpg,Cross-image guide,24.688121795654297,0.967716634273529,0.0820477157831192
LSUI,1048.jpg,Cross-image guide,29.471538543701172,0.9535613059997559,0.03822934627532959
LSUI,1047.jpg,Full spatial guide,24.34744644165039,0.9623498320579529,0.04445124790072441
LSUI,1048.jpg,Full spatial guide,31.137008666992188,0.9582920670509338,0.031299903988838196
LSUI,1049.jpg,Zero guide,22.578510284423828,0.8897765278816223,0.1360044777393341
LSUI,1050.jpg,Zero guide,24.444873809814453,0.9177865386009216,0.14126349985599518
LSUI,1049.jpg,Uniform guide,31.30784034729004,0.9794782996177673,0.02039402350783348
LSUI,1050.jpg,Uniform guide,33.48026657104492,0.9792618155479431,0.03646896779537201
LSUI,1049.jpg,Raw-input guide,29.021642684936523,0.9729613661766052,0.026524171233177185
LSUI,1050.jpg,Raw-input guide,31.294546127319336,0.9777600765228271,0.05492929369211197
LSUI,1049.jpg,Cross-image guide,29.054065704345703,0.9726501107215881,0.02619773894548416
LSUI,1050.jpg,Cross-image guide,33.091609954833984,0.9792637228965759,0.03684001415967941
LSUI,1049.jpg,Full spatial guide,30.284427642822266,0.9741761088371277,0.023881878703832626
LSUI,1050.jpg,Full spatial guide,33.32176971435547,0.9793686866760254,0.03394751250743866
LSUI,1051.jpg,Zero guide,25.604658126831055,0.9431226849555969,0.1492108851671219
LSUI,1052.jpg,Zero guide,23.49419403076172,0.9102439284324646,0.11071674525737762
LSUI,1051.jpg,Uniform guide,32.74713897705078,0.9798141121864319,0.03628944233059883
LSUI,1052.jpg,Uniform guide,21.565303802490234,0.9096023440361023,0.14152903854846954
LSUI,1051.jpg,Raw-input guide,29.60556411743164,0.9773305058479309,0.05587735027074814
LSUI,1052.jpg,Raw-input guide,28.068849563598633,0.9631313681602478,0.06979835778474808
LSUI,1051.jpg,Cross-image guide,20.342632293701172,0.9385278820991516,0.21590732038021088
LSUI,1052.jpg,Cross-image guide,21.71402931213379,0.837432324886322,0.16174931824207306
LSUI,1051.jpg,Full spatial guide,31.813268661499023,0.97865891456604,0.03370833769440651
LSUI,1052.jpg,Full spatial guide,29.144718170166016,0.9680228233337402,0.05733177065849304
LSUI,1053.jpg,Zero guide,20.845823287963867,0.9122530817985535,0.12988483905792236
LSUI,1054.jpg,Zero guide,20.6931209564209,0.855373203754425,0.33308714628219604
LSUI,1053.jpg,Uniform guide,34.87290954589844,0.985804557800293,0.016292642802000046
LSUI,1054.jpg,Uniform guide,27.794185638427734,0.9384395480155945,0.11942420899868011
LSUI,1053.jpg,Raw-input guide,31.035137176513672,0.9811236262321472,0.02534034475684166
LSUI,1054.jpg,Raw-input guide,27.487743377685547,0.9367993474006653,0.13348937034606934
LSUI,1053.jpg,Cross-image guide,30.17087745666504,0.9738633036613464,0.030711624771356583
LSUI,1054.jpg,Cross-image guide,26.57865333557129,0.9344515800476074,0.15005433559417725
LSUI,1053.jpg,Full spatial guide,32.147178649902344,0.9821142554283142,0.01741044595837593
LSUI,1054.jpg,Full spatial guide,27.612998962402344,0.9358404278755188,0.1327553242444992
LSUI,1055.jpg,Zero guide,21.04946517944336,0.886127769947052,0.23827315866947174
LSUI,1056.jpg,Zero guide,22.8660888671875,0.8615595698356628,0.21575768291950226
LSUI,1055.jpg,Uniform guide,25.502750396728516,0.9463061690330505,0.0974724292755127
LSUI,1056.jpg,Uniform guide,30.13521385192871,0.9698424339294434,0.04253367334604263
LSUI,1055.jpg,Raw-input guide,25.665996551513672,0.946588933467865,0.13139206171035767
LSUI,1056.jpg,Raw-input guide,31.367881774902344,0.9647418856620789,0.06265687942504883
LSUI,1055.jpg,Cross-image guide,22.62838363647461,0.9416122436523438,0.1297253519296646
LSUI,1056.jpg,Cross-image guide,30.018159866333008,0.9670905470848083,0.0499759316444397
LSUI,1055.jpg,Full spatial guide,25.57828712463379,0.947119951248169,0.09466197341680527
LSUI,1056.jpg,Full spatial guide,31.464862823486328,0.9644854664802551,0.051320288330316544
LSUI,1057.jpg,Zero guide,24.347192764282227,0.9254701137542725,0.1245933398604393
LSUI,1058.jpg,Zero guide,20.280879974365234,0.8934435844421387,0.12477557361125946
LSUI,1057.jpg,Uniform guide,31.23377227783203,0.9840779900550842,0.030260005965828896
LSUI,1058.jpg,Uniform guide,35.8358039855957,0.9884913563728333,0.022205989807844162
LSUI,1057.jpg,Raw-input guide,31.566770553588867,0.9788622856140137,0.03380326181650162
LSUI,1058.jpg,Raw-input guide,37.01899719238281,0.9904217720031738,0.016705704852938652
LSUI,1057.jpg,Cross-image guide,29.963932037353516,0.9810101389884949,0.03939250484108925
LSUI,1058.jpg,Cross-image guide,30.731605529785156,0.9811004996299744,0.05036257207393646
LSUI,1057.jpg,Full spatial guide,31.42061996459961,0.9812453389167786,0.030176030471920967
LSUI,1058.jpg,Full spatial guide,36.67985153198242,0.9900462627410889,0.020802825689315796
LSUI,1059.jpg,Zero guide,25.41046142578125,0.9488803744316101,0.13799239695072174
LSUI,1060.jpg,Zero guide,17.834545135498047,0.8734548687934875,0.2201412320137024
LSUI,1059.jpg,Uniform guide,31.10767364501953,0.9773709177970886,0.04324861243367195
LSUI,1060.jpg,Uniform guide,29.063156127929688,0.9757259488105774,0.04530021548271179
LSUI,1059.jpg,Raw-input guide,28.772228240966797,0.9724828600883484,0.0433821827173233
LSUI,1060.jpg,Raw-input guide,27.92517852783203,0.9679307341575623,0.048465196043252945
LSUI,1059.jpg,Cross-image guide,29.578702926635742,0.9748496413230896,0.04600885510444641
LSUI,1060.jpg,Cross-image guide,26.82246971130371,0.9669384956359863,0.08732900768518448
LSUI,1059.jpg,Full spatial guide,29.08878517150879,0.9736369252204895,0.04226316511631012
LSUI,1060.jpg,Full spatial guide,28.152990341186523,0.9675028324127197,0.04786728322505951
LSUI,1061.jpg,Zero guide,22.60248565673828,0.9254621863365173,0.10252386331558228
LSUI,1062.jpg,Zero guide,17.100847244262695,0.767695963382721,0.37479251623153687
LSUI,1061.jpg,Uniform guide,36.02861022949219,0.988211452960968,0.01663598231971264
LSUI,1062.jpg,Uniform guide,19.259536743164062,0.8500648140907288,0.2509741187095642
LSUI,1061.jpg,Raw-input guide,34.42121887207031,0.9869114756584167,0.02044297382235527
LSUI,1062.jpg,Raw-input guide,17.843372344970703,0.833500862121582,0.2977869510650635
LSUI,1061.jpg,Cross-image guide,27.520980834960938,0.9774956703186035,0.08669658750295639
LSUI,1062.jpg,Cross-image guide,15.27269172668457,0.802563488483429,0.35784271359443665
LSUI,1061.jpg,Full spatial guide,35.095821380615234,0.9873785972595215,0.01812262460589409
LSUI,1062.jpg,Full spatial guide,17.60567283630371,0.828387975692749,0.2859204411506653
LSUI,1063.jpg,Zero guide,22.47621726989746,0.6218130588531494,0.19777074456214905
LSUI,1064.jpg,Zero guide,22.253707885742188,0.9286052584648132,0.11076617240905762
LSUI,1063.jpg,Uniform guide,18.92023277282715,0.580321729183197,0.2383040487766266
LSUI,1064.jpg,Uniform guide,29.090669631958008,0.9747933745384216,0.04426879808306694
LSUI,1063.jpg,Raw-input guide,21.949951171875,0.6189314723014832,0.17609575390815735
LSUI,1064.jpg,Raw-input guide,28.990076065063477,0.9723203778266907,0.053605545312166214
LSUI,1063.jpg,Cross-image guide,18.84506607055664,0.48494240641593933,0.2554352879524231
LSUI,1064.jpg,Cross-image guide,27.428720474243164,0.9716167449951172,0.06817051768302917
LSUI,1063.jpg,Full spatial guide,22.161283493041992,0.6216886043548584,0.16697420179843903
LSUI,1064.jpg,Full spatial guide,28.998003005981445,0.973583996295929,0.04325919225811958
LSUI,1065.jpg,Zero guide,25.851476669311523,0.9112647175788879,0.16818392276763916
LSUI,1066.jpg,Zero guide,24.76681900024414,0.9030687212944031,0.1853393018245697
LSUI,1065.jpg,Uniform guide,27.039663314819336,0.9627310633659363,0.10230612754821777
LSUI,1066.jpg,Uniform guide,32.775596618652344,0.9610063433647156,0.05043734237551689
LSUI,1065.jpg,Raw-input guide,28.556781768798828,0.9623687267303467,0.1001197025179863
LSUI,1066.jpg,Raw-input guide,32.374759674072266,0.959510326385498,0.06424982845783234
LSUI,1065.jpg,Cross-image guide,24.993677139282227,0.9513888359069824,0.13454388082027435
LSUI,1066.jpg,Cross-image guide,32.86681365966797,0.9598014950752258,0.04911872372031212
LSUI,1065.jpg,Full spatial guide,29.10067367553711,0.9653477072715759,0.07533147186040878
LSUI,1066.jpg,Full spatial guide,32.82350158691406,0.9610068798065186,0.04851822555065155
LSUI,1067.jpg,Zero guide,26.980281829833984,0.9066714644432068,0.241929292678833
LSUI,1068.jpg,Zero guide,23.829097747802734,0.8470763564109802,0.31907859444618225
LSUI,1067.jpg,Uniform guide,32.4268684387207,0.9506967067718506,0.0747920423746109
LSUI,1068.jpg,Uniform guide,26.322444915771484,0.9171309471130371,0.12119418382644653
LSUI,1067.jpg,Raw-input guide,29.939159393310547,0.9512267708778381,0.0957978144288063
LSUI,1068.jpg,Raw-input guide,25.456369400024414,0.9192337393760681,0.13644933700561523
LSUI,1067.jpg,Cross-image guide,31.99321746826172,0.9510807991027832,0.07551468163728714
LSUI,1068.jpg,Cross-image guide,26.20826530456543,0.9163756370544434,0.1347518116235733
LSUI,1067.jpg,Full spatial guide,32.07789611816406,0.9500007629394531,0.07672656327486038
LSUI,1068.jpg,Full spatial guide,26.28537940979004,0.9174161553382874,0.12314170598983765
LSUI,1069.jpg,Zero guide,25.90228271484375,0.8943632245063782,0.28806978464126587
LSUI,1070.jpg,Zero guide,18.096851348876953,0.7489820122718811,0.493402361869812
LSUI,1069.jpg,Uniform guide,30.087570190429688,0.9392966628074646,0.0990075170993805
LSUI,1070.jpg,Uniform guide,19.5054931640625,0.8322601318359375,0.299565851688385
LSUI,1069.jpg,Raw-input guide,27.502260208129883,0.939792811870575,0.11965122818946838
LSUI,1070.jpg,Raw-input guide,18.01056671142578,0.7856022715568542,0.3853151798248291
LSUI,1069.jpg,Cross-image guide,28.675140380859375,0.9419820308685303,0.10510827600955963
LSUI,1070.jpg,Cross-image guide,20.404369354248047,0.8572716116905212,0.2644202709197998
LSUI,1069.jpg,Full spatial guide,29.803388595581055,0.9391664862632751,0.10229818522930145
LSUI,1070.jpg,Full spatial guide,18.434890747070312,0.8001039624214172,0.3727548122406006
LSUI,1071.jpg,Zero guide,25.059478759765625,0.8988537788391113,0.21958616375923157
LSUI,1073.jpg,Zero guide,20.66916275024414,0.9271568655967712,0.22791361808776855
LSUI,1071.jpg,Uniform guide,32.28413009643555,0.9586610794067383,0.05922475829720497
LSUI,1073.jpg,Uniform guide,17.906415939331055,0.8696691393852234,0.3365579843521118
LSUI,1071.jpg,Raw-input guide,29.396879196166992,0.9578073024749756,0.08356375992298126
LSUI,1073.jpg,Raw-input guide,17.578516006469727,0.8624818921089172,0.3888082206249237
LSUI,1071.jpg,Cross-image guide,31.677642822265625,0.9579663276672363,0.05883241444826126
LSUI,1073.jpg,Cross-image guide,24.847412109375,0.9566354751586914,0.10197918862104416
LSUI,1071.jpg,Full spatial guide,31.906787872314453,0.9588486552238464,0.05862622708082199
LSUI,1073.jpg,Full spatial guide,17.982357025146484,0.8697891235351562,0.3305121660232544
LSUI,1074.jpg,Zero guide,22.021818161010742,0.5969581007957458,0.19176369905471802
LSUI,1075.jpg,Zero guide,22.46426773071289,0.8452748656272888,0.414167195558548
LSUI,1074.jpg,Uniform guide,19.443008422851562,0.5483942627906799,0.24313142895698547
LSUI,1075.jpg,Uniform guide,28.018949508666992,0.922007143497467,0.1573365330696106
LSUI,1074.jpg,Raw-input guide,22.542295455932617,0.582889974117279,0.18063884973526
LSUI,1075.jpg,Raw-input guide,27.86231803894043,0.922156810760498,0.14744487404823303
LSUI,1074.jpg,Cross-image guide,18.993078231811523,0.4757283627986908,0.2832874059677124
LSUI,1075.jpg,Cross-image guide,27.076303482055664,0.9201144576072693,0.2237650454044342
LSUI,1074.jpg,Full spatial guide,22.759357452392578,0.5854415893554688,0.17265231907367706
LSUI,1075.jpg,Full spatial guide,27.955171585083008,0.9207518696784973,0.1656995415687561
LSUI,1076.jpg,Zero guide,23.302997589111328,0.8798487782478333,0.1549394726753235
LSUI,1077.jpg,Zero guide,15.221824645996094,0.7502959370613098,0.3033931851387024
LSUI,1076.jpg,Uniform guide,28.058361053466797,0.9585618376731873,0.05963405966758728
LSUI,1077.jpg,Uniform guide,30.951814651489258,0.9621049761772156,0.045402418822050095
LSUI,1076.jpg,Raw-input guide,28.397624969482422,0.9562312960624695,0.09101171791553497
LSUI,1077.jpg,Raw-input guide,27.65300941467285,0.9545133113861084,0.06363701075315475
LSUI,1076.jpg,Cross-image guide,25.604724884033203,0.946601390838623,0.15444771945476532
LSUI,1077.jpg,Cross-image guide,29.397085189819336,0.9588300585746765,0.07310236245393753
LSUI,1076.jpg,Full spatial guide,28.04203224182129,0.9600195288658142,0.05928859859704971
LSUI,1077.jpg,Full spatial guide,27.835891723632812,0.9547942280769348,0.047389838844537735
LSUI,1078.jpg,Zero guide,21.250789642333984,0.9375559687614441,0.11392004042863846
LSUI,1079.jpg,Zero guide,21.30721092224121,0.9253154397010803,0.1473979651927948
LSUI,1078.jpg,Uniform guide,34.513946533203125,0.9861930012702942,0.01896810345351696
LSUI,1079.jpg,Uniform guide,33.81578826904297,0.9856169819831848,0.01847253553569317
LSUI,1078.jpg,Raw-input guide,31.337757110595703,0.9807069301605225,0.022746488451957703
LSUI,1079.jpg,Raw-input guide,32.24592590332031,0.984344482421875,0.022258330136537552
LSUI,1078.jpg,Cross-image guide,31.029260635375977,0.9799162745475769,0.02327531948685646
LSUI,1079.jpg,Cross-image guide,32.72641372680664,0.9848088622093201,0.022284140810370445
LSUI,1078.jpg,Full spatial guide,31.908817291259766,0.9816832542419434,0.021063700318336487
LSUI,1079.jpg,Full spatial guide,32.8488655090332,0.985598087310791,0.020062388852238655
LSUI,1080.jpg,Zero guide,21.39641571044922,0.8939743041992188,0.1391814947128296
LSUI,1081.jpg,Zero guide,21.30425262451172,0.9478073120117188,0.11859122663736343
LSUI,1080.jpg,Uniform guide,33.55010223388672,0.977673351764679,0.020028619095683098
LSUI,1081.jpg,Uniform guide,32.67798614501953,0.9865911602973938,0.01702306978404522
LSUI,1080.jpg,Raw-input guide,34.712921142578125,0.9726044535636902,0.027470577508211136
LSUI,1081.jpg,Raw-input guide,30.18101692199707,0.9839184880256653,0.019227031618356705
LSUI,1080.jpg,Cross-image guide,33.50733184814453,0.978996992111206,0.02565757744014263
LSUI,1081.jpg,Cross-image guide,28.99552345275879,0.9842522740364075,0.02723603881895542
LSUI,1080.jpg,Full spatial guide,36.16958236694336,0.9790053367614746,0.02120712772011757
LSUI,1081.jpg,Full spatial guide,29.67426109313965,0.9827058911323547,0.02789478749036789
LSUI,1082.jpg,Zero guide,16.721210479736328,0.8644601702690125,0.24645306169986725
LSUI,1083.jpg,Zero guide,23.23291015625,0.944847583770752,0.14098121225833893
LSUI,1082.jpg,Uniform guide,30.527257919311523,0.9756411910057068,0.026032550260424614
LSUI,1083.jpg,Uniform guide,28.109264373779297,0.977611780166626,0.031382523477077484
LSUI,1082.jpg,Raw-input guide,26.03215217590332,0.9622848629951477,0.04215952754020691
LSUI,1083.jpg,Raw-input guide,26.686630249023438,0.9734969139099121,0.03665595129132271
LSUI,1082.jpg,Cross-image guide,28.79123306274414,0.9679646492004395,0.062365949153900146
LSUI,1083.jpg,Cross-image guide,27.726558685302734,0.9774697422981262,0.0630803257226944
LSUI,1082.jpg,Full spatial guide,25.658781051635742,0.9598567485809326,0.05656629055738449
LSUI,1083.jpg,Full spatial guide,27.155757904052734,0.9751390814781189,0.03663329407572746
LSUI,1084.jpg,Zero guide,23.2613468170166,0.9345813393592834,0.07554569095373154
LSUI,1085.jpg,Zero guide,22.312820434570312,0.58475661277771,0.2470504492521286
LSUI,1084.jpg,Uniform guide,39.24978256225586,0.9889733195304871,0.009884069673717022
LSUI,1085.jpg,Uniform guide,18.190990447998047,0.5308950543403625,0.2995079755783081
LSUI,1084.jpg,Raw-input guide,37.725894927978516,0.9843084216117859,0.013075219467282295
LSUI,1085.jpg,Raw-input guide,20.709300994873047,0.5642066597938538,0.24364475905895233
LSUI,1084.jpg,Cross-image guide,19.524465560913086,0.8558116555213928,0.23375961184501648
LSUI,1085.jpg,Cross-image guide,18.17163848876953,0.4612053334712982,0.3342948853969574
LSUI,1084.jpg,Full spatial guide,38.11638641357422,0.9839675426483154,0.010754304006695747
LSUI,1085.jpg,Full spatial guide,20.814727783203125,0.565859317779541,0.23742230236530304
LSUI,1086.jpg,Zero guide,23.673404693603516,0.9601737856864929,0.12238281965255737
LSUI,1087.jpg,Zero guide,17.974258422851562,0.8888781666755676,0.2026882916688919
LSUI,1086.jpg,Uniform guide,33.994197845458984,0.9795832633972168,0.027471069246530533
LSUI,1087.jpg,Uniform guide,36.26067352294922,0.9850049018859863,0.02113906852900982
LSUI,1086.jpg,Raw-input guide,33.296512603759766,0.9798223972320557,0.03640185296535492
LSUI,1087.jpg,Raw-input guide,30.574405670166016,0.9830975532531738,0.02123757265508175
LSUI,1086.jpg,Cross-image guide,34.18239212036133,0.9803621172904968,0.02526150457561016
LSUI,1087.jpg,Cross-image guide,29.73989486694336,0.98154616355896,0.023066898807883263
LSUI,1086.jpg,Full spatial guide,34.55701446533203,0.9804556369781494,0.023666836321353912
LSUI,1087.jpg,Full spatial guide,30.892833709716797,0.9834845662117004,0.026248659938573837
LSUI,1088.jpg,Zero guide,24.075441360473633,0.93429034948349,0.15262070298194885
LSUI,1089.jpg,Zero guide,26.21518898010254,0.9673404693603516,0.10977011919021606
LSUI,1088.jpg,Uniform guide,34.92137145996094,0.9836360812187195,0.017753388732671738
LSUI,1089.jpg,Uniform guide,30.945446014404297,0.9876547455787659,0.020016439259052277
LSUI,1088.jpg,Raw-input guide,32.67174530029297,0.9774959683418274,0.023002147674560547
LSUI,1089.jpg,Raw-input guide,28.853248596191406,0.9861744046211243,0.021382156759500504
LSUI,1088.jpg,Cross-image guide,31.777694702148438,0.9799910187721252,0.030675159767270088
LSUI,1089.jpg,Cross-image guide,29.56106185913086,0.9868355393409729,0.02468833513557911
LSUI,1088.jpg,Full spatial guide,32.783695220947266,0.9790878891944885,0.022457649931311607
LSUI,1089.jpg,Full spatial guide,28.83492660522461,0.9864305853843689,0.021626224741339684
LSUI,1090.jpg,Zero guide,16.114336013793945,0.8429067730903625,0.2354777753353119
LSUI,1091.jpg,Zero guide,23.56014060974121,0.9382920861244202,0.11358238011598587
LSUI,1090.jpg,Uniform guide,29.174348831176758,0.9789192080497742,0.03629026561975479
LSUI,1091.jpg,Uniform guide,29.61241912841797,0.9749701023101807,0.021684633567929268
LSUI,1090.jpg,Raw-input guide,29.43594741821289,0.980651319026947,0.04149508476257324
LSUI,1091.jpg,Raw-input guide,27.762813568115234,0.9760387539863586,0.023426538333296776
LSUI,1090.jpg,Cross-image guide,30.458011627197266,0.9769361019134521,0.04053571820259094
LSUI,1091.jpg,Cross-image guide,27.313947677612305,0.9761013388633728,0.026734251528978348
LSUI,1090.jpg,Full spatial guide,29.166187286376953,0.9808893203735352,0.034950390458106995
LSUI,1091.jpg,Full spatial guide,28.34681510925293,0.979703962802887,0.023186132311820984
LSUI,1092.jpg,Zero guide,23.507667541503906,0.9460842609405518,0.15773065388202667
LSUI,1093.jpg,Zero guide,23.685319900512695,0.8607985377311707,0.3999002277851105
LSUI,1092.jpg,Uniform guide,30.383731842041016,0.9811656475067139,0.02890516072511673
LSUI,1093.jpg,Uniform guide,30.614154815673828,0.930383026599884,0.15110845863819122
LSUI,1092.jpg,Raw-input guide,31.367168426513672,0.9743751883506775,0.03050398826599121
LSUI,1093.jpg,Raw-input guide,29.04096221923828,0.9297601580619812,0.1971392035484314
LSUI,1092.jpg,Cross-image guide,32.27412414550781,0.9782829880714417,0.025836654007434845
LSUI,1093.jpg,Cross-image guide,30.711668014526367,0.9312898516654968,0.14694727957248688
LSUI,1092.jpg,Full spatial guide,31.226198196411133,0.9737894535064697,0.03261691331863403
LSUI,1093.jpg,Full spatial guide,30.675371170043945,0.9305772185325623,0.14815209805965424
LSUI,1094.jpg,Zero guide,21.107376098632812,0.8189747333526611,0.40585172176361084
LSUI,1095.jpg,Zero guide,23.044334411621094,0.869870126247406,0.37143149971961975
LSUI,1094.jpg,Uniform guide,28.409042358398438,0.9026042819023132,0.18684016168117523
LSUI,1095.jpg,Uniform guide,27.446468353271484,0.9187267422676086,0.15427300333976746
LSUI,1094.jpg,Raw-input guide,25.705345153808594,0.8910391926765442,0.25787779688835144
LSUI,1095.jpg,Raw-input guide,27.21409797668457,0.9212856292724609,0.1719680279493332
LSUI,1094.jpg,Cross-image guide,27.315752029418945,0.8897026181221008,0.21212753653526306
LSUI,1095.jpg,Cross-image guide,26.71058464050293,0.9141378998756409,0.1769198477268219
LSUI,1094.jpg,Full spatial guide,26.80986213684082,0.8894217610359192,0.21052367985248566
LSUI,1095.jpg,Full spatial guide,27.536087036132812,0.9195394515991211,0.15879924595355988
LSUI,1096.jpg,Zero guide,19.09315299987793,0.9292657375335693,0.2901599407196045
LSUI,1097.jpg,Zero guide,17.973121643066406,0.8502771854400635,0.328811377286911
LSUI,1096.jpg,Uniform guide,36.42926788330078,0.9809098243713379,0.0353730171918869
LSUI,1097.jpg,Uniform guide,25.15645980834961,0.934598445892334,0.09232863783836365
LSUI,1096.jpg,Raw-input guide,34.16457748413086,0.9797216057777405,0.04338349029421806
LSUI,1097.jpg,Raw-input guide,25.282852172851562,0.9339113235473633,0.09348579496145248
LSUI,1096.jpg,Cross-image guide,30.009239196777344,0.9768213629722595,0.09272908419370651
LSUI,1097.jpg,Cross-image guide,15.46420669555664,0.833247184753418,0.40772297978401184
LSUI,1096.jpg,Full spatial guide,34.591800689697266,0.9801805019378662,0.039029303938150406
LSUI,1097.jpg,Full spatial guide,25.246694564819336,0.934637725353241,0.0959988534450531
LSUI,1098.jpg,Zero guide,22.105449676513672,0.5694636702537537,0.26611942052841187
LSUI,1099.jpg,Zero guide,24.552169799804688,0.8992016911506653,0.22381927073001862
LSUI,1098.jpg,Uniform guide,18.19877815246582,0.5141659379005432,0.32317855954170227
LSUI,1099.jpg,Uniform guide,33.052303314208984,0.9594228863716125,0.06637906283140182
LSUI,1098.jpg,Raw-input guide,20.738075256347656,0.5450037717819214,0.2697054147720337
LSUI,1099.jpg,Raw-input guide,30.458982467651367,0.9556643962860107,0.08456478267908096
LSUI,1098.jpg,Cross-image guide,18.319808959960938,0.44567155838012695,0.3589061498641968
LSUI,1099.jpg,Cross-image guide,31.741626739501953,0.9580085873603821,0.07109736651182175
LSUI,1098.jpg,Full spatial guide,20.887569427490234,0.5472195148468018,0.2622039318084717
LSUI,1099.jpg,Full spatial guide,32.414852142333984,0.9586469531059265,0.06940832734107971
LSUI,1100.jpg,Zero guide,24.315011978149414,0.8991429209709167,0.28900545835494995
LSUI,1101.jpg,Zero guide,19.366546630859375,0.7354151606559753,0.5012044310569763
LSUI,1100.jpg,Uniform guide,29.007537841796875,0.936212956905365,0.13320514559745789
LSUI,1101.jpg,Uniform guide,26.805644989013672,0.87359219789505,0.2074548900127411
LSUI,1100.jpg,Raw-input guide,27.42798614501953,0.9329238533973694,0.16703881323337555
LSUI,1101.jpg,Raw-input guide,24.323930740356445,0.8487630486488342,0.28783321380615234
LSUI,1100.jpg,Cross-image guide,28.937332153320312,0.9368273615837097,0.1342540979385376
LSUI,1101.jpg,Cross-image guide,25.196575164794922,0.8778883814811707,0.2769755423069
LSUI,1100.jpg,Full spatial guide,28.697132110595703,0.935742199420929,0.13902796804904938
LSUI,1101.jpg,Full spatial guide,24.98969268798828,0.851081371307373,0.2510295510292053
LSUI,1102.jpg,Zero guide,23.49382209777832,0.8884562849998474,0.27558618783950806
LSUI,1103.jpg,Zero guide,22.346965789794922,0.8369792103767395,0.44525814056396484
LSUI,1102.jpg,Uniform guide,29.223100662231445,0.9282474517822266,0.13925498723983765
LSUI,1103.jpg,Uniform guide,28.709774017333984,0.9204266667366028,0.14599469304084778
LSUI,1102.jpg,Raw-input guide,29.078205108642578,0.9315996170043945,0.153590589761734
LSUI,1103.jpg,Raw-input guide,30.408275604248047,0.9232540130615234,0.16490238904953003
LSUI,1102.jpg,Cross-image guide,29.535329818725586,0.9299361109733582,0.14573417603969574
LSUI,1103.jpg,Cross-image guide,26.3188533782959,0.9235160946846008,0.21535876393318176
LSUI,1102.jpg,Full spatial guide,29.37546157836914,0.9276143908500671,0.14320529997348785
LSUI,1103.jpg,Full spatial guide,29.500722885131836,0.924757719039917,0.14821043610572815
LSUI,1104.jpg,Zero guide,25.15920639038086,0.9213932156562805,0.09164588898420334
LSUI,1105.jpg,Zero guide,12.781774520874023,0.5762233734130859,0.4435442388057709
LSUI,1104.jpg,Uniform guide,31.843494415283203,0.9868579506874084,0.02280609682202339
LSUI,1105.jpg,Uniform guide,21.636234283447266,0.7802422046661377,0.15404903888702393
LSUI,1104.jpg,Raw-input guide,31.76629066467285,0.9848547577857971,0.01704287715256214
LSUI,1105.jpg,Raw-input guide,20.188865661621094,0.748768150806427,0.2008596956729889
LSUI,1104.jpg,Cross-image guide,25.689456939697266,0.9704650044441223,0.09669800847768784
LSUI,1105.jpg,Cross-image guide,20.210830688476562,0.7535539269447327,0.22271108627319336
LSUI,1104.jpg,Full spatial guide,31.879682540893555,0.9843170642852783,0.026657499372959137
LSUI,1105.jpg,Full spatial guide,19.781368255615234,0.7412963509559631,0.22041647136211395
LSUI,1106.jpg,Zero guide,22.249732971191406,0.9158964157104492,0.15836086869239807
LSUI,1107.jpg,Zero guide,19.220531463623047,0.8704536557197571,0.19503724575042725
LSUI,1106.jpg,Uniform guide,31.541339874267578,0.9760629534721375,0.031160611659288406
LSUI,1107.jpg,Uniform guide,28.525522232055664,0.9496669173240662,0.05151435360312462
LSUI,1106.jpg,Raw-input guide,30.084423065185547,0.9721686244010925,0.034518878906965256
LSUI,1107.jpg,Raw-input guide,32.76262664794922,0.9716619849205017,0.024136818945407867
LSUI,1106.jpg,Cross-image guide,18.88433837890625,0.9204437136650085,0.2131647765636444
LSUI,1107.jpg,Cross-image guide,29.114456176757812,0.9474992752075195,0.04469101503491402
LSUI,1106.jpg,Full spatial guide,29.840599060058594,0.9714870452880859,0.037413135170936584
LSUI,1107.jpg,Full spatial guide,32.84269714355469,0.9724709391593933,0.022588875144720078
LSUI,1972.jpg,Zero guide,26.329164505004883,0.9587886929512024,0.11303891241550446
LSUI,1973.jpg,Zero guide,18.23065948486328,0.41285285353660583,0.30030444264411926
LSUI,1972.jpg,Uniform guide,33.107669830322266,0.9749556183815002,0.01404678076505661
LSUI,1973.jpg,Uniform guide,18.268028259277344,0.4035560190677643,0.2586876451969147
LSUI,1972.jpg,Raw-input guide,32.584808349609375,0.9858018755912781,0.017515333369374275
LSUI,1973.jpg,Raw-input guide,18.25336265563965,0.404922753572464,0.2567194998264313
LSUI,1972.jpg,Cross-image guide,32.56877136230469,0.9846660494804382,0.0181714054197073
LSUI,1973.jpg,Cross-image guide,18.4133358001709,0.40288078784942627,0.25522899627685547
LSUI,1972.jpg,Full spatial guide,33.43074035644531,0.9869005680084229,0.01841932162642479
LSUI,1973.jpg,Full spatial guide,18.317827224731445,0.40572845935821533,0.25474315881729126
LSUI,1974.jpg,Zero guide,31.058218002319336,0.9792405962944031,0.04621177911758423
LSUI,1975.jpg,Zero guide,29.925796508789062,0.976933479309082,0.06492836773395538
LSUI,1974.jpg,Uniform guide,28.969566345214844,0.9585607647895813,0.04871140047907829
LSUI,1975.jpg,Uniform guide,29.481916427612305,0.9606287479400635,0.03754708170890808
LSUI,1974.jpg,Raw-input guide,36.21076583862305,0.9897313117980957,0.01277540996670723
LSUI,1975.jpg,Raw-input guide,33.21601867675781,0.9888067841529846,0.015706580132246017
LSUI,1974.jpg,Cross-image guide,35.62294387817383,0.989346981048584,0.013971291482448578
LSUI,1975.jpg,Cross-image guide,32.199771881103516,0.9869830012321472,0.020679708570241928
LSUI,1974.jpg,Full spatial guide,35.75941467285156,0.9887866973876953,0.013180100359022617
LSUI,1975.jpg,Full spatial guide,32.604190826416016,0.9878103733062744,0.01859726943075657
LSUI,1976.jpg,Zero guide,29.81804847717285,0.9765660166740417,0.055453915148973465
LSUI,1977.jpg,Zero guide,30.425167083740234,0.9731776714324951,0.052812859416007996
LSUI,1976.jpg,Uniform guide,28.66330909729004,0.9552114009857178,0.04998091608285904
LSUI,1977.jpg,Uniform guide,29.355205535888672,0.9588060975074768,0.05984330177307129
LSUI,1976.jpg,Raw-input guide,32.93602752685547,0.9889371991157532,0.015356471762061119
LSUI,1977.jpg,Raw-input guide,33.627105712890625,0.987729012966156,0.019230712205171585
LSUI,1976.jpg,Cross-image guide,32.86951446533203,0.9889230728149414,0.01631944626569748
LSUI,1977.jpg,Cross-image guide,28.920108795166016,0.970923900604248,0.03275661915540695
LSUI,1976.jpg,Full spatial guide,32.79218292236328,0.9885510802268982,0.016037188470363617
LSUI,1977.jpg,Full spatial guide,33.28467559814453,0.9867194294929504,0.01970159448683262
LSUI,1978.jpg,Zero guide,27.045833587646484,0.8414311408996582,0.057613253593444824
LSUI,1979.jpg,Zero guide,27.59100341796875,0.967362642288208,0.09678708761930466
LSUI,1978.jpg,Uniform guide,37.77973937988281,0.9607235789299011,0.020685670897364616
LSUI,1979.jpg,Uniform guide,23.136560440063477,0.9659604430198669,0.10048408061265945
LSUI,1978.jpg,Raw-input guide,39.59108352661133,0.9652466773986816,0.019721509888768196
LSUI,1979.jpg,Raw-input guide,33.85242462158203,0.9882552027702332,0.01676284149289131
LSUI,1978.jpg,Cross-image guide,33.448795318603516,0.9496578574180603,0.044852711260318756
LSUI,1979.jpg,Cross-image guide,27.49122428894043,0.9792928695678711,0.035562481731176376
LSUI,1978.jpg,Full spatial guide,39.526268005371094,0.9628696441650391,0.02099618688225746
LSUI,1979.jpg,Full spatial guide,33.4592399597168,0.9874377846717834,0.01652423106133938
LSUI,1980.jpg,Zero guide,24.786930084228516,0.9503347277641296,0.18239064514636993
LSUI,1981.jpg,Zero guide,30.724313735961914,0.9751803278923035,0.05259958282113075
LSUI,1980.jpg,Uniform guide,26.761249542236328,0.9747982025146484,0.04142581671476364
LSUI,1981.jpg,Uniform guide,28.773014068603516,0.9565733075141907,0.052187979221343994
LSUI,1980.jpg,Raw-input guide,33.26617431640625,0.9873448014259338,0.01827605441212654
LSUI,1981.jpg,Raw-input guide,33.897769927978516,0.9889984130859375,0.016685398295521736
LSUI,1980.jpg,Cross-image guide,31.34750747680664,0.9840685725212097,0.054738856852054596
LSUI,1981.jpg,Cross-image guide,31.172340393066406,0.9823737740516663,0.025280803442001343
LSUI,1980.jpg,Full spatial guide,34.70407485961914,0.9887499809265137,0.019454825669527054
LSUI,1981.jpg,Full spatial guide,33.668853759765625,0.9879531860351562,0.0177919864654541
LSUI,1982.jpg,Zero guide,29.84199333190918,0.9761662483215332,0.07705428451299667
LSUI,1983.jpg,Zero guide,29.187847137451172,0.9785395264625549,0.0710577666759491
LSUI,1982.jpg,Uniform guide,27.164670944213867,0.9595649838447571,0.07049638032913208
LSUI,1983.jpg,Uniform guide,27.059572219848633,0.9508469104766846,0.05153527855873108
LSUI,1982.jpg,Raw-input guide,32.96146774291992,0.9884619116783142,0.022917497903108597
LSUI,1983.jpg,Raw-input guide,30.37318229675293,0.9868831634521484,0.02596072107553482
LSUI,1982.jpg,Cross-image guide,33.53049850463867,0.9879854321479797,0.024260057136416435
LSUI,1983.jpg,Cross-image guide,31.027210235595703,0.9864459037780762,0.022081594914197922
LSUI,1982.jpg,Full spatial guide,32.971160888671875,0.9886627197265625,0.022273151203989983
LSUI,1983.jpg,Full spatial guide,30.403146743774414,0.9868124127388,0.027074648067355156
LSUI,1984.jpg,Zero guide,29.472259521484375,0.9749141335487366,0.06729378551244736
LSUI,1985.jpg,Zero guide,26.49662208557129,0.9714252948760986,0.07933779060840607
LSUI,1984.jpg,Uniform guide,28.819862365722656,0.9552509188652039,0.039935413748025894
LSUI,1985.jpg,Uniform guide,26.6805419921875,0.9531899094581604,0.03622627630829811
LSUI,1984.jpg,Raw-input guide,31.809249877929688,0.9863806366920471,0.017643004655838013
LSUI,1985.jpg,Raw-input guide,28.0134220123291,0.9815801978111267,0.024371283128857613
LSUI,1984.jpg,Cross-image guide,31.04107666015625,0.9844096302986145,0.021906975656747818
LSUI,1985.jpg,Cross-image guide,24.90495491027832,0.9672544598579407,0.03926447033882141
LSUI,1984.jpg,Full spatial guide,31.077116012573242,0.9844417572021484,0.021361803635954857
LSUI,1985.jpg,Full spatial guide,27.63495635986328,0.9802463054656982,0.03103969246149063
LSUI,1986.jpg,Zero guide,25.745508193969727,0.9652051329612732,0.1035100668668747
LSUI,1987.jpg,Zero guide,27.472288131713867,0.9681381583213806,0.10015504062175751
LSUI,1986.jpg,Uniform guide,27.67742919921875,0.9815365672111511,0.06241142749786377
LSUI,1987.jpg,Uniform guide,27.391178131103516,0.9809610247612,0.05382236838340759
LSUI,1986.jpg,Raw-input guide,30.290977478027344,0.9849315285682678,0.030767366290092468
LSUI,1987.jpg,Raw-input guide,31.782224655151367,0.9864694476127625,0.03149117901921272
LSUI,1986.jpg,Cross-image guide,30.194665908813477,0.984735906124115,0.030001461505889893
LSUI,1987.jpg,Cross-image guide,31.486228942871094,0.9859570860862732,0.030620664358139038
LSUI,1986.jpg,Full spatial guide,30.230125427246094,0.9850190281867981,0.028986424207687378
LSUI,1987.jpg,Full spatial guide,32.152286529541016,0.9867894053459167,0.02835775539278984
LSUI,1988.jpg,Zero guide,26.276859283447266,0.9618861079216003,0.10993340611457825
LSUI,1989.jpg,Zero guide,25.49802017211914,0.9615221619606018,0.13991166651248932
LSUI,1988.jpg,Uniform guide,27.471961975097656,0.9816294312477112,0.05368351936340332
LSUI,1989.jpg,Uniform guide,25.035541534423828,0.9747852683067322,0.08697926253080368
LSUI,1988.jpg,Raw-input guide,32.55751419067383,0.9873633980751038,0.027780834585428238
LSUI,1989.jpg,Raw-input guide,30.137224197387695,0.9867934584617615,0.043506160378456116
LSUI,1988.jpg,Cross-image guide,32.35202407836914,0.9872005581855774,0.031370799988508224
LSUI,1989.jpg,Cross-image guide,29.94215202331543,0.986431896686554,0.04243641719222069
LSUI,1988.jpg,Full spatial guide,31.808950424194336,0.9863939881324768,0.031316135078668594
LSUI,1989.jpg,Full spatial guide,30.231281280517578,0.9868032336235046,0.04292070493102074
LSUI,1990.jpg,Zero guide,25.330284118652344,0.9485655426979065,0.13128679990768433
LSUI,1991.jpg,Zero guide,26.65108871459961,0.8820797801017761,0.11868215352296829
LSUI,1990.jpg,Uniform guide,22.079662322998047,0.9477028250694275,0.14494729042053223
LSUI,1991.jpg,Uniform guide,22.218799591064453,0.8228970170021057,0.1804809272289276
LSUI,1990.jpg,Raw-input guide,30.817768096923828,0.9852462410926819,0.05899564549326897
LSUI,1991.jpg,Raw-input guide,28.82599639892578,0.9047209620475769,0.07969018816947937
LSUI,1990.jpg,Cross-image guide,22.895263671875,0.9508762359619141,0.10479027032852173
LSUI,1991.jpg,Cross-image guide,25.85894012451172,0.8813003897666931,0.10380207747220993
LSUI,1990.jpg,Full spatial guide,33.504520416259766,0.9868828654289246,0.04614885896444321
LSUI,1991.jpg,Full spatial guide,28.833904266357422,0.905059814453125,0.07976768910884857
LSUI,1992.jpg,Zero guide,24.331531524658203,0.8883937001228333,0.1695806384086609
LSUI,1993.jpg,Zero guide,28.277408599853516,0.8934615254402161,0.12371520698070526
LSUI,1992.jpg,Uniform guide,22.41135025024414,0.8614826798439026,0.25614920258522034
LSUI,1993.jpg,Uniform guide,25.811166763305664,0.8863885998725891,0.12431764602661133
LSUI,1992.jpg,Raw-input guide,26.637081146240234,0.9003686904907227,0.07964153587818146
LSUI,1993.jpg,Raw-input guide,27.147384643554688,0.8961150050163269,0.10946787893772125
LSUI,1992.jpg,Cross-image guide,23.971860885620117,0.8926251530647278,0.1099310889840126
LSUI,1993.jpg,Cross-image guide,27.8197021484375,0.8912875056266785,0.11331526190042496
LSUI,1992.jpg,Full spatial guide,27.082489013671875,0.9012588858604431,0.07822606712579727
LSUI,1993.jpg,Full spatial guide,27.75865936279297,0.897393524646759,0.10927071422338486
LSUI,1994.jpg,Zero guide,22.285423278808594,0.8196941018104553,0.29970839619636536
LSUI,1995.jpg,Zero guide,24.748558044433594,0.9009236693382263,0.08487719297409058
LSUI,1994.jpg,Uniform guide,17.748291015625,0.7042971253395081,0.4267491400241852
LSUI,1995.jpg,Uniform guide,24.502864837646484,0.8934696316719055,0.09041357040405273
LSUI,1994.jpg,Raw-input guide,27.505319595336914,0.8662958145141602,0.1399194300174713
LSUI,1995.jpg,Raw-input guide,28.69664764404297,0.9055808186531067,0.07492062449455261
LSUI,1994.jpg,Cross-image guide,23.772506713867188,0.8567516803741455,0.1927305907011032
LSUI,1995.jpg,Cross-image guide,28.439529418945312,0.9073511958122253,0.0791381448507309
LSUI,1994.jpg,Full spatial guide,27.290660858154297,0.8666911125183105,0.1323707401752472
LSUI,1995.jpg,Full spatial guide,28.66352081298828,0.9061869978904724,0.07540547847747803
LSUI,1996.jpg,Zero guide,20.972776412963867,0.8073366284370422,0.2666214108467102
LSUI,1997.jpg,Zero guide,24.386146545410156,0.8197645545005798,0.18226709961891174
LSUI,1996.jpg,Uniform guide,20.255619049072266,0.7675089836120605,0.3836226463317871
LSUI,1997.jpg,Uniform guide,20.578691482543945,0.7510831952095032,0.3034529983997345
LSUI,1996.jpg,Raw-input guide,23.2840576171875,0.8209359049797058,0.1590086668729782
LSUI,1997.jpg,Raw-input guide,24.276369094848633,0.8489548563957214,0.12928353250026703
LSUI,1996.jpg,Cross-image guide,25.027996063232422,0.824168860912323,0.1665300875902176
LSUI,1997.jpg,Cross-image guide,24.221708297729492,0.8356592655181885,0.1368730366230011
LSUI,1996.jpg,Full spatial guide,23.50678253173828,0.821223258972168,0.15799957513809204
LSUI,1997.jpg,Full spatial guide,24.234336853027344,0.8489314913749695,0.12901249527931213
LSUI,2038.jpg,Zero guide,25.55159568786621,0.8221448063850403,0.2590681314468384
LSUI,2039.jpg,Zero guide,25.095806121826172,0.8170493245124817,0.14096824824810028
LSUI,2038.jpg,Uniform guide,21.113685607910156,0.7773461937904358,0.3622094690799713
LSUI,2039.jpg,Uniform guide,19.754806518554688,0.8117100596427917,0.2506352961063385
LSUI,2038.jpg,Raw-input guide,26.473752975463867,0.8416022658348083,0.17287929356098175
LSUI,2039.jpg,Raw-input guide,27.992431640625,0.891086995601654,0.07827569544315338
LSUI,2038.jpg,Cross-image guide,27.94715690612793,0.8446469306945801,0.17520365118980408
LSUI,2039.jpg,Cross-image guide,27.780963897705078,0.8602889180183411,0.07983019948005676
LSUI,2038.jpg,Full spatial guide,26.675003051757812,0.8427899479866028,0.1711057871580124
LSUI,2039.jpg,Full spatial guide,28.011531829833984,0.8915902972221375,0.07808069884777069
LSUI,2040.jpg,Zero guide,23.31855583190918,0.8454076647758484,0.18708905577659607
LSUI,2041.jpg,Zero guide,26.52246856689453,0.7696546912193298,0.09663897752761841
LSUI,2040.jpg,Uniform guide,17.311256408691406,0.7566690444946289,0.28582581877708435
LSUI,2041.jpg,Uniform guide,22.66485595703125,0.7475390434265137,0.1081373542547226
LSUI,2040.jpg,Raw-input guide,29.72521209716797,0.887180507183075,0.09430553019046783
LSUI,2041.jpg,Raw-input guide,30.097129821777344,0.9008353352546692,0.0737650990486145
LSUI,2040.jpg,Cross-image guide,29.284503936767578,0.8730916380882263,0.09304695576429367
LSUI,2041.jpg,Cross-image guide,27.394121170043945,0.7849838137626648,0.08785916864871979
LSUI,2040.jpg,Full spatial guide,29.646825790405273,0.8871841430664062,0.09498324990272522
LSUI,2041.jpg,Full spatial guide,29.962459564208984,0.901407778263092,0.07374975085258484
LSUI,2042.jpg,Zero guide,26.943796157836914,0.8609755635261536,0.18136581778526306
LSUI,2043.jpg,Zero guide,23.059852600097656,0.7616682648658752,0.19487643241882324
LSUI,2042.jpg,Uniform guide,22.621665954589844,0.8287219405174255,0.2999184727668762
LSUI,2043.jpg,Uniform guide,20.678314208984375,0.7629187703132629,0.1672244518995285
LSUI,2042.jpg,Raw-input guide,28.098167419433594,0.8815485835075378,0.13795505464076996
LSUI,2043.jpg,Raw-input guide,26.51854705810547,0.8938878178596497,0.10810257494449615
LSUI,2042.jpg,Cross-image guide,27.491756439208984,0.8559601306915283,0.15047483146190643
LSUI,2043.jpg,Cross-image guide,22.818641662597656,0.7663118243217468,0.15788209438323975
LSUI,2042.jpg,Full spatial guide,28.104581832885742,0.882121741771698,0.13751596212387085
LSUI,2043.jpg,Full spatial guide,26.521839141845703,0.8938393592834473,0.1078154444694519
LSUI,2044.jpg,Zero guide,25.815122604370117,0.8275676369667053,0.21525293588638306
LSUI,2045.jpg,Zero guide,20.397300720214844,0.9369492530822754,0.24661985039710999
LSUI,2044.jpg,Uniform guide,21.04928970336914,0.8010024428367615,0.35158032178878784
LSUI,2045.jpg,Uniform guide,20.957351684570312,0.9389415383338928,0.23604099452495575
LSUI,2044.jpg,Raw-input guide,25.96599769592285,0.8408839106559753,0.15935227274894714
LSUI,2045.jpg,Raw-input guide,24.43658447265625,0.9487102627754211,0.19934707880020142
LSUI,2044.jpg,Cross-image guide,22.30541229248047,0.8035035133361816,0.3401925265789032
LSUI,2045.jpg,Cross-image guide,18.004053115844727,0.9237246513366699,0.31344228982925415
LSUI,2044.jpg,Full spatial guide,25.954471588134766,0.8411507606506348,0.15597976744174957
LSUI,2045.jpg,Full spatial guide,24.4472599029541,0.9486411213874817,0.19888296723365784
LSUI,2046.jpg,Zero guide,21.242639541625977,0.7473251223564148,0.29782333970069885
LSUI,2047.jpg,Zero guide,24.620912551879883,0.87054842710495,0.14881683886051178
LSUI,2046.jpg,Uniform guide,20.873249053955078,0.7200796604156494,0.3611658215522766
LSUI,2047.jpg,Uniform guide,23.943359375,0.8426337242126465,0.18426409363746643
LSUI,2046.jpg,Raw-input guide,27.14766502380371,0.7727449536323547,0.20362699031829834
LSUI,2047.jpg,Raw-input guide,26.525449752807617,0.8897345662117004,0.08287617564201355
LSUI,2046.jpg,Cross-image guide,25.231082916259766,0.7714757323265076,0.25669142603874207
LSUI,2047.jpg,Cross-image guide,25.429189682006836,0.8856110572814941,0.09560248255729675
LSUI,2046.jpg,Full spatial guide,27.138347625732422,0.7736322283744812,0.20345178246498108
LSUI,2047.jpg,Full spatial guide,26.55548858642578,0.8896522521972656,0.08339617401361465
LSUI,2048.jpg,Zero guide,27.696828842163086,0.6877996325492859,0.10319500416517258
LSUI,2049.jpg,Zero guide,25.810516357421875,0.9078319668769836,0.14132405817508698
LSUI,2048.jpg,Uniform guide,27.645828247070312,0.8198041319847107,0.10942823439836502
LSUI,2049.jpg,Uniform guide,22.537057876586914,0.8748760223388672,0.21268869936466217
LSUI,2048.jpg,Raw-input guide,29.91541862487793,0.7985325455665588,0.09146351367235184
LSUI,2049.jpg,Raw-input guide,30.36019515991211,0.9169601798057556,0.06227872148156166
LSUI,2048.jpg,Cross-image guide,29.84416961669922,0.8396614193916321,0.1056784838438034
LSUI,2049.jpg,Cross-image guide,29.796247482299805,0.9139577746391296,0.06255004554986954
LSUI,2048.jpg,Full spatial guide,29.902385711669922,0.7969053387641907,0.0916413962841034
LSUI,2049.jpg,Full spatial guide,30.326324462890625,0.9170389175415039,0.06226012110710144
LSUI,2050.jpg,Zero guide,24.73272705078125,0.933826744556427,0.11304585635662079
LSUI,2051.jpg,Zero guide,27.121471405029297,0.8564121723175049,0.16018758714199066
LSUI,2050.jpg,Uniform guide,22.875591278076172,0.9166392683982849,0.11307106167078018
LSUI,2051.jpg,Uniform guide,19.55445098876953,0.8134662508964539,0.33031749725341797
LSUI,2050.jpg,Raw-input guide,30.51049041748047,0.9459927082061768,0.070890873670578
LSUI,2051.jpg,Raw-input guide,28.006980895996094,0.8673486709594727,0.14055302739143372
LSUI,2050.jpg,Cross-image guide,30.83975601196289,0.9508461952209473,0.06984871625900269
LSUI,2051.jpg,Cross-image guide,26.714492797851562,0.8564565777778625,0.1729249805212021
LSUI,2050.jpg,Full spatial guide,30.780250549316406,0.9475504755973816,0.07129950076341629
LSUI,2051.jpg,Full spatial guide,28.052101135253906,0.8678213953971863,0.14030200242996216
LSUI,2052.jpg,Zero guide,25.696945190429688,0.8516450524330139,0.11745744943618774
LSUI,2053.jpg,Zero guide,26.173145294189453,0.9258331656455994,0.11267536878585815
LSUI,2052.jpg,Uniform guide,20.083850860595703,0.8224591612815857,0.23864582180976868
LSUI,2053.jpg,Uniform guide,18.512718200683594,0.8531487584114075,0.25511598587036133
LSUI,2052.jpg,Raw-input guide,27.664926528930664,0.8974693417549133,0.07583551108837128
LSUI,2053.jpg,Raw-input guide,27.47378921508789,0.9276394248008728,0.07402093708515167
LSUI,2052.jpg,Cross-image guide,25.200008392333984,0.85215824842453,0.1178119033575058
LSUI,2053.jpg,Cross-image guide,29.40168571472168,0.9285628795623779,0.08425138890743256
LSUI,2052.jpg,Full spatial guide,27.727689743041992,0.8967553973197937,0.07541222870349884
LSUI,2053.jpg,Full spatial guide,27.01997947692871,0.9267418384552002,0.07550257444381714
LSUI,2054.jpg,Zero guide,22.017093658447266,0.6827507019042969,0.1620243489742279
LSUI,2055.jpg,Zero guide,14.876132011413574,0.6606625914573669,0.4259781539440155
LSUI,2054.jpg,Uniform guide,21.06389617919922,0.7467290759086609,0.17361344397068024
LSUI,2055.jpg,Uniform guide,16.946510314941406,0.7214847207069397,0.3398258686065674
LSUI,2054.jpg,Raw-input guide,18.64874267578125,0.6445202231407166,0.13704520463943481
LSUI,2055.jpg,Raw-input guide,19.405099868774414,0.7890181541442871,0.2423119843006134
LSUI,2054.jpg,Cross-image guide,18.492393493652344,0.609163224697113,0.1612253189086914
LSUI,2055.jpg,Cross-image guide,16.058670043945312,0.7092198729515076,0.40277111530303955
LSUI,2054.jpg,Full spatial guide,18.66702651977539,0.644835889339447,0.13773426413536072
LSUI,2055.jpg,Full spatial guide,19.477008819580078,0.7898402214050293,0.23791687190532684
LSUI,2056.jpg,Zero guide,26.864582061767578,0.8160853385925293,0.08703983575105667
LSUI,2057.jpg,Zero guide,21.508939743041992,0.9125756621360779,0.15446218848228455
LSUI,2056.jpg,Uniform guide,25.11237907409668,0.8715975880622864,0.1020020842552185
LSUI,2057.jpg,Uniform guide,18.577655792236328,0.8583231568336487,0.1759050190448761
LSUI,2056.jpg,Raw-input guide,30.319787979125977,0.8753175735473633,0.06509269773960114
LSUI,2057.jpg,Raw-input guide,24.393102645874023,0.9326446652412415,0.12934783101081848
LSUI,2056.jpg,Cross-image guide,29.706296920776367,0.885918915271759,0.06484107673168182
LSUI,2057.jpg,Cross-image guide,22.156715393066406,0.9177441596984863,0.1423371285200119
LSUI,2056.jpg,Full spatial guide,30.320894241333008,0.8754417896270752,0.06507541984319687
LSUI,2057.jpg,Full spatial guide,24.380083084106445,0.9323778748512268,0.12958715856075287
LSUI,2058.jpg,Zero guide,24.096908569335938,0.8813465237617493,0.15953654050827026
LSUI,2059.jpg,Zero guide,27.194068908691406,0.9000873565673828,0.1528843492269516
LSUI,2058.jpg,Uniform guide,22.654401779174805,0.8381772041320801,0.24507349729537964
LSUI,2059.jpg,Uniform guide,26.355125427246094,0.8970080018043518,0.12901420891284943
LSUI,2058.jpg,Raw-input guide,27.52678871154785,0.9077339172363281,0.07881928980350494
LSUI,2059.jpg,Raw-input guide,26.963727951049805,0.9040687680244446,0.10194118320941925
LSUI,2058.jpg,Cross-image guide,27.00954818725586,0.9030928611755371,0.07939336448907852
LSUI,2059.jpg,Cross-image guide,27.407657623291016,0.9028215408325195,0.1201767548918724
LSUI,2058.jpg,Full spatial guide,27.52490997314453,0.9078092575073242,0.07908036559820175
LSUI,2059.jpg,Full spatial guide,27.448322296142578,0.9056685566902161,0.10109315812587738
LSUI,2060.jpg,Zero guide,22.178695678710938,0.8704017996788025,0.14434917271137238
LSUI,2061.jpg,Zero guide,20.293907165527344,0.8582333922386169,0.14947721362113953
LSUI,2060.jpg,Uniform guide,20.539628982543945,0.8248436450958252,0.20835597813129425
LSUI,2061.jpg,Uniform guide,16.918203353881836,0.7952805161476135,0.14453110098838806
LSUI,2060.jpg,Raw-input guide,28.1984806060791,0.9103634357452393,0.07490915805101395
LSUI,2061.jpg,Raw-input guide,19.89861297607422,0.819327175617218,0.18606185913085938
LSUI,2060.jpg,Cross-image guide,25.709911346435547,0.9034468531608582,0.07600879669189453
LSUI,2061.jpg,Cross-image guide,20.182498931884766,0.8423177599906921,0.1565430462360382
LSUI,2060.jpg,Full spatial guide,28.218040466308594,0.9103303551673889,0.07494623959064484
LSUI,2061.jpg,Full spatial guide,19.28289794921875,0.7942082285881042,0.19693155586719513
LSUI,2062.jpg,Zero guide,25.31390380859375,0.789496123790741,0.30858445167541504
LSUI,2063.jpg,Zero guide,26.25972557067871,0.8707558512687683,0.15450720489025116
LSUI,2062.jpg,Uniform guide,21.722505569458008,0.7553831934928894,0.3671318292617798
LSUI,2063.jpg,Uniform guide,24.8173885345459,0.8558247089385986,0.13547870516777039
LSUI,2062.jpg,Raw-input guide,26.645374298095703,0.8171042799949646,0.22352154552936554
LSUI,2063.jpg,Raw-input guide,28.45245361328125,0.8714179992675781,0.1180618405342102
LSUI,2062.jpg,Cross-image guide,26.10788345336914,0.8024089932441711,0.25180819630622864
LSUI,2063.jpg,Cross-image guide,26.64189338684082,0.8631777763366699,0.12801799178123474
LSUI,2062.jpg,Full spatial guide,26.69965362548828,0.818023681640625,0.22216635942459106
LSUI,2063.jpg,Full spatial guide,29.104955673217773,0.8731991648674011,0.11632569134235382
LSUI,2064.jpg,Zero guide,27.113550186157227,0.9002519249916077,0.14617206156253815
LSUI,2065.jpg,Zero guide,23.920246124267578,0.7687194347381592,0.1809369921684265
LSUI,2064.jpg,Uniform guide,24.318115234375,0.8530257344245911,0.20408275723457336
LSUI,2065.jpg,Uniform guide,18.778518676757812,0.7229483723640442,0.2874203026294708
LSUI,2064.jpg,Raw-input guide,28.682266235351562,0.9085860252380371,0.08857731521129608
LSUI,2065.jpg,Raw-input guide,24.657670974731445,0.8154237866401672,0.14588138461112976
LSUI,2064.jpg,Cross-image guide,27.09724235534668,0.9026484489440918,0.10947942733764648
LSUI,2065.jpg,Cross-image guide,27.019790649414062,0.832206666469574,0.12635983526706696
LSUI,2064.jpg,Full spatial guide,28.712142944335938,0.908416211605072,0.08859530836343765
LSUI,2065.jpg,Full spatial guide,24.680252075195312,0.8158969283103943,0.1454392671585083
LSUI,2066.jpg,Zero guide,23.717628479003906,0.78926020860672,0.1745397001504898
LSUI,2067.jpg,Zero guide,21.096519470214844,0.8661037087440491,0.23129728436470032
LSUI,2066.jpg,Uniform guide,18.180614471435547,0.7115853428840637,0.25035303831100464
LSUI,2067.jpg,Uniform guide,20.314159393310547,0.8571028113365173,0.28647878766059875
LSUI,2066.jpg,Raw-input guide,26.862525939941406,0.8330865502357483,0.1406276375055313
LSUI,2067.jpg,Raw-input guide,27.71099281311035,0.9051878452301025,0.08994855731725693
LSUI,2066.jpg,Cross-image guide,26.1347599029541,0.8315649628639221,0.13804113864898682
LSUI,2067.jpg,Cross-image guide,24.76414680480957,0.8895490169525146,0.1475888043642044
LSUI,2066.jpg,Full spatial guide,26.839618682861328,0.832876980304718,0.14086541533470154
LSUI,2067.jpg,Full spatial guide,27.944726943969727,0.906982421875,0.08806534111499786
LSUI,2068.jpg,Zero guide,16.382797241210938,0.8783845901489258,0.24791491031646729
LSUI,2069.jpg,Zero guide,19.480093002319336,0.6748815178871155,0.13896964490413666
LSUI,2068.jpg,Uniform guide,16.732574462890625,0.8772022724151611,0.24470798671245575
LSUI,2069.jpg,Uniform guide,19.086095809936523,0.6968016624450684,0.19903558492660522
LSUI,2068.jpg,Raw-input guide,15.436955451965332,0.875114917755127,0.2735077738761902
LSUI,2069.jpg,Raw-input guide,21.668928146362305,0.7005167603492737,0.15607282519340515
LSUI,2068.jpg,Cross-image guide,15.916791915893555,0.8742494583129883,0.26479387283325195
LSUI,2069.jpg,Cross-image guide,18.500545501708984,0.7010931968688965,0.16447602212429047
LSUI,2068.jpg,Full spatial guide,15.557455062866211,0.8764522075653076,0.27263593673706055
LSUI,2069.jpg,Full spatial guide,21.545045852661133,0.6978963017463684,0.15524661540985107
LSUI,2070.jpg,Zero guide,27.93245506286621,0.9289554953575134,0.10282651335000992
LSUI,2071.jpg,Zero guide,25.963172912597656,0.9087120890617371,0.09442849457263947
LSUI,2070.jpg,Uniform guide,19.245534896850586,0.8655726909637451,0.20598042011260986
LSUI,2071.jpg,Uniform guide,28.100099563598633,0.9191338419914246,0.06752274185419083
LSUI,2070.jpg,Raw-input guide,29.679901123046875,0.9314744472503662,0.0910017192363739
LSUI,2071.jpg,Raw-input guide,31.302669525146484,0.9244454503059387,0.05226902663707733
LSUI,2070.jpg,Cross-image guide,25.94447135925293,0.9269270896911621,0.10573999583721161
LSUI,2071.jpg,Cross-image guide,30.81050682067871,0.9243416786193848,0.0574137344956398
LSUI,2070.jpg,Full spatial guide,29.44165802001953,0.9326126575469971,0.08999987691640854
LSUI,2071.jpg,Full spatial guide,31.334774017333984,0.9244815707206726,0.052231382578611374
LSUI,2072.jpg,Zero guide,24.811100006103516,0.9013859629631042,0.1281377673149109
LSUI,2073.jpg,Zero guide,25.23874282836914,0.8640947937965393,0.16303303837776184
LSUI,2072.jpg,Uniform guide,24.217920303344727,0.8968289494514465,0.14196613430976868
LSUI,2073.jpg,Uniform guide,18.022768020629883,0.7245073914527893,0.2816959321498871
LSUI,2072.jpg,Raw-input guide,26.916170120239258,0.9164023399353027,0.08978888392448425
LSUI,2073.jpg,Raw-input guide,28.43297576904297,0.8773186802864075,0.12810347974300385
LSUI,2072.jpg,Cross-image guide,26.81134033203125,0.9152634739875793,0.08982743322849274
LSUI,2073.jpg,Cross-image guide,25.95716094970703,0.8516923785209656,0.15312683582305908
LSUI,2072.jpg,Full spatial guide,26.894481658935547,0.9161481857299805,0.08986656367778778
LSUI,2073.jpg,Full spatial guide,28.453304290771484,0.876488447189331,0.13017605245113373
LSUI,2074.jpg,Zero guide,25.65764617919922,0.9467983841896057,0.16402623057365417
LSUI,2075.jpg,Zero guide,21.196311950683594,0.7819209098815918,0.13258980214595795
LSUI,2074.jpg,Uniform guide,23.55443572998047,0.9379480481147766,0.20753532648086548
LSUI,2075.jpg,Uniform guide,20.445985794067383,0.7809260487556458,0.1365077793598175
LSUI,2074.jpg,Raw-input guide,23.601436614990234,0.9380499720573425,0.18125313520431519
LSUI,2075.jpg,Raw-input guide,25.925365447998047,0.8574931025505066,0.08882853388786316
LSUI,2074.jpg,Cross-image guide,26.862611770629883,0.9481565356254578,0.16557712852954865
LSUI,2075.jpg,Cross-image guide,23.566150665283203,0.7974302172660828,0.09415756165981293
LSUI,2074.jpg,Full spatial guide,23.542247772216797,0.9378499388694763,0.18166323006153107
LSUI,2075.jpg,Full spatial guide,25.934707641601562,0.8573606014251709,0.08887628465890884
LSUI,2997.jpg,Zero guide,22.25069808959961,0.8961078524589539,0.16832293570041656
LSUI,2998.jpg,Zero guide,25.662288665771484,0.7579447627067566,0.12954027950763702
LSUI,2997.jpg,Uniform guide,17.423839569091797,0.8646795749664307,0.25630295276641846
LSUI,2998.jpg,Uniform guide,24.554489135742188,0.7731876373291016,0.15671318769454956
LSUI,2997.jpg,Raw-input guide,19.222875595092773,0.8879537582397461,0.15507061779499054
LSUI,2998.jpg,Raw-input guide,27.192031860351562,0.8407750129699707,0.08905434608459473
LSUI,2997.jpg,Cross-image guide,19.917137145996094,0.893850564956665,0.22076651453971863
LSUI,2998.jpg,Cross-image guide,27.401182174682617,0.8162693977355957,0.08861906081438065
LSUI,2997.jpg,Full spatial guide,19.232433319091797,0.8865174651145935,0.14698606729507446
LSUI,2998.jpg,Full spatial guide,27.192792892456055,0.8411313891410828,0.08903946727514267
LSUI,2999.jpg,Zero guide,25.31359100341797,0.8525290489196777,0.1805112361907959
LSUI,3000.jpg,Zero guide,24.851192474365234,0.8848703503608704,0.19454500079154968
LSUI,2999.jpg,Uniform guide,23.5255126953125,0.8385753631591797,0.21023911237716675
LSUI,3000.jpg,Uniform guide,24.944416046142578,0.8630416989326477,0.2759759724140167
LSUI,2999.jpg,Raw-input guide,30.943965911865234,0.8978675007820129,0.09595954418182373
LSUI,3000.jpg,Raw-input guide,29.275510787963867,0.9065820574760437,0.09148028492927551
LSUI,2999.jpg,Cross-image guide,28.784732818603516,0.8734176754951477,0.11632536351680756
LSUI,3000.jpg,Cross-image guide,29.030479431152344,0.9016388058662415,0.10075484216213226
LSUI,2999.jpg,Full spatial guide,30.94870376586914,0.8979594111442566,0.09569390118122101
LSUI,3000.jpg,Full spatial guide,29.25600814819336,0.90664142370224,0.09145285934209824
LSUI,3001.jpg,Zero guide,27.8790283203125,0.9226091504096985,0.16150608658790588
LSUI,3002.jpg,Zero guide,25.197904586791992,0.8100679516792297,0.13600540161132812
LSUI,3001.jpg,Uniform guide,22.240009307861328,0.9051650166511536,0.16674689948558807
LSUI,3002.jpg,Uniform guide,17.460405349731445,0.7443601489067078,0.26206880807876587
LSUI,3001.jpg,Raw-input guide,22.48914337158203,0.9068572521209717,0.1317419409751892
LSUI,3002.jpg,Raw-input guide,29.994503021240234,0.8994356989860535,0.08261005580425262
LSUI,3001.jpg,Cross-image guide,27.428075790405273,0.9158122539520264,0.14798471331596375
LSUI,3002.jpg,Cross-image guide,27.791271209716797,0.83612060546875,0.09074071794748306
LSUI,3001.jpg,Full spatial guide,22.24744987487793,0.9079280495643616,0.12730702757835388
LSUI,3002.jpg,Full spatial guide,29.950931549072266,0.8997322916984558,0.0836167111992836
LSUI,3003.jpg,Zero guide,18.428194046020508,0.823859453201294,0.3511617183685303
LSUI,3004.jpg,Zero guide,28.639976501464844,0.9174728393554688,0.1281818300485611
LSUI,3003.jpg,Uniform guide,19.336103439331055,0.8275130391120911,0.3712078332901001
LSUI,3004.jpg,Uniform guide,21.54496192932129,0.8590767979621887,0.2707645297050476
LSUI,3003.jpg,Raw-input guide,24.306045532226562,0.8675384521484375,0.19436712563037872
LSUI,3004.jpg,Raw-input guide,29.61185073852539,0.921658992767334,0.09784816205501556
LSUI,3003.jpg,Cross-image guide,23.589237213134766,0.860652506351471,0.20586548745632172
LSUI,3004.jpg,Cross-image guide,29.734479904174805,0.9197301864624023,0.09579601138830185
LSUI,3003.jpg,Full spatial guide,24.33546257019043,0.8683616518974304,0.19434361159801483
LSUI,3004.jpg,Full spatial guide,29.446746826171875,0.9215840697288513,0.09805373102426529
LSUI,3005.jpg,Zero guide,24.8837833404541,0.8792402148246765,0.15686973929405212
LSUI,3006.jpg,Zero guide,24.017810821533203,0.7916390299797058,0.1504645049571991
LSUI,3005.jpg,Uniform guide,27.246627807617188,0.8933343887329102,0.1387501060962677
LSUI,3006.jpg,Uniform guide,17.402957916259766,0.6986406445503235,0.28703898191452026
LSUI,3005.jpg,Raw-input guide,27.766334533691406,0.9063196778297424,0.08666762709617615
LSUI,3006.jpg,Raw-input guide,26.781497955322266,0.8261646628379822,0.12513835728168488
LSUI,3005.jpg,Cross-image guide,27.392906188964844,0.9031980633735657,0.09110613912343979
LSUI,3006.jpg,Cross-image guide,26.605043411254883,0.8140487670898438,0.10911927372217178
LSUI,3005.jpg,Full spatial guide,27.825580596923828,0.9065387845039368,0.08643120527267456
LSUI,3006.jpg,Full spatial guide,26.78534698486328,0.82598876953125,0.12537677586078644
LSUI,3007.jpg,Zero guide,24.47784423828125,0.8735974431037903,0.22324888408184052
LSUI,3008.jpg,Zero guide,23.610593795776367,0.8671041131019592,0.14759458601474762
LSUI,3007.jpg,Uniform guide,21.14936637878418,0.8340863585472107,0.33258897066116333
LSUI,3008.jpg,Uniform guide,21.157554626464844,0.855621874332428,0.20028084516525269
LSUI,3007.jpg,Raw-input guide,26.66276741027832,0.8893672823905945,0.17099079489707947
LSUI,3008.jpg,Raw-input guide,30.534412384033203,0.9154548645019531,0.07008733600378036
LSUI,3007.jpg,Cross-image guide,26.55059814453125,0.8912288546562195,0.1648639738559723
LSUI,3008.jpg,Cross-image guide,30.042457580566406,0.9063113331794739,0.07270662486553192
LSUI,3007.jpg,Full spatial guide,26.68998908996582,0.8895800709724426,0.1701584756374359
LSUI,3008.jpg,Full spatial guide,30.533885955810547,0.9154524207115173,0.07008567452430725
LSUI,3009.jpg,Zero guide,21.070775985717773,0.8761122226715088,0.1900371015071869
LSUI,3010.jpg,Zero guide,25.85028648376465,0.9030184149742126,0.15222954750061035
LSUI,3009.jpg,Uniform guide,21.23784828186035,0.8660847544670105,0.2632676661014557
LSUI,3010.jpg,Uniform guide,24.5350284576416,0.8766748309135437,0.28383177518844604
LSUI,3009.jpg,Raw-input guide,25.84180450439453,0.9053456783294678,0.11573750525712967
LSUI,3010.jpg,Raw-input guide,28.682178497314453,0.9121071696281433,0.09916657954454422
LSUI,3009.jpg,Cross-image guide,25.829256057739258,0.9049627780914307,0.1068747267127037
LSUI,3010.jpg,Cross-image guide,27.961196899414062,0.9095728993415833,0.11199497431516647
LSUI,3009.jpg,Full spatial guide,25.80730438232422,0.9053567051887512,0.114383764564991
LSUI,3010.jpg,Full spatial guide,28.682235717773438,0.9121344685554504,0.09901955723762512
LSUI,3011.jpg,Zero guide,29.04484748840332,0.8789665102958679,0.08982199430465698
LSUI,3012.jpg,Zero guide,22.698486328125,0.8734734654426575,0.2828346788883209
LSUI,3011.jpg,Uniform guide,29.695110321044922,0.7855483889579773,0.11727728694677353
LSUI,3012.jpg,Uniform guide,21.64963722229004,0.864945650100708,0.3775254786014557
LSUI,3011.jpg,Raw-input guide,30.84653091430664,0.8735880851745605,0.07635708898305893
LSUI,3012.jpg,Raw-input guide,27.850725173950195,0.9193175435066223,0.12023617327213287
LSUI,3011.jpg,Cross-image guide,32.40443420410156,0.8739185929298401,0.07497304677963257
LSUI,3012.jpg,Cross-image guide,27.469364166259766,0.9155533909797668,0.1211525946855545
LSUI,3011.jpg,Full spatial guide,30.966796875,0.8729977607727051,0.07612145692110062
LSUI,3012.jpg,Full spatial guide,27.866092681884766,0.9198467135429382,0.12037912756204605
LSUI,3013.jpg,Zero guide,25.01024055480957,0.8243439197540283,0.17486540973186493
LSUI,3014.jpg,Zero guide,24.776042938232422,0.7880740165710449,0.1728384792804718
LSUI,3013.jpg,Uniform guide,18.945663452148438,0.7436137795448303,0.27212095260620117
LSUI,3014.jpg,Uniform guide,18.954315185546875,0.734000027179718,0.2768923044204712
LSUI,3013.jpg,Raw-input guide,29.539989471435547,0.8978747725486755,0.1146077811717987
LSUI,3014.jpg,Raw-input guide,25.34528923034668,0.8339411616325378,0.13990846276283264
LSUI,3013.jpg,Cross-image guide,30.283605575561523,0.8962587714195251,0.13482613861560822
LSUI,3014.jpg,Cross-image guide,26.45568084716797,0.8230493664741516,0.12423078715801239
LSUI,3013.jpg,Full spatial guide,28.827781677246094,0.8960590362548828,0.11545911431312561
LSUI,3014.jpg,Full spatial guide,25.36991310119629,0.8344162106513977,0.13951554894447327
LSUI,3015.jpg,Zero guide,24.444202423095703,0.8637996315956116,0.2983938455581665
LSUI,3016.jpg,Zero guide,19.84476661682129,0.7980671525001526,0.34121274948120117
LSUI,3015.jpg,Uniform guide,21.47305679321289,0.8214481472969055,0.402256578207016
LSUI,3016.jpg,Uniform guide,21.579246520996094,0.819142758846283,0.3401457965373993
LSUI,3015.jpg,Raw-input guide,26.755369186401367,0.8888646960258484,0.15776878595352173
LSUI,3016.jpg,Raw-input guide,27.31808090209961,0.8704476356506348,0.14018669724464417
LSUI,3015.jpg,Cross-image guide,26.95807647705078,0.8906674981117249,0.16333791613578796
LSUI,3016.jpg,Cross-image guide,26.59044075012207,0.8643696904182434,0.14648307859897614
LSUI,3015.jpg,Full spatial guide,27.138504028320312,0.8905159831047058,0.15561111271381378
LSUI,3016.jpg,Full spatial guide,27.316198348999023,0.8704701066017151,0.14010056853294373
LSUI,3017.jpg,Zero guide,28.2662410736084,0.9164212346076965,0.13473591208457947
LSUI,3018.jpg,Zero guide,27.284358978271484,0.8785555362701416,0.06116810068488121
LSUI,3017.jpg,Uniform guide,27.8157901763916,0.9194765686988831,0.1011083722114563
LSUI,3018.jpg,Uniform guide,30.974262237548828,0.9155401587486267,0.05670754611492157
LSUI,3017.jpg,Raw-input guide,29.783048629760742,0.9255983233451843,0.07291235029697418
LSUI,3018.jpg,Raw-input guide,30.224943161010742,0.908806324005127,0.060513898730278015
LSUI,3017.jpg,Cross-image guide,29.083148956298828,0.9237227439880371,0.08049710839986801
LSUI,3018.jpg,Cross-image guide,29.460447311401367,0.9145987629890442,0.06594369560480118
LSUI,3017.jpg,Full spatial guide,29.781158447265625,0.9255892634391785,0.07275833934545517
LSUI,3018.jpg,Full spatial guide,30.22553253173828,0.9088007807731628,0.060526855289936066
LSUI,3019.jpg,Zero guide,26.390094757080078,0.8692715764045715,0.2652069926261902
LSUI,3020.jpg,Zero guide,20.66320037841797,0.8360397815704346,0.29084205627441406
LSUI,3019.jpg,Uniform guide,16.449010848999023,0.6845782399177551,0.4242672324180603
LSUI,3020.jpg,Uniform guide,15.751361846923828,0.714506208896637,0.39015650749206543
LSUI,3019.jpg,Raw-input guide,26.977121353149414,0.876018226146698,0.18965205550193787
LSUI,3020.jpg,Raw-input guide,25.958749771118164,0.8855111002922058,0.1381177455186844
LSUI,3019.jpg,Cross-image guide,25.927799224853516,0.8727762699127197,0.2097872644662857
LSUI,3020.jpg,Cross-image guide,21.324790954589844,0.8612270951271057,0.1876431256532669
LSUI,3019.jpg,Full spatial guide,27.017087936401367,0.876414954662323,0.18991971015930176
LSUI,3020.jpg,Full spatial guide,25.886003494262695,0.8855311274528503,0.1385738104581833
LSUI,3021.jpg,Zero guide,24.635923385620117,0.7820334434509277,0.1602204442024231
LSUI,3022.jpg,Zero guide,23.803150177001953,0.8971993327140808,0.1648809164762497
LSUI,3021.jpg,Uniform guide,19.921131134033203,0.75006103515625,0.263825386762619
LSUI,3022.jpg,Uniform guide,15.778287887573242,0.7639994025230408,0.264400452375412
LSUI,3021.jpg,Raw-input guide,27.40499496459961,0.8731220364570618,0.10948570817708969
LSUI,3022.jpg,Raw-input guide,28.02812385559082,0.9122856259346008,0.10105785727500916
LSUI,3021.jpg,Cross-image guide,26.032142639160156,0.7999593615531921,0.12757615745067596
LSUI,3022.jpg,Cross-image guide,25.425607681274414,0.904825747013092,0.1069965586066246
LSUI,3021.jpg,Full spatial guide,27.406625747680664,0.8731206059455872,0.10941261053085327
LSUI,3022.jpg,Full spatial guide,28.12097930908203,0.9124839901924133,0.09954570233821869
LSUI,3023.jpg,Zero guide,22.72390365600586,0.8154125213623047,0.23392191529273987
LSUI,3024.jpg,Zero guide,22.505611419677734,0.8411293029785156,0.31053751707077026
LSUI,3023.jpg,Uniform guide,18.692825317382812,0.7757739424705505,0.2916524410247803
LSUI,3024.jpg,Uniform guide,21.63007354736328,0.812473714351654,0.42224350571632385
LSUI,3023.jpg,Raw-input guide,27.993370056152344,0.8603437542915344,0.14372310042381287
LSUI,3024.jpg,Raw-input guide,24.58698272705078,0.8705530166625977,0.19119125604629517
LSUI,3023.jpg,Cross-image guide,26.08608055114746,0.8394439220428467,0.14449161291122437
LSUI,3024.jpg,Cross-image guide,27.64086151123047,0.8777772784233093,0.1659023016691208
LSUI,3023.jpg,Full spatial guide,27.972719192504883,0.8604245185852051,0.14320681989192963
LSUI,3024.jpg,Full spatial guide,25.185619354248047,0.8737361431121826,0.17960499227046967
LSUI,3025.jpg,Zero guide,25.62740135192871,0.8976337313652039,0.15364035964012146
LSUI,3026.jpg,Zero guide,24.753372192382812,0.8069953918457031,0.16229671239852905
LSUI,3025.jpg,Uniform guide,18.1859130859375,0.829871654510498,0.29716363549232483
LSUI,3026.jpg,Uniform guide,23.898107528686523,0.7958931922912598,0.16524581611156464
LSUI,3025.jpg,Raw-input guide,29.053918838500977,0.9096018671989441,0.09505142271518707
LSUI,3026.jpg,Raw-input guide,27.214569091796875,0.83524489402771,0.11591729521751404
LSUI,3025.jpg,Cross-image guide,28.008121490478516,0.9082525372505188,0.09299314022064209
LSUI,3026.jpg,Cross-image guide,27.313413619995117,0.8333629965782166,0.12076780200004578
LSUI,3025.jpg,Full spatial guide,28.844871520996094,0.9101033806800842,0.09433723241090775
LSUI,3026.jpg,Full spatial guide,27.196073532104492,0.8352651596069336,0.1160433366894722
LSUI,3027.jpg,Zero guide,23.449918746948242,0.7319729328155518,0.2006131112575531
LSUI,3028.jpg,Zero guide,23.76664924621582,0.8896494507789612,0.09917208552360535
LSUI,3027.jpg,Uniform guide,19.587594985961914,0.6878037452697754,0.22334282100200653
LSUI,3028.jpg,Uniform guide,24.620054244995117,0.8833664059638977,0.11284427344799042
LSUI,3027.jpg,Raw-input guide,27.198503494262695,0.7930271625518799,0.157246932387352
LSUI,3028.jpg,Raw-input guide,26.835189819335938,0.8448421359062195,0.0869787409901619
LSUI,3027.jpg,Cross-image guide,26.088830947875977,0.7701301574707031,0.16141173243522644
LSUI,3028.jpg,Cross-image guide,28.225357055664062,0.8971536159515381,0.09429832547903061
LSUI,3027.jpg,Full spatial guide,27.20720672607422,0.7930488586425781,0.15725058317184448
LSUI,3028.jpg,Full spatial guide,26.923933029174805,0.8450355529785156,0.08719819784164429
LSUI,3029.jpg,Zero guide,25.792346954345703,0.8953431248664856,0.1845005303621292
LSUI,3030.jpg,Zero guide,17.701932907104492,0.8583798408508301,0.20158405601978302
LSUI,3029.jpg,Uniform guide,28.585796356201172,0.9047167897224426,0.15713942050933838
LSUI,3030.jpg,Uniform guide,18.5161190032959,0.8277009129524231,0.2474323958158493
LSUI,3029.jpg,Raw-input guide,29.357994079589844,0.9112058281898499,0.12932980060577393
LSUI,3030.jpg,Raw-input guide,27.857887268066406,0.9135474562644958,0.10881711542606354
LSUI,3029.jpg,Cross-image guide,29.138383865356445,0.9084412455558777,0.14157387614250183
LSUI,3030.jpg,Cross-image guide,27.409542083740234,0.9110124111175537,0.11285962164402008
LSUI,3029.jpg,Full spatial guide,29.348796844482422,0.9112727046012878,0.1276284158229828
LSUI,3030.jpg,Full spatial guide,27.924537658691406,0.9136567711830139,0.1089729517698288
LSUI,3031.jpg,Zero guide,22.752471923828125,0.8625139594078064,0.17567943036556244
LSUI,3032.jpg,Zero guide,28.149030685424805,0.8944633603096008,0.21064192056655884
LSUI,3031.jpg,Uniform guide,22.368438720703125,0.8926186561584473,0.22119168937206268
LSUI,3032.jpg,Uniform guide,28.922157287597656,0.8979828953742981,0.13892145454883575
LSUI,3031.jpg,Raw-input guide,27.308746337890625,0.9323952198028564,0.06963752210140228
LSUI,3032.jpg,Raw-input guide,30.0601749420166,0.9015517830848694,0.10593853145837784
LSUI,3031.jpg,Cross-image guide,28.19910430908203,0.911867082118988,0.08556924760341644
LSUI,3032.jpg,Cross-image guide,29.693660736083984,0.9008178114891052,0.1017126813530922
LSUI,3031.jpg,Full spatial guide,27.35702133178711,0.932828426361084,0.06964793056249619
LSUI,3032.jpg,Full spatial guide,30.06790542602539,0.9015660881996155,0.1055542379617691
LSUI,3033.jpg,Zero guide,25.727813720703125,0.8871005177497864,0.21006447076797485
LSUI,3034.jpg,Zero guide,25.54340362548828,0.8994640707969666,0.18624909222126007
LSUI,3033.jpg,Uniform guide,23.769908905029297,0.8640342354774475,0.3603242039680481
LSUI,3034.jpg,Uniform guide,20.507123947143555,0.8019765019416809,0.27759861946105957
LSUI,3033.jpg,Raw-input guide,27.099332809448242,0.9004084467887878,0.1323947161436081
LSUI,3034.jpg,Raw-input guide,28.272302627563477,0.9189605116844177,0.10832859575748444
LSUI,3033.jpg,Cross-image guide,25.885255813598633,0.8980618119239807,0.13775458931922913
LSUI,3034.jpg,Cross-image guide,27.992782592773438,0.9189185500144958,0.11890406906604767
LSUI,3033.jpg,Full spatial guide,27.10727882385254,0.9005143642425537,0.13203617930412292
LSUI,3034.jpg,Full spatial guide,28.27981948852539,0.918922483921051,0.1079929769039154
LSUI,3035.jpg,Zero guide,26.988632202148438,0.9138504862785339,0.1520630121231079
LSUI,3036.jpg,Zero guide,26.289623260498047,0.858361542224884,0.1475682109594345
LSUI,3035.jpg,Uniform guide,23.10741424560547,0.89088374376297,0.22239765524864197
LSUI,3036.jpg,Uniform guide,18.375221252441406,0.779525101184845,0.26908987760543823
LSUI,3035.jpg,Raw-input guide,27.517345428466797,0.9239869117736816,0.09589608758687973
LSUI,3036.jpg,Raw-input guide,27.347156524658203,0.8600959181785583,0.12146958708763123
LSUI,3035.jpg,Cross-image guide,27.465831756591797,0.9219439625740051,0.09719618409872055
LSUI,3036.jpg,Cross-image guide,27.699907302856445,0.8654541373252869,0.11797367036342621
LSUI,3035.jpg,Full spatial guide,27.51167106628418,0.9239972233772278,0.09588438272476196
LSUI,3036.jpg,Full spatial guide,27.415756225585938,0.860571563243866,0.1217355728149414
LSUI,3037.jpg,Zero guide,27.592243194580078,0.890490710735321,0.16783231496810913
LSUI,3038.jpg,Zero guide,23.138824462890625,0.9115982055664062,0.1120280995965004
LSUI,3037.jpg,Uniform guide,23.210281372070312,0.7736205458641052,0.22376731038093567
LSUI,3038.jpg,Uniform guide,20.066059112548828,0.8702219128608704,0.22593411803245544
LSUI,3037.jpg,Raw-input guide,29.90768814086914,0.9035093188285828,0.10555824637413025
LSUI,3038.jpg,Raw-input guide,28.597553253173828,0.9210730195045471,0.08848681300878525
LSUI,3037.jpg,Cross-image guide,30.78801727294922,0.9050331115722656,0.09567822515964508
LSUI,3038.jpg,Cross-image guide,28.54720687866211,0.922473132610321,0.09330485016107559
LSUI,3037.jpg,Full spatial guide,29.80137825012207,0.9029541611671448,0.10489713400602341
LSUI,3038.jpg,Full spatial guide,28.770706176757812,0.9212948679924011,0.08736035227775574
LSUI,3039.jpg,Zero guide,29.887760162353516,0.9025588035583496,0.19421374797821045
LSUI,3040.jpg,Zero guide,24.7657413482666,0.8457934856414795,0.1897478550672531
LSUI,3039.jpg,Uniform guide,27.94184112548828,0.9000630378723145,0.19066864252090454
LSUI,3040.jpg,Uniform guide,24.989469528198242,0.8403596878051758,0.14164391160011292
LSUI,3039.jpg,Raw-input guide,31.07363510131836,0.9102829098701477,0.11386622488498688
LSUI,3040.jpg,Raw-input guide,28.63666343688965,0.8918071389198303,0.13251511752605438
LSUI,3039.jpg,Cross-image guide,28.105867385864258,0.8990476131439209,0.13380175828933716
LSUI,3040.jpg,Cross-image guide,27.90500259399414,0.8832597136497498,0.13627392053604126
LSUI,3039.jpg,Full spatial guide,30.958209991455078,0.9102661609649658,0.11403700709342957
LSUI,3040.jpg,Full spatial guide,28.64190673828125,0.8911089301109314,0.1322757601737976
LSUI,3041.jpg,Zero guide,23.7032413482666,0.8877946734428406,0.09734776616096497
LSUI,3042.jpg,Zero guide,23.179719924926758,0.9213282465934753,0.13889935612678528
LSUI,3041.jpg,Uniform guide,15.192207336425781,0.7626276612281799,0.19974775612354279
LSUI,3042.jpg,Uniform guide,23.13959503173828,0.921687126159668,0.1491696536540985
LSUI,3041.jpg,Raw-input guide,29.03212547302246,0.9066699147224426,0.06958137452602386
LSUI,3042.jpg,Raw-input guide,25.580453872680664,0.9243931770324707,0.11967512220144272
LSUI,3041.jpg,Cross-image guide,28.192890167236328,0.9042295813560486,0.07401330769062042
LSUI,3042.jpg,Cross-image guide,26.885147094726562,0.9289373755455017,0.11282789707183838
LSUI,3041.jpg,Full spatial guide,29.071685791015625,0.9069284796714783,0.06881856918334961
LSUI,3042.jpg,Full spatial guide,25.74152183532715,0.9248275756835938,0.11831153929233551
LSUI,3043.jpg,Zero guide,22.622997283935547,0.8569408059120178,0.18996573984622955
LSUI,3044.jpg,Zero guide,26.194568634033203,0.9000895023345947,0.13624559342861176
LSUI,3043.jpg,Uniform guide,24.68341636657715,0.8604159355163574,0.15860337018966675
LSUI,3044.jpg,Uniform guide,21.532747268676758,0.8379562497138977,0.22465181350708008
LSUI,3043.jpg,Raw-input guide,22.34400177001953,0.8608458638191223,0.13515372574329376
LSUI,3044.jpg,Raw-input guide,25.694442749023438,0.8985133767127991,0.10615667700767517
LSUI,3043.jpg,Cross-image guide,16.723730087280273,0.844273567199707,0.1797790378332138
LSUI,3044.jpg,Cross-image guide,24.337413787841797,0.8918054699897766,0.11590397357940674
LSUI,3043.jpg,Full spatial guide,20.924551010131836,0.8585207462310791,0.14277562499046326
LSUI,3044.jpg,Full spatial guide,25.683128356933594,0.8985001444816589,0.10631881654262543
LSUI,3045.jpg,Zero guide,17.029979705810547,0.7763447165489197,0.20017418265342712
LSUI,3046.jpg,Zero guide,26.445037841796875,0.8933835625648499,0.21525269746780396
LSUI,3045.jpg,Uniform guide,16.658266067504883,0.7536507248878479,0.21663358807563782
LSUI,3046.jpg,Uniform guide,17.822853088378906,0.7514626979827881,0.3316109776496887
LSUI,3045.jpg,Raw-input guide,27.882781982421875,0.8880229592323303,0.08034641295671463
LSUI,3046.jpg,Raw-input guide,25.793659210205078,0.8994554877281189,0.1520145684480667
LSUI,3045.jpg,Cross-image guide,27.22140121459961,0.8514465689659119,0.09030593931674957
LSUI,3046.jpg,Cross-image guide,25.821226119995117,0.9007844924926758,0.15343111753463745
LSUI,3045.jpg,Full spatial guide,27.917545318603516,0.8881285786628723,0.0803154930472374
LSUI,3046.jpg,Full spatial guide,25.92779541015625,0.900239884853363,0.1495177149772644
LSUI,3047.jpg,Zero guide,25.107736587524414,0.8882630467414856,0.21012429893016815
LSUI,3048.jpg,Zero guide,26.2059383392334,0.9295745491981506,0.11518269777297974
LSUI,3047.jpg,Uniform guide,21.510906219482422,0.8446798324584961,0.32037949562072754
LSUI,3048.jpg,Uniform guide,23.23248291015625,0.9097204208374023,0.18256503343582153
LSUI,3047.jpg,Raw-input guide,27.690393447875977,0.9205591678619385,0.096334308385849
LSUI,3048.jpg,Raw-input guide,27.995952606201172,0.9413743615150452,0.08092694729566574
LSUI,3047.jpg,Cross-image guide,27.792827606201172,0.9212328791618347,0.09499877691268921
LSUI,3048.jpg,Cross-image guide,27.31542205810547,0.940405547618866,0.08094872534275055
LSUI,3047.jpg,Full spatial guide,27.732295989990234,0.9208052754402161,0.09549004584550858
LSUI,3048.jpg,Full spatial guide,27.99555206298828,0.9413698315620422,0.08092184364795685
LSUI,3049.jpg,Zero guide,23.514484405517578,0.8725287318229675,0.12579435110092163
LSUI,3050.jpg,Zero guide,21.594364166259766,0.8753992915153503,0.2500423192977905
LSUI,3049.jpg,Uniform guide,21.609432220458984,0.7987733483314514,0.19208364188671112
LSUI,3050.jpg,Uniform guide,21.198606491088867,0.8569050431251526,0.3264675438404083
LSUI,3049.jpg,Raw-input guide,27.389320373535156,0.8901507258415222,0.07833437621593475
LSUI,3050.jpg,Raw-input guide,26.79405975341797,0.9213847517967224,0.11177976429462433
LSUI,3049.jpg,Cross-image guide,28.698593139648438,0.9077000021934509,0.07993179559707642
LSUI,3050.jpg,Cross-image guide,26.166133880615234,0.9139094352722168,0.11834773421287537
LSUI,3049.jpg,Full spatial guide,27.504159927368164,0.8927664756774902,0.07828015834093094
LSUI,3050.jpg,Full spatial guide,26.792524337768555,0.921398937702179,0.11182235926389694
LSUI,3051.jpg,Zero guide,23.5972900390625,0.7504326701164246,0.12822459638118744
LSUI,3052.jpg,Zero guide,26.063385009765625,0.8804743885993958,0.20299246907234192
LSUI,3051.jpg,Uniform guide,17.23812484741211,0.6711516380310059,0.22753188014030457
LSUI,3052.jpg,Uniform guide,19.57958984375,0.8033812046051025,0.33679255843162537
LSUI,3051.jpg,Raw-input guide,27.438735961914062,0.8629887700080872,0.10124833136796951
LSUI,3052.jpg,Raw-input guide,25.429912567138672,0.8871290683746338,0.1406327784061432
LSUI,3051.jpg,Cross-image guide,26.9915771484375,0.7824046015739441,0.10045556724071503
LSUI,3052.jpg,Cross-image guide,25.105430603027344,0.8881657719612122,0.14464738965034485
LSUI,3051.jpg,Full spatial guide,27.4576358795166,0.8631047606468201,0.10121501982212067
LSUI,3052.jpg,Full spatial guide,25.53036117553711,0.887712299823761,0.13982321321964264
LSUI,3053.jpg,Zero guide,23.882123947143555,0.8827113509178162,0.16037924587726593
LSUI,3054.jpg,Zero guide,26.04854393005371,0.9203829169273376,0.10455599427223206
LSUI,3053.jpg,Uniform guide,24.397544860839844,0.860954761505127,0.24895510077476501
LSUI,3054.jpg,Uniform guide,25.387340545654297,0.913330078125,0.12588803470134735
LSUI,3053.jpg,Raw-input guide,29.006912231445312,0.9030590057373047,0.09628860652446747
LSUI,3054.jpg,Raw-input guide,27.888166427612305,0.9263665676116943,0.07341223955154419
LSUI,3053.jpg,Cross-image guide,28.205041885375977,0.9020736813545227,0.09819338470697403
LSUI,3054.jpg,Cross-image guide,27.646881103515625,0.926319420337677,0.07604418694972992
LSUI,3053.jpg,Full spatial guide,28.985382080078125,0.9030329585075378,0.09691843390464783
LSUI,3054.jpg,Full spatial guide,27.888181686401367,0.9263663291931152,0.07342054694890976
LSUI,3055.jpg,Zero guide,28.646203994750977,0.897489607334137,0.1596926748752594
LSUI,3056.jpg,Zero guide,26.01991844177246,0.8539299964904785,0.10173758864402771
LSUI,3055.jpg,Uniform guide,27.571857452392578,0.8804019093513489,0.1488913893699646
LSUI,3056.jpg,Uniform guide,28.241147994995117,0.8673387169837952,0.07282158732414246
LSUI,3055.jpg,Raw-input guide,29.431259155273438,0.9054694175720215,0.1047993153333664
LSUI,3056.jpg,Raw-input guide,28.817808151245117,0.8731605410575867,0.06611891090869904
LSUI,3055.jpg,Cross-image guide,29.665695190429688,0.9050208926200867,0.10021074116230011
LSUI,3056.jpg,Cross-image guide,28.76839828491211,0.8832079768180847,0.06723853945732117
LSUI,3055.jpg,Full spatial guide,29.49955177307129,0.905705451965332,0.1040436327457428
LSUI,3056.jpg,Full spatial guide,28.818744659423828,0.8731741309165955,0.06613226234912872
LSUI,3057.jpg,Zero guide,21.227970123291016,0.8770399689674377,0.2850903272628784
LSUI,3058.jpg,Zero guide,28.93413734436035,0.9486775398254395,0.09417742490768433
LSUI,3057.jpg,Uniform guide,21.459524154663086,0.8340682983398438,0.3781108856201172
LSUI,3058.jpg,Uniform guide,30.59370231628418,0.9513065814971924,0.05463350564241409
LSUI,3057.jpg,Raw-input guide,27.19414710998535,0.9021139740943909,0.14582087099552155
LSUI,3058.jpg,Raw-input guide,30.823925018310547,0.9520236849784851,0.04872969537973404
LSUI,3057.jpg,Cross-image guide,25.89488983154297,0.9023160338401794,0.16158291697502136
LSUI,3058.jpg,Cross-image guide,29.080955505371094,0.938933789730072,0.0493028461933136
LSUI,3057.jpg,Full spatial guide,27.596935272216797,0.9046564102172852,0.14386126399040222
LSUI,3058.jpg,Full spatial guide,30.892772674560547,0.9521054625511169,0.04862254858016968
LSUI,3059.jpg,Zero guide,24.64419174194336,0.8385645747184753,0.3031846284866333
LSUI,3060.jpg,Zero guide,26.955366134643555,0.9023602604866028,0.19514916837215424
LSUI,3059.jpg,Uniform guide,19.782745361328125,0.7797263264656067,0.5170012712478638
LSUI,3060.jpg,Uniform guide,23.085458755493164,0.8565241694450378,0.3252124786376953
LSUI,3059.jpg,Raw-input guide,26.65166473388672,0.8658656477928162,0.20883648097515106
LSUI,3060.jpg,Raw-input guide,24.988510131835938,0.9031691551208496,0.11787097156047821
LSUI,3059.jpg,Cross-image guide,26.710426330566406,0.8675469756126404,0.20803624391555786
LSUI,3060.jpg,Cross-image guide,24.224729537963867,0.9027841091156006,0.12356553971767426
LSUI,3059.jpg,Full spatial guide,26.649311065673828,0.8675110936164856,0.21042467653751373
LSUI,3060.jpg,Full spatial guide,25.53032684326172,0.9068713188171387,0.11661926656961441
LSUI,3061.jpg,Zero guide,29.44032859802246,0.9166662693023682,0.16694289445877075
LSUI,3062.jpg,Zero guide,25.943195343017578,0.885182797908783,0.1014188751578331
LSUI,3061.jpg,Uniform guide,24.703113555908203,0.8999970555305481,0.24099473655223846
LSUI,3062.jpg,Uniform guide,24.855329513549805,0.8566462993621826,0.14531102776527405
LSUI,3061.jpg,Raw-input guide,28.239788055419922,0.9188584685325623,0.12467359006404877
LSUI,3062.jpg,Raw-input guide,28.452749252319336,0.9318049550056458,0.0632239282131195
LSUI,3061.jpg,Cross-image guide,26.601821899414062,0.9132838845252991,0.1685250997543335
LSUI,3062.jpg,Cross-image guide,28.13613510131836,0.9265119433403015,0.06407143175601959
LSUI,3061.jpg,Full spatial guide,28.7753849029541,0.9197132587432861,0.11763794720172882
LSUI,3062.jpg,Full spatial guide,28.450611114501953,0.9314594268798828,0.06306043267250061
LSUI,3063.jpg,Zero guide,24.41226577758789,0.7859110832214355,0.1369730532169342
LSUI,3064.jpg,Zero guide,23.669334411621094,0.792264461517334,0.2163180112838745
LSUI,3063.jpg,Uniform guide,19.613739013671875,0.7804102301597595,0.2541798949241638
LSUI,3064.jpg,Uniform guide,19.77272605895996,0.748195469379425,0.28133711218833923
LSUI,3063.jpg,Raw-input guide,27.429601669311523,0.850519597530365,0.09639239311218262
LSUI,3064.jpg,Raw-input guide,28.961103439331055,0.8627846240997314,0.12503471970558167
LSUI,3063.jpg,Cross-image guide,27.214466094970703,0.8473913669586182,0.09891567379236221
LSUI,3064.jpg,Cross-image guide,26.686786651611328,0.8222396969795227,0.1477983444929123
LSUI,3063.jpg,Full spatial guide,27.42086410522461,0.8507240414619446,0.09645220637321472
LSUI,3064.jpg,Full spatial guide,29.00245475769043,0.862900972366333,0.1250515729188919
LSUI,3065.jpg,Zero guide,27.773193359375,0.8876407742500305,0.2018992304801941
LSUI,3066.jpg,Zero guide,27.313827514648438,0.9108776450157166,0.10226613283157349
LSUI,3065.jpg,Uniform guide,28.500349044799805,0.8911028504371643,0.15334279835224152
LSUI,3066.jpg,Uniform guide,27.27840805053711,0.9116544723510742,0.10427121818065643
LSUI,3065.jpg,Raw-input guide,29.363096237182617,0.8926194310188293,0.13960818946361542
LSUI,3066.jpg,Raw-input guide,29.128890991210938,0.9165513515472412,0.06266093254089355
LSUI,3065.jpg,Cross-image guide,29.187408447265625,0.8921402096748352,0.13945826888084412
LSUI,3066.jpg,Cross-image guide,29.086368560791016,0.9215493202209473,0.06363111734390259
LSUI,3065.jpg,Full spatial guide,29.317466735839844,0.8925216794013977,0.13856996595859528
LSUI,3066.jpg,Full spatial guide,29.129920959472656,0.9165847301483154,0.06263969093561172
LSUI,3067.jpg,Zero guide,23.48383903503418,0.9032240509986877,0.1356329321861267
LSUI,3068.jpg,Zero guide,21.7031307220459,0.8670560717582703,0.1902264952659607
LSUI,3067.jpg,Uniform guide,22.77843475341797,0.8845336437225342,0.24700400233268738
LSUI,3068.jpg,Uniform guide,20.868398666381836,0.8270428776741028,0.31956279277801514
LSUI,3067.jpg,Raw-input guide,26.406143188476562,0.9234530925750732,0.059296783059835434
LSUI,3068.jpg,Raw-input guide,26.092700958251953,0.895081102848053,0.11756058037281036
LSUI,3067.jpg,Cross-image guide,25.55099868774414,0.9210757613182068,0.06343426555395126
LSUI,3068.jpg,Cross-image guide,25.344417572021484,0.8932302594184875,0.11799068748950958
LSUI,3067.jpg,Full spatial guide,26.410730361938477,0.9234678745269775,0.05934520810842514
LSUI,3068.jpg,Full spatial guide,26.07561492919922,0.8950731754302979,0.1175810843706131
LSUI,3069.jpg,Zero guide,21.462818145751953,0.8534674644470215,0.21110868453979492
LSUI,3070.jpg,Zero guide,26.013566970825195,0.9063830375671387,0.15190444886684418
LSUI,3069.jpg,Uniform guide,18.990598678588867,0.7694143652915955,0.3113081753253937
LSUI,3070.jpg,Uniform guide,27.771404266357422,0.9105235934257507,0.12238384783267975
LSUI,3069.jpg,Raw-input guide,29.340456008911133,0.905090868473053,0.0935533344745636
LSUI,3070.jpg,Raw-input guide,31.084001541137695,0.9168447852134705,0.1006411463022232
LSUI,3069.jpg,Cross-image guide,27.93062973022461,0.9054162502288818,0.09722811728715897
LSUI,3070.jpg,Cross-image guide,32.171913146972656,0.9174386858940125,0.10147298872470856
LSUI,3069.jpg,Full spatial guide,29.396270751953125,0.9052696228027344,0.09391064196825027
LSUI,3070.jpg,Full spatial guide,31.133983612060547,0.9168971180915833,0.09993841499090195
LSUI,3071.jpg,Zero guide,20.325057983398438,0.8359825015068054,0.2979511022567749
LSUI,3072.jpg,Zero guide,27.234107971191406,0.9007428288459778,0.21084432303905487
LSUI,3071.jpg,Uniform guide,18.688037872314453,0.7995947003364563,0.434709370136261
LSUI,3072.jpg,Uniform guide,25.555238723754883,0.8992586135864258,0.2088034451007843
LSUI,3071.jpg,Raw-input guide,28.067569732666016,0.8915769457817078,0.13345271348953247
LSUI,3072.jpg,Raw-input guide,28.431804656982422,0.9183915257453918,0.11374959349632263
LSUI,3071.jpg,Cross-image guide,28.14208221435547,0.8917365074157715,0.13473385572433472
LSUI,3072.jpg,Cross-image guide,28.406160354614258,0.9170780777931213,0.10553399473428726
LSUI,3071.jpg,Full spatial guide,28.68634796142578,0.8940261006355286,0.13083727657794952
LSUI,3072.jpg,Full spatial guide,28.422950744628906,0.9184474945068359,0.11290902644395828
LSUI,3073.jpg,Zero guide,27.31672477722168,0.902932345867157,0.14446280896663666
LSUI,3074.jpg,Zero guide,25.181198120117188,0.9213652014732361,0.16483080387115479
LSUI,3073.jpg,Uniform guide,20.73724365234375,0.8448764681816101,0.2554817497730255
LSUI,3074.jpg,Uniform guide,22.348011016845703,0.8861190676689148,0.3594813644886017
LSUI,3073.jpg,Raw-input guide,29.230243682861328,0.9059877395629883,0.13901087641716003
LSUI,3074.jpg,Raw-input guide,27.622556686401367,0.9353735446929932,0.08812201768159866
LSUI,3073.jpg,Cross-image guide,27.04068374633789,0.9011724591255188,0.15238811075687408
LSUI,3074.jpg,Cross-image guide,27.64712142944336,0.9368537068367004,0.10476850718259811
LSUI,3073.jpg,Full spatial guide,29.12804412841797,0.9058818221092224,0.1389467418193817
LSUI,3074.jpg,Full spatial guide,27.871112823486328,0.9360653758049011,0.08677105605602264
LSUI,3075.jpg,Zero guide,28.10067367553711,0.9367138743400574,0.08225144445896149
LSUI,3076.jpg,Zero guide,27.46492576599121,0.9208305478096008,0.10410724580287933
LSUI,3075.jpg,Uniform guide,28.804134368896484,0.9404168128967285,0.06772850453853607
LSUI,3076.jpg,Uniform guide,29.557025909423828,0.9267684817314148,0.07366286963224411
LSUI,3075.jpg,Raw-input guide,29.845722198486328,0.9451307654380798,0.05132487043738365
LSUI,3076.jpg,Raw-input guide,29.15472984313965,0.9244478344917297,0.07444140315055847
LSUI,3075.jpg,Cross-image guide,29.909793853759766,0.9439628720283508,0.05054718255996704
LSUI,3076.jpg,Cross-image guide,27.205459594726562,0.9191510677337646,0.0822690799832344
LSUI,3075.jpg,Full spatial guide,29.84774398803711,0.9451284408569336,0.051298316568136215
LSUI,3076.jpg,Full spatial guide,29.156171798706055,0.9244444966316223,0.07443038374185562
LSUI,3077.jpg,Zero guide,28.482830047607422,0.8791980743408203,0.2146214246749878
LSUI,3078.jpg,Zero guide,23.540542602539062,0.8749009966850281,0.20089787244796753
LSUI,3077.jpg,Uniform guide,17.623411178588867,0.7517725825309753,0.42407020926475525
LSUI,3078.jpg,Uniform guide,22.174800872802734,0.8627939820289612,0.21379531919956207
LSUI,3077.jpg,Raw-input guide,28.241384506225586,0.8889895081520081,0.15509724617004395
LSUI,3078.jpg,Raw-input guide,29.45806312561035,0.9142670631408691,0.08571676909923553
LSUI,3077.jpg,Cross-image guide,28.016756057739258,0.8900867104530334,0.15157799422740936
LSUI,3078.jpg,Cross-image guide,28.85527801513672,0.9139294624328613,0.09487569332122803
LSUI,3077.jpg,Full spatial guide,28.231292724609375,0.8896973729133606,0.15417610108852386
LSUI,3078.jpg,Full spatial guide,29.437236785888672,0.9142395853996277,0.08562430739402771
LSUI,3079.jpg,Zero guide,19.64699363708496,0.8049800992012024,0.391125351190567
LSUI,3080.jpg,Zero guide,23.387910842895508,0.8954582810401917,0.10692938417196274
LSUI,3079.jpg,Uniform guide,20.886001586914062,0.7898661494255066,0.39650851488113403
LSUI,3080.jpg,Uniform guide,25.976638793945312,0.9128580093383789,0.09659083932638168
LSUI,3079.jpg,Raw-input guide,27.988723754882812,0.8641844391822815,0.19459162652492523
LSUI,3080.jpg,Raw-input guide,27.253089904785156,0.9118779301643372,0.07505403459072113
LSUI,3079.jpg,Cross-image guide,28.00088882446289,0.8651227355003357,0.19335931539535522
LSUI,3080.jpg,Cross-image guide,25.991863250732422,0.9168862700462341,0.07322979718446732
LSUI,3079.jpg,Full spatial guide,27.999881744384766,0.8642191290855408,0.1918371319770813
LSUI,3080.jpg,Full spatial guide,27.253089904785156,0.9118779301643372,0.07505403459072113
LSUI,3081.jpg,Zero guide,18.0361385345459,0.8031272888183594,0.26522064208984375
LSUI,3082.jpg,Zero guide,25.768817901611328,0.8695923686027527,0.11324083805084229
LSUI,3081.jpg,Uniform guide,17.234975814819336,0.7872522473335266,0.364822655916214
LSUI,3082.jpg,Uniform guide,23.92806625366211,0.8519836068153381,0.12904325127601624
LSUI,3081.jpg,Raw-input guide,31.102678298950195,0.9114263653755188,0.11333972215652466
LSUI,3082.jpg,Raw-input guide,28.911237716674805,0.8819710612297058,0.07969656586647034
LSUI,3081.jpg,Cross-image guide,30.037273406982422,0.9125258922576904,0.129014790058136
LSUI,3082.jpg,Cross-image guide,28.08349609375,0.8902708888053894,0.08158449828624725
LSUI,3081.jpg,Full spatial guide,31.098299026489258,0.9114976525306702,0.11369119584560394
LSUI,3082.jpg,Full spatial guide,28.906957626342773,0.8819572329521179,0.07972819358110428
LSUI,3083.jpg,Zero guide,26.053855895996094,0.8935074210166931,0.238989919424057
LSUI,3084.jpg,Zero guide,26.104984283447266,0.8848064541816711,0.16402864456176758
LSUI,3083.jpg,Uniform guide,16.640079498291016,0.7286583781242371,0.4091005325317383
LSUI,3084.jpg,Uniform guide,21.657283782958984,0.8576242327690125,0.29754382371902466
LSUI,3083.jpg,Raw-input guide,25.40602684020996,0.8982991576194763,0.1546221524477005
LSUI,3084.jpg,Raw-input guide,27.12100601196289,0.895489513874054,0.1164509505033493
LSUI,3083.jpg,Cross-image guide,24.198184967041016,0.8923892378807068,0.1732521504163742
LSUI,3084.jpg,Cross-image guide,27.87559700012207,0.8941926956176758,0.10823370516300201
LSUI,3083.jpg,Full spatial guide,25.46184539794922,0.8984537124633789,0.15498463809490204
LSUI,3084.jpg,Full spatial guide,27.07863998413086,0.8955609202384949,0.11510881036520004
LSUI,3085.jpg,Zero guide,25.120059967041016,0.8320716023445129,0.1870734840631485
LSUI,3086.jpg,Zero guide,23.267356872558594,0.8670218586921692,0.2314843088388443
LSUI,3085.jpg,Uniform guide,21.535547256469727,0.7627546787261963,0.2434103637933731
LSUI,3086.jpg,Uniform guide,21.537078857421875,0.8448500633239746,0.3349880278110504
LSUI,3085.jpg,Raw-input guide,30.324087142944336,0.8803049921989441,0.09936204552650452
LSUI,3086.jpg,Raw-input guide,24.459169387817383,0.8896912932395935,0.14908382296562195
LSUI,3085.jpg,Cross-image guide,29.19346809387207,0.8574185371398926,0.11773443222045898
LSUI,3086.jpg,Cross-image guide,24.95018768310547,0.8923618197441101,0.1345481276512146
LSUI,3085.jpg,Full spatial guide,30.42081069946289,0.8809974193572998,0.09982351958751678
LSUI,3086.jpg,Full spatial guide,24.461688995361328,0.8897099494934082,0.14902104437351227
LSUI,3087.jpg,Zero guide,23.95907211303711,0.8364927172660828,0.2308117300271988
LSUI,3088.jpg,Zero guide,26.637474060058594,0.8811212182044983,0.14519506692886353
LSUI,3087.jpg,Uniform guide,23.092632293701172,0.8218138217926025,0.27995142340660095
LSUI,3088.jpg,Uniform guide,19.046661376953125,0.7308796048164368,0.2600725293159485
LSUI,3087.jpg,Raw-input guide,28.00370979309082,0.8762231469154358,0.12676216661930084
LSUI,3088.jpg,Raw-input guide,27.12580680847168,0.8791162371635437,0.08822280913591385
LSUI,3087.jpg,Cross-image guide,27.870569229125977,0.8643243312835693,0.13544857501983643
LSUI,3088.jpg,Cross-image guide,26.877782821655273,0.8905112743377686,0.10155525803565979
LSUI,3087.jpg,Full spatial guide,27.99979019165039,0.8761449456214905,0.12659040093421936
LSUI,3088.jpg,Full spatial guide,27.034542083740234,0.8792564272880554,0.0878305658698082
LSUI,3089.jpg,Zero guide,26.257343292236328,0.9247317314147949,0.14567974209785461
LSUI,3090.jpg,Zero guide,24.374744415283203,0.8853752017021179,0.18022969365119934
LSUI,3089.jpg,Uniform guide,21.565420150756836,0.8989548683166504,0.23116883635520935
LSUI,3090.jpg,Uniform guide,23.185251235961914,0.8715474605560303,0.22332054376602173
LSUI,3089.jpg,Raw-input guide,29.19455337524414,0.9296367764472961,0.0861087366938591
LSUI,3090.jpg,Raw-input guide,26.646812438964844,0.8947660326957703,0.14515848457813263
LSUI,3089.jpg,Cross-image guide,32.449405670166016,0.9370083808898926,0.07700732350349426
LSUI,3090.jpg,Cross-image guide,26.209270477294922,0.8956325650215149,0.13128897547721863
LSUI,3089.jpg,Full spatial guide,29.250947952270508,0.9297369122505188,0.08573522418737411
LSUI,3090.jpg,Full spatial guide,26.977231979370117,0.8955209851264954,0.14561021327972412
LSUI,3091.jpg,Zero guide,25.30510902404785,0.8060081005096436,0.15259458124637604
LSUI,3092.jpg,Zero guide,28.03206443786621,0.9057754874229431,0.17517483234405518
LSUI,3091.jpg,Uniform guide,19.068294525146484,0.7562692761421204,0.25375550985336304
LSUI,3092.jpg,Uniform guide,20.145362854003906,0.8549019694328308,0.43091925978660583
LSUI,3091.jpg,Raw-input guide,27.61526107788086,0.8531181812286377,0.09801842272281647
LSUI,3092.jpg,Raw-input guide,30.46917724609375,0.9171379208564758,0.12451323121786118
LSUI,3091.jpg,Cross-image guide,23.351804733276367,0.7977132201194763,0.16010978817939758
LSUI,3092.jpg,Cross-image guide,30.263540267944336,0.9160687327384949,0.11254233121871948
LSUI,3091.jpg,Full spatial guide,27.6543025970459,0.8543122410774231,0.09752853214740753
LSUI,3092.jpg,Full spatial guide,30.48650550842285,0.9172172546386719,0.1196824163198471
LSUI,3093.jpg,Zero guide,22.680763244628906,0.8383987545967102,0.2197149246931076
LSUI,3094.jpg,Zero guide,22.99856948852539,0.9013192653656006,0.13708707690238953
LSUI,3093.jpg,Uniform guide,19.050519943237305,0.764404833316803,0.31677570939064026
LSUI,3094.jpg,Uniform guide,27.29928970336914,0.9202648997306824,0.09183812141418457
LSUI,3093.jpg,Raw-input guide,27.634307861328125,0.8834182620048523,0.11798647046089172
LSUI,3094.jpg,Raw-input guide,29.62896728515625,0.9253218173980713,0.08457495272159576
LSUI,3093.jpg,Cross-image guide,27.35063362121582,0.8890063166618347,0.12576110661029816
LSUI,3094.jpg,Cross-image guide,30.640342712402344,0.9294707179069519,0.07777644693851471
LSUI,3093.jpg,Full spatial guide,27.644824981689453,0.882443904876709,0.11785178631544113
LSUI,3094.jpg,Full spatial guide,29.629552841186523,0.9253041744232178,0.08455009013414383
LSUI,3095.jpg,Zero guide,25.454809188842773,0.909827470779419,0.15445220470428467
LSUI,3096.jpg,Zero guide,26.309614181518555,0.8870838284492493,0.13344323635101318
LSUI,3095.jpg,Uniform guide,20.917577743530273,0.855255126953125,0.2741422653198242
LSUI,3096.jpg,Uniform guide,22.566879272460938,0.8432057499885559,0.20967507362365723
LSUI,3095.jpg,Raw-input guide,25.919422149658203,0.9233739972114563,0.0936804786324501
LSUI,3096.jpg,Raw-input guide,29.853303909301758,0.9045445322990417,0.09834359586238861
LSUI,3095.jpg,Cross-image guide,26.40515899658203,0.9248242974281311,0.09361749142408371
LSUI,3096.jpg,Cross-image guide,29.312856674194336,0.9063392281532288,0.10249233990907669
LSUI,3095.jpg,Full spatial guide,26.10052490234375,0.9240544438362122,0.09351254999637604
LSUI,3096.jpg,Full spatial guide,29.90180778503418,0.9049006104469299,0.09822649508714676
LSUI,3097.jpg,Zero guide,23.330028533935547,0.8806458115577698,0.13826650381088257
LSUI,3098.jpg,Zero guide,20.61185073852539,0.8593665957450867,0.12449374794960022
LSUI,3097.jpg,Uniform guide,21.146167755126953,0.8566889762878418,0.1709989607334137
LSUI,3098.jpg,Uniform guide,20.439456939697266,0.8350982666015625,0.1879894733428955
LSUI,3097.jpg,Raw-input guide,27.6520938873291,0.8857232928276062,0.10036514699459076
LSUI,3098.jpg,Raw-input guide,31.737653732299805,0.9223435521125793,0.06025156006217003
LSUI,3097.jpg,Cross-image guide,26.945690155029297,0.8859119415283203,0.09988713264465332
LSUI,3098.jpg,Cross-image guide,31.482234954833984,0.921942949295044,0.06248975917696953
LSUI,3097.jpg,Full spatial guide,27.62769889831543,0.8856311440467834,0.10078025609254837
LSUI,3098.jpg,Full spatial guide,31.73729133605957,0.9223516583442688,0.06013452634215355
LSUI,3099.jpg,Zero guide,22.603416442871094,0.8763619065284729,0.15590113401412964
LSUI,3100.jpg,Zero guide,21.299802780151367,0.8445651531219482,0.17107106745243073
LSUI,3099.jpg,Uniform guide,22.97433853149414,0.8621867299079895,0.22666752338409424
LSUI,3100.jpg,Uniform guide,17.754499435424805,0.7847371697425842,0.27646151185035706
LSUI,3099.jpg,Raw-input guide,26.27834701538086,0.9140877723693848,0.0826830044388771
LSUI,3100.jpg,Raw-input guide,27.458759307861328,0.8702433109283447,0.10744445025920868
LSUI,3099.jpg,Cross-image guide,26.07790756225586,0.9112030863761902,0.08277294784784317
LSUI,3100.jpg,Cross-image guide,26.078968048095703,0.8692886829376221,0.10653360188007355
LSUI,3099.jpg,Full spatial guide,26.27876091003418,0.9140929579734802,0.08267726749181747
LSUI,3100.jpg,Full spatial guide,27.44005584716797,0.8701891899108887,0.10763794928789139
LSUI,3997.jpg,Zero guide,26.82828140258789,0.852927029132843,0.07104278355836868
LSUI,3998.jpg,Zero guide,29.09522247314453,0.93734210729599,0.08991648256778717
LSUI,3997.jpg,Uniform guide,27.53763198852539,0.8664402961730957,0.05998402461409569
LSUI,3998.jpg,Uniform guide,26.158283233642578,0.9139120578765869,0.13701659440994263
LSUI,3997.jpg,Raw-input guide,31.52544403076172,0.8994651436805725,0.050885461270809174
LSUI,3998.jpg,Raw-input guide,32.050148010253906,0.9413115382194519,0.06541852653026581
LSUI,3997.jpg,Cross-image guide,29.301010131835938,0.8601800799369812,0.05634027346968651
LSUI,3998.jpg,Cross-image guide,31.73006248474121,0.9409627914428711,0.06769101321697235
LSUI,3997.jpg,Full spatial guide,31.615732192993164,0.8999357223510742,0.05091804638504982
LSUI,3998.jpg,Full spatial guide,32.12261962890625,0.9413923621177673,0.06541598588228226
LSUI,3999.jpg,Zero guide,26.594789505004883,0.9283010363578796,0.14064963161945343
LSUI,4000.jpg,Zero guide,21.073829650878906,0.876457154750824,0.09073808789253235
LSUI,3999.jpg,Uniform guide,22.777368545532227,0.8602940440177917,0.26642557978630066
LSUI,4000.jpg,Uniform guide,18.53207015991211,0.8567121624946594,0.08976537734270096
LSUI,3999.jpg,Raw-input guide,28.391834259033203,0.9360194206237793,0.07249002903699875
LSUI,4000.jpg,Raw-input guide,22.439496994018555,0.9019244313240051,0.06119970977306366
LSUI,3999.jpg,Cross-image guide,27.137451171875,0.9340986609458923,0.09016261249780655
LSUI,4000.jpg,Cross-image guide,23.064910888671875,0.9045489430427551,0.06277956068515778
LSUI,3999.jpg,Full spatial guide,28.380844116210938,0.9359480738639832,0.07223617285490036
LSUI,4000.jpg,Full spatial guide,22.43411636352539,0.9020819664001465,0.0610201433300972
LSUI,4001.jpg,Zero guide,29.028242111206055,0.9122008681297302,0.09591931849718094
LSUI,4002.jpg,Zero guide,26.476106643676758,0.9099199175834656,0.184472918510437
LSUI,4001.jpg,Uniform guide,24.613826751708984,0.8828229308128357,0.11745408177375793
LSUI,4002.jpg,Uniform guide,24.273204803466797,0.8901336789131165,0.26493504643440247
LSUI,4001.jpg,Raw-input guide,30.547876358032227,0.9193229079246521,0.06386585533618927
LSUI,4002.jpg,Raw-input guide,30.027502059936523,0.9268412590026855,0.08034420013427734
LSUI,4001.jpg,Cross-image guide,30.451261520385742,0.9193941950798035,0.06748668849468231
LSUI,4002.jpg,Cross-image guide,28.548879623413086,0.9220220446586609,0.08855132013559341
LSUI,4001.jpg,Full spatial guide,30.387676239013672,0.9176938533782959,0.06454741209745407
LSUI,4002.jpg,Full spatial guide,30.038429260253906,0.9269697666168213,0.08007901906967163
LSUI,4003.jpg,Zero guide,28.7747802734375,0.9359204173088074,0.07361241430044174
LSUI,4004.jpg,Zero guide,20.95403480529785,0.720757007598877,0.09735187888145447
LSUI,4003.jpg,Uniform guide,23.241178512573242,0.9066265225410461,0.09643261134624481
LSUI,4004.jpg,Uniform guide,20.61275291442871,0.7811279892921448,0.14366698265075684
LSUI,4003.jpg,Raw-input guide,26.03712272644043,0.9365571141242981,0.04978424310684204
LSUI,4004.jpg,Raw-input guide,30.030139923095703,0.8363986015319824,0.053577832877635956
LSUI,4003.jpg,Cross-image guide,28.995983123779297,0.9413076043128967,0.04977259412407875
LSUI,4004.jpg,Cross-image guide,25.866186141967773,0.7771241068840027,0.08005345612764359
LSUI,4003.jpg,Full spatial guide,26.148414611816406,0.9368305802345276,0.04963414743542671
LSUI,4004.jpg,Full spatial guide,30.176227569580078,0.84022456407547,0.05271747335791588
LSUI,4005.jpg,Zero guide,25.480571746826172,0.895588219165802,0.13227295875549316
LSUI,4006.jpg,Zero guide,24.483835220336914,0.9238772988319397,0.13645415008068085
LSUI,4005.jpg,Uniform guide,24.382522583007812,0.8861773014068604,0.18754227459430695
LSUI,4006.jpg,Uniform guide,23.502323150634766,0.8690677285194397,0.18360695242881775
LSUI,4005.jpg,Raw-input guide,29.643375396728516,0.9196367263793945,0.072585329413414
LSUI,4006.jpg,Raw-input guide,26.50926399230957,0.9303972721099854,0.09064610302448273
LSUI,4005.jpg,Cross-image guide,29.458873748779297,0.9162357449531555,0.07346278429031372
LSUI,4006.jpg,Cross-image guide,25.747642517089844,0.9239654541015625,0.09207643568515778
LSUI,4005.jpg,Full spatial guide,29.649993896484375,0.9196364879608154,0.07260314375162125
LSUI,4006.jpg,Full spatial guide,26.512561798095703,0.930409848690033,0.09065215289592743
LSUI,4007.jpg,Zero guide,19.397357940673828,0.8788795471191406,0.16599635779857635
LSUI,4008.jpg,Zero guide,24.729948043823242,0.906751811504364,0.13190428912639618
LSUI,4007.jpg,Uniform guide,13.378714561462402,0.5892861485481262,0.3980775475502014
LSUI,4008.jpg,Uniform guide,18.853330612182617,0.800747811794281,0.28075480461120605
LSUI,4007.jpg,Raw-input guide,18.543506622314453,0.8668236136436462,0.13564355671405792
LSUI,4008.jpg,Raw-input guide,30.400516510009766,0.9201174378395081,0.07723181694746017
LSUI,4007.jpg,Cross-image guide,18.910701751708984,0.8586525321006775,0.14260274171829224
LSUI,4008.jpg,Cross-image guide,26.685991287231445,0.9117844104766846,0.08601976931095123
LSUI,4007.jpg,Full spatial guide,18.392532348632812,0.8606508374214172,0.13857577741146088
LSUI,4008.jpg,Full spatial guide,30.385282516479492,0.9200773239135742,0.0772060975432396
LSUI,4009.jpg,Zero guide,26.083606719970703,0.8856343626976013,0.0663008987903595
LSUI,4010.jpg,Zero guide,27.33644676208496,0.9267973303794861,0.12419235706329346
LSUI,4009.jpg,Uniform guide,22.401151657104492,0.8424260020256042,0.10385201871395111
LSUI,4010.jpg,Uniform guide,23.937395095825195,0.8611614108085632,0.18384850025177002
LSUI,4009.jpg,Raw-input guide,27.646148681640625,0.881446361541748,0.0500979945063591
LSUI,4010.jpg,Raw-input guide,28.237831115722656,0.9286354184150696,0.09039974957704544
LSUI,4009.jpg,Cross-image guide,26.739078521728516,0.8823745846748352,0.055086079984903336
LSUI,4010.jpg,Cross-image guide,27.63058853149414,0.9276146292686462,0.09922995418310165
LSUI,4009.jpg,Full spatial guide,27.63322639465332,0.8812348246574402,0.05023827403783798
LSUI,4010.jpg,Full spatial guide,28.21108055114746,0.9285521507263184,0.09053130447864532
LSUI,4011.jpg,Zero guide,23.96688461303711,0.884720504283905,0.13929930329322815
LSUI,4012.jpg,Zero guide,29.08565902709961,0.9219803214073181,0.1617565155029297
LSUI,4011.jpg,Uniform guide,21.02682113647461,0.7969701290130615,0.23988257348537445
LSUI,4012.jpg,Uniform guide,18.290178298950195,0.8063824772834778,0.336950421333313
LSUI,4011.jpg,Raw-input guide,27.87421989440918,0.9059677124023438,0.086798757314682
LSUI,4012.jpg,Raw-input guide,30.0380859375,0.9315798878669739,0.08039374649524689
LSUI,4011.jpg,Cross-image guide,27.32377815246582,0.9046047329902649,0.09412765502929688
LSUI,4012.jpg,Cross-image guide,30.068483352661133,0.9308368563652039,0.0821434035897255
LSUI,4011.jpg,Full spatial guide,27.908802032470703,0.9061538577079773,0.08692200481891632
LSUI,4012.jpg,Full spatial guide,30.19712257385254,0.9319131374359131,0.0792289674282074
LSUI,4013.jpg,Zero guide,26.449691772460938,0.9303908348083496,0.12621931731700897
LSUI,4014.jpg,Zero guide,25.90511703491211,0.8864369988441467,0.16560779511928558
LSUI,4013.jpg,Uniform guide,25.548690795898438,0.8959586024284363,0.200850248336792
LSUI,4014.jpg,Uniform guide,24.191816329956055,0.9070752263069153,0.1434382200241089
LSUI,4013.jpg,Raw-input guide,26.519163131713867,0.9295879006385803,0.08425239473581314
LSUI,4014.jpg,Raw-input guide,30.954010009765625,0.9284370541572571,0.08389797806739807
LSUI,4013.jpg,Cross-image guide,27.604467391967773,0.932745635509491,0.09217554330825806
LSUI,4014.jpg,Cross-image guide,29.46866798400879,0.9174731373786926,0.09455536305904388
LSUI,4013.jpg,Full spatial guide,26.56618309020996,0.9298272728919983,0.08477169275283813
LSUI,4014.jpg,Full spatial guide,30.727596282958984,0.9312899708747864,0.08504436910152435
LSUI,4015.jpg,Zero guide,26.027585983276367,0.9278542995452881,0.1218450739979744
LSUI,4016.jpg,Zero guide,26.803794860839844,0.9288830757141113,0.06763564795255661
LSUI,4015.jpg,Uniform guide,22.832735061645508,0.8528826236724854,0.21422751247882843
LSUI,4016.jpg,Uniform guide,24.61992073059082,0.9089623093605042,0.09483763575553894
LSUI,4015.jpg,Raw-input guide,30.127273559570312,0.9453464150428772,0.056425899267196655
LSUI,4016.jpg,Raw-input guide,29.567394256591797,0.862315833568573,0.04107653349637985
LSUI,4015.jpg,Cross-image guide,27.803653717041016,0.923830509185791,0.06366986036300659
LSUI,4016.jpg,Cross-image guide,30.853843688964844,0.9050917625427246,0.04013276845216751
LSUI,4015.jpg,Full spatial guide,30.151386260986328,0.9454705119132996,0.05611719563603401
LSUI,4016.jpg,Full spatial guide,29.514562606811523,0.8620297312736511,0.04100304841995239
LSUI,4017.jpg,Zero guide,24.819408416748047,0.867450475692749,0.11578145623207092
LSUI,4018.jpg,Zero guide,25.980310440063477,0.8536970615386963,0.14953407645225525
LSUI,4017.jpg,Uniform guide,24.939794540405273,0.9050213694572449,0.0730694979429245
LSUI,4018.jpg,Uniform guide,17.37520408630371,0.702703058719635,0.30087530612945557
LSUI,4017.jpg,Raw-input guide,30.996116638183594,0.9399681091308594,0.05132990702986717
LSUI,4018.jpg,Raw-input guide,29.871023178100586,0.8902625441551208,0.10154713690280914
LSUI,4017.jpg,Cross-image guide,30.693561553955078,0.9332112669944763,0.05446920916438103
LSUI,4018.jpg,Cross-image guide,28.014938354492188,0.8791974186897278,0.10281236469745636
LSUI,4017.jpg,Full spatial guide,30.987781524658203,0.9396917819976807,0.051572222262620926
LSUI,4018.jpg,Full spatial guide,29.831745147705078,0.8902792930603027,0.10133109241724014
LSUI,4019.jpg,Zero guide,28.558849334716797,0.954484224319458,0.08733439445495605
LSUI,4020.jpg,Zero guide,26.211265563964844,0.9279435276985168,0.0964052602648735
LSUI,4019.jpg,Uniform guide,27.58577537536621,0.9494113922119141,0.07906905561685562
LSUI,4020.jpg,Uniform guide,24.536020278930664,0.8763885498046875,0.12240536510944366
LSUI,4019.jpg,Raw-input guide,29.79901123046875,0.9540769457817078,0.05327161028981209
LSUI,4020.jpg,Raw-input guide,30.092376708984375,0.9311047196388245,0.040862519294023514
LSUI,4019.jpg,Cross-image guide,28.836177825927734,0.9476544260978699,0.05350905656814575
LSUI,4020.jpg,Cross-image guide,28.928518295288086,0.9057385325431824,0.0451909564435482
LSUI,4019.jpg,Full spatial guide,29.806575775146484,0.9540829062461853,0.053201042115688324
LSUI,4020.jpg,Full spatial guide,30.08806037902832,0.9314939975738525,0.040696755051612854
LSUI,4021.jpg,Zero guide,22.638671875,0.7993051409721375,0.0712507963180542
LSUI,4022.jpg,Zero guide,26.504684448242188,0.9297377467155457,0.1027032732963562
LSUI,4021.jpg,Uniform guide,24.732784271240234,0.8442046046257019,0.046929970383644104
LSUI,4022.jpg,Uniform guide,26.268203735351562,0.9338502883911133,0.08358266949653625
LSUI,4021.jpg,Raw-input guide,31.061227798461914,0.8735222220420837,0.02893267385661602
LSUI,4022.jpg,Raw-input guide,29.78572654724121,0.9399480819702148,0.059409260749816895
LSUI,4021.jpg,Cross-image guide,25.54251480102539,0.8069655299186707,0.04536160081624985
LSUI,4022.jpg,Cross-image guide,27.062232971191406,0.9324914813041687,0.0622267872095108
LSUI,4021.jpg,Full spatial guide,31.10542106628418,0.8715484738349915,0.02879537083208561
LSUI,4022.jpg,Full spatial guide,30.05693244934082,0.9403803944587708,0.05940953642129898
LSUI,4023.jpg,Zero guide,27.872406005859375,0.9290702939033508,0.1076720654964447
LSUI,4024.jpg,Zero guide,26.251222610473633,0.9242923855781555,0.10555750876665115
LSUI,4023.jpg,Uniform guide,18.266979217529297,0.7977151274681091,0.19121100008487701
LSUI,4024.jpg,Uniform guide,23.944149017333984,0.8904349207878113,0.19496744871139526
LSUI,4023.jpg,Raw-input guide,30.533802032470703,0.9370086789131165,0.06076076254248619
LSUI,4024.jpg,Raw-input guide,31.029598236083984,0.9413959980010986,0.062267545610666275
LSUI,4023.jpg,Cross-image guide,30.927284240722656,0.936962366104126,0.05810839682817459
LSUI,4024.jpg,Cross-image guide,28.866235733032227,0.9408684372901917,0.07062500715255737
LSUI,4023.jpg,Full spatial guide,30.528949737548828,0.9368651509284973,0.06039835512638092
LSUI,4024.jpg,Full spatial guide,31.02269172668457,0.9412896633148193,0.06230681389570236
LSUI,4025.jpg,Zero guide,24.00417709350586,0.9246676564216614,0.13451100885868073
LSUI,4026.jpg,Zero guide,23.177356719970703,0.9031317234039307,0.1328447461128235
LSUI,4025.jpg,Uniform guide,20.012496948242188,0.8505905270576477,0.29094940423965454
LSUI,4026.jpg,Uniform guide,28.97081756591797,0.9129241108894348,0.09912768006324768
LSUI,4025.jpg,Raw-input guide,28.300979614257812,0.9356128573417664,0.0770362988114357
LSUI,4026.jpg,Raw-input guide,28.53175163269043,0.9143378138542175,0.08551937341690063
LSUI,4025.jpg,Cross-image guide,28.610980987548828,0.936176598072052,0.08783391118049622
LSUI,4026.jpg,Cross-image guide,27.495859146118164,0.9128865599632263,0.08251918852329254
LSUI,4025.jpg,Full spatial guide,28.643306732177734,0.9362786412239075,0.07468704879283905
LSUI,4026.jpg,Full spatial guide,28.40699005126953,0.914283037185669,0.08625802397727966
LSUI,4027.jpg,Zero guide,23.250267028808594,0.9006184935569763,0.13361257314682007
LSUI,4028.jpg,Zero guide,21.95029067993164,0.9036262631416321,0.19152343273162842
LSUI,4027.jpg,Uniform guide,19.094751358032227,0.7967908978462219,0.27973073720932007
LSUI,4028.jpg,Uniform guide,19.88440704345703,0.8928243517875671,0.21120360493659973
LSUI,4027.jpg,Raw-input guide,26.766468048095703,0.9058045744895935,0.08467510342597961
LSUI,4028.jpg,Raw-input guide,22.962772369384766,0.9086203575134277,0.10698011517524719
LSUI,4027.jpg,Cross-image guide,26.115222930908203,0.915708601474762,0.08744311332702637
LSUI,4028.jpg,Cross-image guide,22.143707275390625,0.9047253727912903,0.1674230992794037
LSUI,4027.jpg,Full spatial guide,26.81649398803711,0.9061533808708191,0.08464492857456207
LSUI,4028.jpg,Full spatial guide,22.88292694091797,0.9086529612541199,0.10886488854885101
LSUI,4029.jpg,Zero guide,23.575576782226562,0.9082090258598328,0.12842653691768646
LSUI,4030.jpg,Zero guide,23.257360458374023,0.8904640674591064,0.16813905537128448
LSUI,4029.jpg,Uniform guide,22.899486541748047,0.9177241325378418,0.14625558257102966
LSUI,4030.jpg,Uniform guide,22.528579711914062,0.8519666194915771,0.21657884120941162
LSUI,4029.jpg,Raw-input guide,30.484291076660156,0.9443876147270203,0.049482621252536774
LSUI,4030.jpg,Raw-input guide,30.200824737548828,0.9229019284248352,0.09609204530715942
LSUI,4029.jpg,Cross-image guide,29.023208618164062,0.942206859588623,0.053461868315935135
LSUI,4030.jpg,Cross-image guide,30.669872283935547,0.9211928844451904,0.09650077670812607
LSUI,4029.jpg,Full spatial guide,30.44152069091797,0.9444246888160706,0.049469999969005585
LSUI,4030.jpg,Full spatial guide,30.20819854736328,0.9228846430778503,0.09598462283611298
LSUI,4031.jpg,Zero guide,26.586292266845703,0.8997568488121033,0.16845135390758514
LSUI,4032.jpg,Zero guide,25.220104217529297,0.9354979395866394,0.05534575134515762
LSUI,4031.jpg,Uniform guide,22.93036651611328,0.891308069229126,0.15939462184906006
LSUI,4032.jpg,Uniform guide,24.549327850341797,0.9352201819419861,0.05046530440449715
LSUI,4031.jpg,Raw-input guide,30.7869815826416,0.9270351529121399,0.0859813541173935
LSUI,4032.jpg,Raw-input guide,28.11496925354004,0.9519087672233582,0.03284868597984314
LSUI,4031.jpg,Cross-image guide,29.857759475708008,0.9209465980529785,0.08710240572690964
LSUI,4032.jpg,Cross-image guide,27.41717529296875,0.9490265846252441,0.03856697306036949
LSUI,4031.jpg,Full spatial guide,30.867233276367188,0.9272579550743103,0.08695528656244278
LSUI,4032.jpg,Full spatial guide,28.088153839111328,0.9518280029296875,0.03302694857120514
LSUI,4033.jpg,Zero guide,17.868579864501953,0.7610952258110046,0.12570001184940338
LSUI,4034.jpg,Zero guide,28.28973388671875,0.9382936358451843,0.10504253953695297
LSUI,4033.jpg,Uniform guide,16.143667221069336,0.6938603520393372,0.21152907609939575
LSUI,4034.jpg,Uniform guide,22.89068031311035,0.8627964854240417,0.2212788462638855
LSUI,4033.jpg,Raw-input guide,25.727569580078125,0.8996067047119141,0.0648406445980072
LSUI,4034.jpg,Raw-input guide,29.66762924194336,0.9415555000305176,0.06162619590759277
LSUI,4033.jpg,Cross-image guide,19.55620002746582,0.8072548508644104,0.09131550043821335
LSUI,4034.jpg,Cross-image guide,28.528432846069336,0.9378459453582764,0.06795108318328857
LSUI,4033.jpg,Full spatial guide,25.654380798339844,0.8988222479820251,0.06479176878929138
LSUI,4034.jpg,Full spatial guide,29.67831039428711,0.9416038990020752,0.061588868498802185
LSUI,4035.jpg,Zero guide,25.122516632080078,0.8742795586585999,0.1499585211277008
LSUI,4036.jpg,Zero guide,29.03567886352539,0.9328717589378357,0.10747025907039642
LSUI,4035.jpg,Uniform guide,18.796857833862305,0.7916857600212097,0.22094261646270752
LSUI,4036.jpg,Uniform guide,24.78847312927246,0.8688328862190247,0.13099080324172974
LSUI,4035.jpg,Raw-input guide,31.063413619995117,0.9329473376274109,0.0648311972618103
LSUI,4036.jpg,Raw-input guide,30.37970733642578,0.9391530156135559,0.060181353241205215
LSUI,4035.jpg,Cross-image guide,31.059059143066406,0.921174943447113,0.06954678893089294
LSUI,4036.jpg,Cross-image guide,29.715858459472656,0.93986576795578,0.061876051127910614
LSUI,4035.jpg,Full spatial guide,31.14299964904785,0.9332003593444824,0.06470577418804169
LSUI,4036.jpg,Full spatial guide,30.39914894104004,0.9390113353729248,0.060297563672065735
LSUI,4037.jpg,Zero guide,26.26582145690918,0.9159868359565735,0.08917798101902008
LSUI,4038.jpg,Zero guide,24.19267463684082,0.8987036347389221,0.11555008590221405
LSUI,4037.jpg,Uniform guide,21.04079818725586,0.8643636107444763,0.1675437092781067
LSUI,4038.jpg,Uniform guide,28.344133377075195,0.9188683032989502,0.07988110184669495
LSUI,4037.jpg,Raw-input guide,30.62626075744629,0.9258087277412415,0.04025287926197052
LSUI,4038.jpg,Raw-input guide,29.960128784179688,0.9281377792358398,0.05743331089615822
LSUI,4037.jpg,Cross-image guide,29.48499870300293,0.9238505959510803,0.04120209440588951
LSUI,4038.jpg,Cross-image guide,28.835140228271484,0.9211173057556152,0.06888899207115173
LSUI,4037.jpg,Full spatial guide,30.540172576904297,0.9256603717803955,0.039918966591358185
LSUI,4038.jpg,Full spatial guide,29.947879791259766,0.9281622767448425,0.05740924924612045
LSUI,4039.jpg,Zero guide,28.54741668701172,0.9226253628730774,0.08666076511144638
LSUI,4040.jpg,Zero guide,23.7740535736084,0.8498939871788025,0.18033643066883087
LSUI,4039.jpg,Uniform guide,29.9444580078125,0.9338414072990417,0.07220323383808136
LSUI,4040.jpg,Uniform guide,23.134868621826172,0.8806816935539246,0.1596948504447937
LSUI,4039.jpg,Raw-input guide,31.477027893066406,0.9377207159996033,0.050946615636348724
LSUI,4040.jpg,Raw-input guide,31.07976722717285,0.9371067881584167,0.07865476608276367
LSUI,4039.jpg,Cross-image guide,31.0769100189209,0.9335452914237976,0.050358857959508896
LSUI,4040.jpg,Cross-image guide,29.33224868774414,0.9129082560539246,0.09346088767051697
LSUI,4039.jpg,Full spatial guide,31.46613883972168,0.937702476978302,0.050855688750743866
LSUI,4040.jpg,Full spatial guide,30.98727798461914,0.9375128746032715,0.07936345040798187
LSUI,4041.jpg,Zero guide,23.87946891784668,0.9149166941642761,0.08250071108341217
LSUI,4042.jpg,Zero guide,27.985118865966797,0.9202722907066345,0.17170199751853943
LSUI,4041.jpg,Uniform guide,25.5592041015625,0.9182873368263245,0.07790802419185638
LSUI,4042.jpg,Uniform guide,28.779752731323242,0.9219716191291809,0.17168399691581726
LSUI,4041.jpg,Raw-input guide,29.21419334411621,0.9179612994194031,0.05273532122373581
LSUI,4042.jpg,Raw-input guide,23.699064254760742,0.9185730814933777,0.14739279448986053
LSUI,4041.jpg,Cross-image guide,29.9080753326416,0.9198896288871765,0.051159314811229706
LSUI,4042.jpg,Cross-image guide,18.36484146118164,0.9034035801887512,0.2583269774913788
LSUI,4041.jpg,Full spatial guide,29.21402931213379,0.917962372303009,0.052708178758621216
LSUI,4042.jpg,Full spatial guide,22.85826873779297,0.916687548160553,0.15794464945793152
LSUI,4043.jpg,Zero guide,26.83526611328125,0.9096260070800781,0.10254141688346863
LSUI,4044.jpg,Zero guide,17.723695755004883,0.8404085040092468,0.11201953142881393
LSUI,4043.jpg,Uniform guide,23.864486694335938,0.8706812858581543,0.14095526933670044
LSUI,4044.jpg,Uniform guide,14.983220100402832,0.6801007390022278,0.22922863066196442
LSUI,4043.jpg,Raw-input guide,27.584896087646484,0.9138155579566956,0.06833633035421371
LSUI,4044.jpg,Raw-input guide,20.32721710205078,0.8659070134162903,0.09202079474925995
LSUI,4043.jpg,Cross-image guide,28.400297164916992,0.9146549701690674,0.06490904837846756
LSUI,4044.jpg,Cross-image guide,21.409395217895508,0.8747033476829529,0.09259509295225143
LSUI,4043.jpg,Full spatial guide,27.59164047241211,0.9138727188110352,0.06828635185956955
LSUI,4044.jpg,Full spatial guide,20.448816299438477,0.8664731383323669,0.09129706025123596
LSUI,4045.jpg,Zero guide,27.04800796508789,0.905329167842865,0.09605249762535095
LSUI,4046.jpg,Zero guide,26.959543228149414,0.9353969097137451,0.07897310703992844
LSUI,4045.jpg,Uniform guide,29.496417999267578,0.9206746220588684,0.06933633238077164
LSUI,4046.jpg,Uniform guide,22.831741333007812,0.8782013058662415,0.12953630089759827
LSUI,4045.jpg,Raw-input guide,29.394914627075195,0.9164896607398987,0.06254220753908157
LSUI,4046.jpg,Raw-input guide,30.6879825592041,0.9344213604927063,0.037861403077840805
LSUI,4045.jpg,Cross-image guide,29.701202392578125,0.9152688980102539,0.0656604915857315
LSUI,4046.jpg,Cross-image guide,30.321292877197266,0.947115421295166,0.039100531488657
LSUI,4045.jpg,Full spatial guide,29.417097091674805,0.9165844321250916,0.06253564357757568
LSUI,4046.jpg,Full spatial guide,30.69214630126953,0.9341650009155273,0.037883732467889786
LSUI,4047.jpg,Zero guide,27.499176025390625,0.9360108375549316,0.14113430678844452
LSUI,4048.jpg,Zero guide,27.756881713867188,0.9217174649238586,0.15610046684741974
LSUI,4047.jpg,Uniform guide,17.823577880859375,0.8525515198707581,0.28637948632240295
LSUI,4048.jpg,Uniform guide,27.64681625366211,0.92421555519104,0.13067509233951569
LSUI,4047.jpg,Raw-input guide,30.990657806396484,0.9431535601615906,0.06834027916193008
LSUI,4048.jpg,Raw-input guide,30.03522491455078,0.9283533692359924,0.09291517734527588
LSUI,4047.jpg,Cross-image guide,30.615970611572266,0.942600667476654,0.06613495200872421
LSUI,4048.jpg,Cross-image guide,29.317935943603516,0.9271104335784912,0.09748437255620956
LSUI,4047.jpg,Full spatial guide,31.007774353027344,0.9434320330619812,0.0685606449842453
LSUI,4048.jpg,Full spatial guide,30.039703369140625,0.9283502697944641,0.09316837787628174
LSUI,4049.jpg,Zero guide,20.988187789916992,0.9153764843940735,0.15471667051315308
LSUI,4050.jpg,Zero guide,26.734867095947266,0.9194812774658203,0.09409603476524353
LSUI,4049.jpg,Uniform guide,18.641183853149414,0.866319477558136,0.2252216935157776
LSUI,4050.jpg,Uniform guide,30.3687686920166,0.9341084361076355,0.061409614980220795
LSUI,4049.jpg,Raw-input guide,29.372974395751953,0.9365174770355225,0.07366221398115158
LSUI,4050.jpg,Raw-input guide,31.188819885253906,0.9358150362968445,0.05120045319199562
LSUI,4049.jpg,Cross-image guide,29.384624481201172,0.9369260668754578,0.08423487097024918
LSUI,4050.jpg,Cross-image guide,30.184133529663086,0.9305362701416016,0.05548114702105522
LSUI,4049.jpg,Full spatial guide,29.395048141479492,0.9364966750144958,0.07395277917385101
LSUI,4050.jpg,Full spatial guide,31.17485237121582,0.9357317090034485,0.05094785615801811
LSUI,4051.jpg,Zero guide,27.2548770904541,0.844743549823761,0.08603890985250473
LSUI,4052.jpg,Zero guide,29.766372680664062,0.9368888735771179,0.06923429667949677
LSUI,4051.jpg,Uniform guide,21.628387451171875,0.8414161801338196,0.14739787578582764
LSUI,4052.jpg,Uniform guide,22.291988372802734,0.9022817611694336,0.12757089734077454
LSUI,4051.jpg,Raw-input guide,31.351003646850586,0.9158580899238586,0.058515191078186035
LSUI,4052.jpg,Raw-input guide,32.255252838134766,0.9380543231964111,0.04804258048534393
LSUI,4051.jpg,Cross-image guide,31.055124282836914,0.8962686657905579,0.05517077445983887
LSUI,4052.jpg,Cross-image guide,31.300050735473633,0.9363948702812195,0.04746830463409424
LSUI,4051.jpg,Full spatial guide,31.35662269592285,0.915909469127655,0.058547988533973694
LSUI,4052.jpg,Full spatial guide,32.37315368652344,0.9383670687675476,0.04746314883232117
LSUI,4053.jpg,Zero guide,22.4053955078125,0.8147342801094055,0.22671228647232056
LSUI,4054.jpg,Zero guide,22.845279693603516,0.9084429740905762,0.10279884189367294
LSUI,4053.jpg,Uniform guide,22.141712188720703,0.8137199282646179,0.30328407883644104
LSUI,4054.jpg,Uniform guide,19.106830596923828,0.8563845753669739,0.15869662165641785
LSUI,4053.jpg,Raw-input guide,32.065399169921875,0.8671290278434753,0.12334147095680237
LSUI,4054.jpg,Raw-input guide,29.932329177856445,0.940138578414917,0.04358663409948349
LSUI,4053.jpg,Cross-image guide,26.257244110107422,0.8317551016807556,0.15648485720157623
LSUI,4054.jpg,Cross-image guide,29.72649574279785,0.93856281042099,0.04230213537812233
LSUI,4053.jpg,Full spatial guide,32.1457405090332,0.8673515915870667,0.12324552237987518
LSUI,4054.jpg,Full spatial guide,29.87200927734375,0.9395496249198914,0.04415126144886017
LSUI,4055.jpg,Zero guide,22.586605072021484,0.7900968194007874,0.06639815121889114
LSUI,4056.jpg,Zero guide,19.545589447021484,0.9214429259300232,0.09903356432914734
LSUI,4055.jpg,Uniform guide,25.140722274780273,0.8272018432617188,0.050264421850442886
LSUI,4056.jpg,Uniform guide,18.91988182067871,0.9086268544197083,0.15602239966392517
LSUI,4055.jpg,Raw-input guide,30.763826370239258,0.9002885222434998,0.02908482775092125
LSUI,4056.jpg,Raw-input guide,21.596458435058594,0.9319820404052734,0.0670919120311737
LSUI,4055.jpg,Cross-image guide,28.14405059814453,0.8152713775634766,0.03443918004631996
LSUI,4056.jpg,Cross-image guide,18.451316833496094,0.9130105972290039,0.07746157795190811
LSUI,4055.jpg,Full spatial guide,30.76486587524414,0.8994924426078796,0.029021130874753
LSUI,4056.jpg,Full spatial guide,21.681190490722656,0.9319677352905273,0.06820135563611984
LSUI,4057.jpg,Zero guide,28.698143005371094,0.9141926765441895,0.1805678755044937
LSUI,4058.jpg,Zero guide,27.996549606323242,0.9284381866455078,0.11828427761793137
LSUI,4057.jpg,Uniform guide,21.612987518310547,0.7871723175048828,0.24579757452011108
LSUI,4058.jpg,Uniform guide,19.60443878173828,0.836570680141449,0.22249111533164978
LSUI,4057.jpg,Raw-input guide,30.667221069335938,0.9208319783210754,0.11326707154512405
LSUI,4058.jpg,Raw-input guide,30.143869400024414,0.9356434941291809,0.05445902422070503
LSUI,4057.jpg,Cross-image guide,30.436904907226562,0.9200156331062317,0.1103888601064682
LSUI,4058.jpg,Cross-image guide,30.328815460205078,0.9351556897163391,0.057849299162626266
LSUI,4057.jpg,Full spatial guide,30.686254501342773,0.9208483695983887,0.11247320473194122
LSUI,4058.jpg,Full spatial guide,30.120079040527344,0.9354734420776367,0.05398021638393402
LSUI,4059.jpg,Zero guide,21.717483520507812,0.8788579106330872,0.21422776579856873
LSUI,4060.jpg,Zero guide,21.902772903442383,0.9022555351257324,0.09161224216222763
LSUI,4059.jpg,Uniform guide,19.521114349365234,0.8647427558898926,0.26528894901275635
LSUI,4060.jpg,Uniform guide,25.999034881591797,0.919026792049408,0.0934576541185379
LSUI,4059.jpg,Raw-input guide,28.088645935058594,0.9224461913108826,0.12035320699214935
LSUI,4060.jpg,Raw-input guide,23.894744873046875,0.8995512127876282,0.06750457733869553
LSUI,4059.jpg,Cross-image guide,29.347251892089844,0.9229552745819092,0.11058581620454788
LSUI,4060.jpg,Cross-image guide,24.718036651611328,0.9131755828857422,0.06765130162239075
LSUI,4059.jpg,Full spatial guide,28.113872528076172,0.9224165081977844,0.120191790163517
LSUI,4060.jpg,Full spatial guide,23.91252326965332,0.8991654515266418,0.06717398762702942
LSUI,4061.jpg,Zero guide,28.544410705566406,0.9416689872741699,0.09965545684099197
LSUI,4062.jpg,Zero guide,26.339916229248047,0.9090046882629395,0.18170350790023804
LSUI,4061.jpg,Uniform guide,26.606767654418945,0.9085791707038879,0.15448027849197388
LSUI,4062.jpg,Uniform guide,23.606983184814453,0.8713207244873047,0.3345165252685547
LSUI,4061.jpg,Raw-input guide,29.622270584106445,0.9396529197692871,0.07741789519786835
LSUI,4062.jpg,Raw-input guide,31.715923309326172,0.9170963168144226,0.0840890184044838
LSUI,4061.jpg,Cross-image guide,29.855060577392578,0.9403689503669739,0.07308919727802277
LSUI,4062.jpg,Cross-image guide,26.67658805847168,0.9113604426383972,0.17919853329658508
LSUI,4061.jpg,Full spatial guide,29.60895538330078,0.939398467540741,0.07702741771936417
LSUI,4062.jpg,Full spatial guide,31.720020294189453,0.917182981967926,0.08385051786899567
LSUI,4063.jpg,Zero guide,22.945735931396484,0.8750853538513184,0.14006823301315308
LSUI,4064.jpg,Zero guide,29.17371940612793,0.942976176738739,0.10736480355262756
LSUI,4063.jpg,Uniform guide,22.9222469329834,0.8477522730827332,0.16452015936374664
LSUI,4064.jpg,Uniform guide,22.336307525634766,0.8513185977935791,0.16766811907291412
LSUI,4063.jpg,Raw-input guide,30.493486404418945,0.93449467420578,0.04235010966658592
LSUI,4064.jpg,Raw-input guide,31.085487365722656,0.9472886919975281,0.06861178576946259
LSUI,4063.jpg,Cross-image guide,29.394304275512695,0.9372546076774597,0.04932539910078049
LSUI,4064.jpg,Cross-image guide,30.071792602539062,0.9327661991119385,0.09619396924972534
LSUI,4063.jpg,Full spatial guide,30.489803314208984,0.93446284532547,0.04233018308877945
LSUI,4064.jpg,Full spatial guide,31.376220703125,0.9479954838752747,0.06844288110733032
LSUI,4065.jpg,Zero guide,24.316434860229492,0.8444915413856506,0.12460626661777496
LSUI,4066.jpg,Zero guide,23.437274932861328,0.8635780811309814,0.12254411727190018
LSUI,4065.jpg,Uniform guide,19.235660552978516,0.8309407830238342,0.1843242049217224
LSUI,4066.jpg,Uniform guide,17.948890686035156,0.7682600021362305,0.24192075431346893
LSUI,4065.jpg,Raw-input guide,31.02870750427246,0.9316496253013611,0.0602589026093483
LSUI,4066.jpg,Raw-input guide,27.253305435180664,0.8818475604057312,0.10941031575202942
LSUI,4065.jpg,Cross-image guide,30.875171661376953,0.9328654408454895,0.06070050597190857
LSUI,4066.jpg,Cross-image guide,24.232746124267578,0.8773536682128906,0.11176079511642456
LSUI,4065.jpg,Full spatial guide,31.028797149658203,0.9316903948783875,0.06026329845190048
LSUI,4066.jpg,Full spatial guide,27.343387603759766,0.8819484710693359,0.10950900614261627
LSUI,4067.jpg,Zero guide,29.012248992919922,0.9452078938484192,0.08294060826301575
LSUI,4068.jpg,Zero guide,24.029619216918945,0.930901288986206,0.14573310315608978
LSUI,4067.jpg,Uniform guide,29.191864013671875,0.9429245591163635,0.07772120088338852
LSUI,4068.jpg,Uniform guide,19.143665313720703,0.824742317199707,0.2458670288324356
LSUI,4067.jpg,Raw-input guide,26.8802490234375,0.9241189956665039,0.0886753499507904
LSUI,4068.jpg,Raw-input guide,25.68364906311035,0.9306786060333252,0.10572792589664459
LSUI,4067.jpg,Cross-image guide,31.126911163330078,0.9459471702575684,0.06815658509731293
LSUI,4068.jpg,Cross-image guide,22.40032196044922,0.9099789261817932,0.14393597841262817
LSUI,4067.jpg,Full spatial guide,27.198566436767578,0.9261837005615234,0.085914246737957
LSUI,4068.jpg,Full spatial guide,25.568464279174805,0.9300868511199951,0.1065022200345993
LSUI,4069.jpg,Zero guide,25.923965454101562,0.8865870833396912,0.09290994703769684
LSUI,4070.jpg,Zero guide,17.363582611083984,0.8710615038871765,0.14882442355155945
LSUI,4069.jpg,Uniform guide,27.01540184020996,0.8962904810905457,0.07833255082368851
LSUI,4070.jpg,Uniform guide,16.69164276123047,0.8540828824043274,0.18381623923778534
LSUI,4069.jpg,Raw-input guide,31.51932716369629,0.9395604133605957,0.043464720249176025
LSUI,4070.jpg,Raw-input guide,22.95534324645996,0.9198166728019714,0.0580768883228302
LSUI,4069.jpg,Cross-image guide,29.73571014404297,0.909814178943634,0.04999547451734543
LSUI,4070.jpg,Cross-image guide,23.10403823852539,0.9206820130348206,0.05927209556102753
LSUI,4069.jpg,Full spatial guide,31.471473693847656,0.9396511912345886,0.043010421097278595
LSUI,4070.jpg,Full spatial guide,22.910709381103516,0.9194923043251038,0.05844474583864212
LSUI,4071.jpg,Zero guide,28.054153442382812,0.9052441716194153,0.17830438911914825
LSUI,4072.jpg,Zero guide,24.487382888793945,0.9122284054756165,0.1622680425643921
LSUI,4071.jpg,Uniform guide,21.722936630249023,0.7930932641029358,0.23176494240760803
LSUI,4072.jpg,Uniform guide,23.672407150268555,0.899928092956543,0.31708598136901855
LSUI,4071.jpg,Raw-input guide,29.930946350097656,0.9162108302116394,0.09947922080755234
LSUI,4072.jpg,Raw-input guide,28.717479705810547,0.9321916699409485,0.07328793406486511
LSUI,4071.jpg,Cross-image guide,28.98983383178711,0.9123807549476624,0.0949723869562149
LSUI,4072.jpg,Cross-image guide,28.67349624633789,0.9289147853851318,0.08301651477813721
LSUI,4071.jpg,Full spatial guide,29.92157745361328,0.916124165058136,0.09828530251979828
LSUI,4072.jpg,Full spatial guide,28.63861083984375,0.9320919513702393,0.0730610117316246
LSUI,4073.jpg,Zero guide,24.491273880004883,0.9201202392578125,0.07321429252624512
LSUI,4074.jpg,Zero guide,28.867074966430664,0.9392118453979492,0.09455268830060959
LSUI,4073.jpg,Uniform guide,28.01254653930664,0.9398360848426819,0.04507662355899811
LSUI,4074.jpg,Uniform guide,23.555917739868164,0.8814100623130798,0.1762702763080597
LSUI,4073.jpg,Raw-input guide,30.214096069335938,0.9418975710868835,0.03623436018824577
LSUI,4074.jpg,Raw-input guide,30.410831451416016,0.9473438858985901,0.04871024563908577
LSUI,4073.jpg,Cross-image guide,28.45573616027832,0.9390304684638977,0.0379597432911396
LSUI,4074.jpg,Cross-image guide,30.498260498046875,0.9483065009117126,0.04708438366651535
LSUI,4073.jpg,Full spatial guide,30.212862014770508,0.9419248104095459,0.03617343306541443
LSUI,4074.jpg,Full spatial guide,30.453636169433594,0.9474236369132996,0.04836500436067581
LSUI,4075.jpg,Zero guide,29.27163314819336,0.9401524662971497,0.07905018329620361
LSUI,4076.jpg,Zero guide,25.394519805908203,0.9179031848907471,0.13395702838897705
LSUI,4075.jpg,Uniform guide,23.0734806060791,0.8844736218452454,0.20682522654533386
LSUI,4076.jpg,Uniform guide,20.48919677734375,0.801150381565094,0.1749647706747055
LSUI,4075.jpg,Raw-input guide,29.92750358581543,0.9466249346733093,0.05623876675963402
LSUI,4076.jpg,Raw-input guide,28.66720199584961,0.9182519316673279,0.08979129791259766
LSUI,4075.jpg,Cross-image guide,29.380800247192383,0.9445460438728333,0.06422153115272522
LSUI,4076.jpg,Cross-image guide,30.230697631835938,0.9314153790473938,0.08647621423006058
LSUI,4075.jpg,Full spatial guide,29.983314514160156,0.9466885924339294,0.05618765205144882
LSUI,4076.jpg,Full spatial guide,28.52897834777832,0.9128300547599792,0.09132912009954453
LSUI,4077.jpg,Zero guide,28.898324966430664,0.9534192085266113,0.07784108817577362
LSUI,4078.jpg,Zero guide,25.981367111206055,0.6669373512268066,0.07958466559648514
LSUI,4077.jpg,Uniform guide,23.387096405029297,0.8937103152275085,0.14601662755012512
LSUI,4078.jpg,Uniform guide,23.69877815246582,0.7413930892944336,0.0905814841389656
LSUI,4077.jpg,Raw-input guide,31.292949676513672,0.9568503499031067,0.039795197546482086
LSUI,4078.jpg,Raw-input guide,30.89106559753418,0.8641641736030579,0.04708557575941086
LSUI,4077.jpg,Cross-image guide,28.660968780517578,0.9493655562400818,0.051965903490781784
LSUI,4078.jpg,Cross-image guide,30.885414123535156,0.867573082447052,0.051394179463386536
LSUI,4077.jpg,Full spatial guide,31.25473976135254,0.9568674564361572,0.03952551633119583
LSUI,4078.jpg,Full spatial guide,30.847278594970703,0.8626578450202942,0.04729478806257248
LSUI,4079.jpg,Zero guide,27.468521118164062,0.9278998970985413,0.11506739258766174
LSUI,4080.jpg,Zero guide,27.09463882446289,0.9271358847618103,0.06853911280632019
LSUI,4079.jpg,Uniform guide,20.869625091552734,0.8577612042427063,0.20580118894577026
LSUI,4080.jpg,Uniform guide,17.587322235107422,0.8058200478553772,0.1933307647705078
LSUI,4079.jpg,Raw-input guide,29.172183990478516,0.9360883831977844,0.05319888889789581
LSUI,4080.jpg,Raw-input guide,32.457584381103516,0.9603352546691895,0.042920149862766266
LSUI,4079.jpg,Cross-image guide,28.63687515258789,0.9306883811950684,0.05815437063574791
LSUI,4080.jpg,Cross-image guide,31.791017532348633,0.9566321969032288,0.04481197148561478
LSUI,4079.jpg,Full spatial guide,29.16877555847168,0.9359990954399109,0.05281105637550354
LSUI,4080.jpg,Full spatial guide,32.53815460205078,0.9603317379951477,0.042694829404354095
LSUI,4081.jpg,Zero guide,22.095672607421875,0.8815831542015076,0.117769256234169
LSUI,4082.jpg,Zero guide,23.898515701293945,0.8857545256614685,0.12185825407505035
LSUI,4081.jpg,Uniform guide,19.623571395874023,0.760665237903595,0.19634461402893066
LSUI,4082.jpg,Uniform guide,22.985322952270508,0.899716854095459,0.11392057687044144
LSUI,4081.jpg,Raw-input guide,26.492645263671875,0.8832384943962097,0.0765293687582016
LSUI,4082.jpg,Raw-input guide,29.446250915527344,0.9350717067718506,0.06347239017486572
LSUI,4081.jpg,Cross-image guide,25.21795082092285,0.8767373561859131,0.07985548675060272
LSUI,4082.jpg,Cross-image guide,28.427383422851562,0.9273354411125183,0.06897388398647308
LSUI,4081.jpg,Full spatial guide,26.490631103515625,0.8830515742301941,0.07645481824874878
LSUI,4082.jpg,Full spatial guide,29.427995681762695,0.9351913332939148,0.06350237131118774
LSUI,4083.jpg,Zero guide,27.63088035583496,0.9363073706626892,0.11662532389163971
LSUI,4084.jpg,Zero guide,23.449737548828125,0.9040082097053528,0.17452508211135864
LSUI,4083.jpg,Uniform guide,21.8166561126709,0.8944932818412781,0.2283337563276291
LSUI,4084.jpg,Uniform guide,18.307605743408203,0.8486557006835938,0.2633514404296875
LSUI,4083.jpg,Raw-input guide,29.580074310302734,0.9417588114738464,0.06208070367574692
LSUI,4084.jpg,Raw-input guide,31.051237106323242,0.9188968539237976,0.09926745295524597
LSUI,4083.jpg,Cross-image guide,30.798431396484375,0.9435083866119385,0.06006758660078049
LSUI,4084.jpg,Cross-image guide,30.835105895996094,0.9131243228912354,0.11129117757081985
LSUI,4083.jpg,Full spatial guide,29.477083206176758,0.9416475892066956,0.06241488456726074
LSUI,4084.jpg,Full spatial guide,31.506826400756836,0.9190990924835205,0.0991186797618866
LSUI,4085.jpg,Zero guide,21.39862823486328,0.885966956615448,0.08254414051771164
LSUI,4086.jpg,Zero guide,25.106510162353516,0.9154513478279114,0.05461626499891281
LSUI,4085.jpg,Uniform guide,20.546865463256836,0.8363330364227295,0.10875768959522247
LSUI,4086.jpg,Uniform guide,24.377304077148438,0.9139369130134583,0.054146431386470795
LSUI,4085.jpg,Raw-input guide,26.978736877441406,0.939570426940918,0.05179694667458534
LSUI,4086.jpg,Raw-input guide,29.37788963317871,0.9180424809455872,0.03966299071907997
LSUI,4085.jpg,Cross-image guide,23.664447784423828,0.9104483127593994,0.04451249539852142
LSUI,4086.jpg,Cross-image guide,29.353132247924805,0.9200873970985413,0.03827957436442375
LSUI,4085.jpg,Full spatial guide,26.788162231445312,0.9389835000038147,0.04826012998819351
LSUI,4086.jpg,Full spatial guide,29.076236724853516,0.9169840812683105,0.039608411490917206
LSUI,4087.jpg,Zero guide,26.52519416809082,0.9314866065979004,0.06706826388835907
LSUI,4088.jpg,Zero guide,26.76504135131836,0.9351308941841125,0.11836309731006622
LSUI,4087.jpg,Uniform guide,23.10854721069336,0.9188504219055176,0.09474092721939087
LSUI,4088.jpg,Uniform guide,24.425975799560547,0.9078639149665833,0.1454029232263565
LSUI,4087.jpg,Raw-input guide,30.038785934448242,0.9431450963020325,0.04640159383416176
LSUI,4088.jpg,Raw-input guide,30.456819534301758,0.939771831035614,0.05178198218345642
LSUI,4087.jpg,Cross-image guide,29.43302345275879,0.9410399794578552,0.04828443378210068
LSUI,4088.jpg,Cross-image guide,29.046003341674805,0.9365243911743164,0.054528459906578064
LSUI,4087.jpg,Full spatial guide,29.96244239807129,0.9430364966392517,0.04641670733690262
LSUI,4088.jpg,Full spatial guide,30.471086502075195,0.9397966265678406,0.05163916200399399
LSUI,4089.jpg,Zero guide,26.40807342529297,0.9248723387718201,0.08508195728063583
LSUI,4090.jpg,Zero guide,23.287240982055664,0.9053393006324768,0.13889282941818237
LSUI,4089.jpg,Uniform guide,19.64800262451172,0.8207061886787415,0.17348340153694153
LSUI,4090.jpg,Uniform guide,27.819156646728516,0.9282724261283875,0.08715388923883438
LSUI,4089.jpg,Raw-input guide,28.958721160888672,0.9317324161529541,0.060263097286224365
LSUI,4090.jpg,Raw-input guide,29.372404098510742,0.9317795634269714,0.06848360598087311
LSUI,4089.jpg,Cross-image guide,28.885419845581055,0.9301626086235046,0.06366537511348724
LSUI,4090.jpg,Cross-image guide,31.03546142578125,0.9348781108856201,0.06758967787027359
LSUI,4089.jpg,Full spatial guide,29.002174377441406,0.9315260052680969,0.06078386306762695
LSUI,4090.jpg,Full spatial guide,29.40660285949707,0.9318428039550781,0.06848946958780289
LSUI,4092.jpg,Zero guide,23.590961456298828,0.8523232936859131,0.12698990106582642
LSUI,4919.jpg,Zero guide,22.707401275634766,0.9602661728858948,0.06003672629594803
LSUI,4092.jpg,Uniform guide,18.47410774230957,0.8571901321411133,0.21017123758792877
LSUI,4919.jpg,Uniform guide,18.71497917175293,0.9338467717170715,0.1135411486029625
LSUI,4092.jpg,Raw-input guide,29.029695510864258,0.9173455834388733,0.06595991551876068
LSUI,4919.jpg,Raw-input guide,22.081401824951172,0.9692306518554688,0.04385280981659889
LSUI,4092.jpg,Cross-image guide,23.523147583007812,0.8513159155845642,0.08390020579099655
LSUI,4919.jpg,Cross-image guide,24.741493225097656,0.9741502404212952,0.02200218290090561
LSUI,4092.jpg,Full spatial guide,29.605167388916016,0.9183242917060852,0.06563612818717957
LSUI,4919.jpg,Full spatial guide,22.796226501464844,0.972024142742157,0.03306806460022926
LSUI,4920.jpg,Zero guide,28.997943878173828,0.983768880367279,0.035323143005371094
LSUI,4921.jpg,Zero guide,27.418973922729492,0.9822002053260803,0.037525832653045654
LSUI,4920.jpg,Uniform guide,23.064544677734375,0.9707701206207275,0.1242140382528305
LSUI,4921.jpg,Uniform guide,24.36428451538086,0.9765334129333496,0.11009465157985687
LSUI,4920.jpg,Raw-input guide,32.30992126464844,0.9898204207420349,0.024418912827968597
LSUI,4921.jpg,Raw-input guide,32.209781646728516,0.9895426630973816,0.018437154591083527
LSUI,4920.jpg,Cross-image guide,31.580738067626953,0.9891178011894226,0.027286197990179062
LSUI,4921.jpg,Cross-image guide,32.31419372558594,0.9899459481239319,0.02034037560224533
LSUI,4920.jpg,Full spatial guide,32.54176712036133,0.989966094493866,0.0237912368029356
LSUI,4921.jpg,Full spatial guide,32.34138107299805,0.9896658062934875,0.01771753467619419
LSUI,4922.jpg,Zero guide,24.500240325927734,0.9758040308952332,0.055827684700489044
LSUI,4923.jpg,Zero guide,25.73969078063965,0.9768683910369873,0.04920412600040436
LSUI,4922.jpg,Uniform guide,24.20779037475586,0.973558247089386,0.0904957577586174
LSUI,4923.jpg,Uniform guide,25.339658737182617,0.9724045395851135,0.0889117568731308
LSUI,4922.jpg,Raw-input guide,28.907352447509766,0.9869613647460938,0.01986948773264885
LSUI,4923.jpg,Raw-input guide,32.479148864746094,0.9899711608886719,0.014247436076402664
LSUI,4922.jpg,Cross-image guide,29.46019744873047,0.9883887767791748,0.01753236912190914
LSUI,4923.jpg,Cross-image guide,31.624618530273438,0.989368736743927,0.014347231015563011
LSUI,4922.jpg,Full spatial guide,28.85784149169922,0.9871732592582703,0.019113555550575256
LSUI,4923.jpg,Full spatial guide,31.893489837646484,0.9899399280548096,0.013874398544430733
LSUI,4924.jpg,Zero guide,27.304378509521484,0.9804924130439758,0.05458870902657509
LSUI,4925.jpg,Zero guide,32.1036491394043,0.9861512184143066,0.04484180733561516
LSUI,4924.jpg,Uniform guide,25.627647399902344,0.9734199047088623,0.08320213854312897
LSUI,4925.jpg,Uniform guide,27.046096801757812,0.9746988415718079,0.07924871146678925
LSUI,4924.jpg,Raw-input guide,33.002342224121094,0.9901726841926575,0.016835523769259453
LSUI,4925.jpg,Raw-input guide,35.9788818359375,0.9916241765022278,0.015996063128113747
LSUI,4924.jpg,Cross-image guide,32.72342300415039,0.9903934597969055,0.016893822699785233
LSUI,4925.jpg,Cross-image guide,29.130992889404297,0.9839873909950256,0.03780478611588478
LSUI,4924.jpg,Full spatial guide,32.940879821777344,0.9904324412345886,0.015217792242765427
LSUI,4925.jpg,Full spatial guide,36.852622985839844,0.9919382929801941,0.013803652487695217
LSUI,4926.jpg,Zero guide,30.33960723876953,0.9823326468467712,0.046212732791900635
LSUI,4927.jpg,Zero guide,31.334524154663086,0.9863791465759277,0.03970068693161011
LSUI,4926.jpg,Uniform guide,21.314966201782227,0.9612166285514832,0.07865297794342041
LSUI,4927.jpg,Uniform guide,26.43077850341797,0.9753289818763733,0.09288520365953445
LSUI,4926.jpg,Raw-input guide,38.839385986328125,0.9887251853942871,0.012940827757120132
LSUI,4927.jpg,Raw-input guide,35.05409622192383,0.9919281005859375,0.02283329889178276
LSUI,4926.jpg,Cross-image guide,30.89149284362793,0.9863553047180176,0.03208283334970474
LSUI,4927.jpg,Cross-image guide,33.389739990234375,0.9899429678916931,0.02835036814212799
LSUI,4926.jpg,Full spatial guide,39.68863296508789,0.988706111907959,0.01216279435902834
LSUI,4927.jpg,Full spatial guide,36.033668518066406,0.9922215342521667,0.01958012580871582
LSUI,4928.jpg,Zero guide,31.55910873413086,0.9878426194190979,0.04089570790529251
LSUI,4929.jpg,Zero guide,31.404197692871094,0.9876968860626221,0.03842729330062866
LSUI,4928.jpg,Uniform guide,26.770111083984375,0.978119432926178,0.09658847004175186
LSUI,4929.jpg,Uniform guide,27.06145477294922,0.9775431752204895,0.07894957065582275
LSUI,4928.jpg,Raw-input guide,32.73674392700195,0.9909951090812683,0.03124234266579151
LSUI,4929.jpg,Raw-input guide,32.62056350708008,0.990892231464386,0.025098301470279694
LSUI,4928.jpg,Cross-image guide,34.511878967285156,0.9920888543128967,0.02332136780023575
LSUI,4929.jpg,Cross-image guide,34.854270935058594,0.9912816882133484,0.01787906512618065
LSUI,4928.jpg,Full spatial guide,34.029239654541016,0.9915412068367004,0.024520494043827057
LSUI,4929.jpg,Full spatial guide,33.91783905029297,0.9913658499717712,0.019644251093268394
LSUI,4930.jpg,Zero guide,33.55965042114258,0.9889689087867737,0.034715451300144196
LSUI,4931.jpg,Zero guide,33.016883850097656,0.9881176948547363,0.03700144961476326
LSUI,4930.jpg,Uniform guide,26.644275665283203,0.9767794609069824,0.08878180384635925
LSUI,4931.jpg,Uniform guide,26.6721134185791,0.9766241908073425,0.08759946376085281
LSUI,4930.jpg,Raw-input guide,32.35542678833008,0.9908466339111328,0.02792317047715187
LSUI,4931.jpg,Raw-input guide,30.77203941345215,0.9893484711647034,0.035986609756946564
LSUI,4930.jpg,Cross-image guide,33.489662170410156,0.9909496903419495,0.02350524254143238
LSUI,4931.jpg,Cross-image guide,32.76205062866211,0.9901977181434631,0.02286498248577118
LSUI,4930.jpg,Full spatial guide,33.340423583984375,0.9912250638008118,0.02374659851193428
LSUI,4931.jpg,Full spatial guide,31.62652015686035,0.9898102879524231,0.031772054731845856
LSUI,4932.jpg,Zero guide,32.560150146484375,0.9878373742103577,0.03784148767590523
LSUI,4933.jpg,Zero guide,33.036006927490234,0.9880996346473694,0.0354054719209671
LSUI,4932.jpg,Uniform guide,26.628934860229492,0.9762322306632996,0.08218708634376526
LSUI,4933.jpg,Uniform guide,26.257774353027344,0.9754752516746521,0.09601570665836334
LSUI,4932.jpg,Raw-input guide,32.695945739746094,0.9894970059394836,0.027768462896347046
LSUI,4933.jpg,Raw-input guide,31.947690963745117,0.9879654049873352,0.03185654059052467
LSUI,4932.jpg,Cross-image guide,32.108245849609375,0.9891641736030579,0.0293114110827446
LSUI,4933.jpg,Cross-image guide,33.976043701171875,0.9893949627876282,0.021017182618379593
LSUI,4932.jpg,Full spatial guide,33.47169876098633,0.9898476004600525,0.02399175986647606
LSUI,4933.jpg,Full spatial guide,32.5157356262207,0.9882007241249084,0.02789440006017685
LSUI,4934.jpg,Zero guide,31.94976043701172,0.9879303574562073,0.036361828446388245
LSUI,4935.jpg,Zero guide,32.5248908996582,0.9874699115753174,0.04209526628255844
LSUI,4934.jpg,Uniform guide,25.581396102905273,0.9762561321258545,0.0862152948975563
LSUI,4935.jpg,Uniform guide,26.57522201538086,0.973703920841217,0.07313680648803711
LSUI,4934.jpg,Raw-input guide,34.1455078125,0.9911499619483948,0.017684465274214745
LSUI,4935.jpg,Raw-input guide,30.45976448059082,0.9890580177307129,0.023126250132918358
LSUI,4934.jpg,Cross-image guide,35.28533172607422,0.9924195408821106,0.013060767203569412
LSUI,4935.jpg,Cross-image guide,30.464435577392578,0.9885008335113525,0.02404598705470562
LSUI,4934.jpg,Full spatial guide,34.55975341796875,0.9912624359130859,0.015816304832696915
LSUI,4935.jpg,Full spatial guide,30.960247039794922,0.9891512989997864,0.02086903341114521
LSUI,4936.jpg,Zero guide,30.428237915039062,0.9859861731529236,0.05180419981479645
LSUI,4937.jpg,Zero guide,35.89958572387695,0.9850249290466309,0.03333953022956848
LSUI,4936.jpg,Uniform guide,24.498287200927734,0.9728811383247375,0.10500006377696991
LSUI,4937.jpg,Uniform guide,21.79772186279297,0.9631120562553406,0.10105293989181519
LSUI,4936.jpg,Raw-input guide,33.28425216674805,0.9910677075386047,0.02232910506427288
LSUI,4937.jpg,Raw-input guide,33.68980026245117,0.9880101084709167,0.02124195173382759
LSUI,4936.jpg,Cross-image guide,30.712936401367188,0.9883061051368713,0.036129940301179886
LSUI,4937.jpg,Cross-image guide,33.513248443603516,0.9852283000946045,0.029743220657110214
LSUI,4936.jpg,Full spatial guide,33.469058990478516,0.9910661578178406,0.021291816607117653
LSUI,4937.jpg,Full spatial guide,33.46293640136719,0.987860918045044,0.021569067612290382
LSUI,4938.jpg,Zero guide,32.135337829589844,0.9863836169242859,0.031732603907585144
LSUI,4939.jpg,Zero guide,31.56852912902832,0.9852511882781982,0.03254740685224533
LSUI,4938.jpg,Uniform guide,26.126018524169922,0.9753430485725403,0.06594397127628326
LSUI,4939.jpg,Uniform guide,25.213022232055664,0.9702191352844238,0.06334972381591797
LSUI,4938.jpg,Raw-input guide,36.471832275390625,0.9924551844596863,0.011060352437198162
LSUI,4939.jpg,Raw-input guide,35.632808685302734,0.9915664792060852,0.01095523126423359
LSUI,4938.jpg,Cross-image guide,36.51054382324219,0.9923344254493713,0.011312434449791908
LSUI,4939.jpg,Cross-image guide,32.52281951904297,0.990102231502533,0.015006737783551216
LSUI,4938.jpg,Full spatial guide,36.646331787109375,0.9923098087310791,0.011051874607801437
LSUI,4939.jpg,Full spatial guide,35.376068115234375,0.9914016723632812,0.011003859341144562
LSUI,4940.jpg,Zero guide,30.742294311523438,0.9854857921600342,0.03608743101358414
LSUI,4941.jpg,Zero guide,28.332231521606445,0.985095202922821,0.04607902839779854
LSUI,4940.jpg,Uniform guide,25.236032485961914,0.9723105430603027,0.06807196140289307
LSUI,4941.jpg,Uniform guide,24.572542190551758,0.9729533791542053,0.08211502432823181
LSUI,4940.jpg,Raw-input guide,33.63611602783203,0.9904950261116028,0.011825093999505043
LSUI,4941.jpg,Raw-input guide,32.3306884765625,0.9918152689933777,0.014299393631517887
LSUI,4940.jpg,Cross-image guide,33.25714874267578,0.9904348850250244,0.011837746948003769
LSUI,4941.jpg,Cross-image guide,32.98836135864258,0.992823600769043,0.01772751286625862
LSUI,4940.jpg,Full spatial guide,33.599693298339844,0.9904802441596985,0.011862462386488914
LSUI,4941.jpg,Full spatial guide,32.58087921142578,0.9919196963310242,0.013513010926544666
LSUI,4942.jpg,Zero guide,30.19399642944336,0.9874362945556641,0.039528366178274155
LSUI,4943.jpg,Zero guide,30.468284606933594,0.9876454472541809,0.04470410570502281
LSUI,4942.jpg,Uniform guide,24.536014556884766,0.9750170111656189,0.11020366847515106
LSUI,4943.jpg,Uniform guide,23.155712127685547,0.9756500720977783,0.1572740077972412
LSUI,4942.jpg,Raw-input guide,31.60270881652832,0.9918500781059265,0.024754179641604424
LSUI,4943.jpg,Raw-input guide,28.887310028076172,0.9901120066642761,0.05675940960645676
LSUI,4942.jpg,Cross-image guide,29.733505249023438,0.9905794262886047,0.037444256246089935
LSUI,4943.jpg,Cross-image guide,25.32928466796875,0.9804585576057434,0.04415179416537285
LSUI,4942.jpg,Full spatial guide,32.21439743041992,0.9920625686645508,0.02179972268640995
LSUI,4943.jpg,Full spatial guide,29.310279846191406,0.9904175400733948,0.05278761312365532
LSUI,4944.jpg,Zero guide,25.999595642089844,0.9769926071166992,0.0957539826631546
LSUI,4945.jpg,Zero guide,34.265357971191406,0.9837681651115417,0.03364143148064613
LSUI,4944.jpg,Uniform guide,37.475276947021484,0.9885022640228271,0.019406219944357872
LSUI,4945.jpg,Uniform guide,20.518091201782227,0.9512550234794617,0.11951801180839539
LSUI,4944.jpg,Raw-input guide,38.892826080322266,0.9895489811897278,0.02087574079632759
LSUI,4945.jpg,Raw-input guide,34.56245422363281,0.9879090189933777,0.01792130619287491
LSUI,4944.jpg,Cross-image guide,25.434612274169922,0.9807970523834229,0.1094030812382698
LSUI,4945.jpg,Cross-image guide,34.15337371826172,0.9879071116447449,0.01862528547644615
LSUI,4944.jpg,Full spatial guide,38.82682418823242,0.9895678162574768,0.021545646712183952
LSUI,4945.jpg,Full spatial guide,34.124855041503906,0.9877278208732605,0.01899471879005432
LSUI,4946.jpg,Zero guide,34.00953674316406,0.9846806526184082,0.03076127916574478
LSUI,4947.jpg,Zero guide,32.39272689819336,0.9856081008911133,0.04037104919552803
LSUI,4946.jpg,Uniform guide,23.304784774780273,0.9636874198913574,0.07242339104413986
LSUI,4947.jpg,Uniform guide,26.030651092529297,0.9747382998466492,0.06811743974685669
LSUI,4946.jpg,Raw-input guide,34.65163803100586,0.9868524074554443,0.016982421278953552
LSUI,4947.jpg,Raw-input guide,31.947019577026367,0.9853866696357727,0.02635737508535385
LSUI,4946.jpg,Cross-image guide,36.32910919189453,0.9877330660820007,0.015200410038232803
LSUI,4947.jpg,Cross-image guide,31.28807830810547,0.9841368794441223,0.029452834278345108
LSUI,4946.jpg,Full spatial guide,34.616024017333984,0.9868471026420593,0.0168209969997406
LSUI,4947.jpg,Full spatial guide,31.820981979370117,0.9851375222206116,0.026771578937768936
LSUI,4948.jpg,Zero guide,29.786170959472656,0.9832960963249207,0.06022246554493904
LSUI,5037.jpg,Zero guide,30.429208755493164,0.9799425005912781,0.033537548035383224
LSUI,4948.jpg,Uniform guide,31.270296096801758,0.9832250475883484,0.014857550151646137
LSUI,5037.jpg,Uniform guide,20.67504119873047,0.936532199382782,0.10472825169563293
LSUI,4948.jpg,Raw-input guide,30.898788452148438,0.9844102263450623,0.015520728193223476
LSUI,5037.jpg,Raw-input guide,33.71495056152344,0.988316535949707,0.012749922461807728
LSUI,4948.jpg,Cross-image guide,38.98389434814453,0.9889642596244812,0.012675179168581963
LSUI,5037.jpg,Cross-image guide,34.07746124267578,0.9877148270606995,0.01321565080434084
LSUI,4948.jpg,Full spatial guide,31.305835723876953,0.9849098324775696,0.01711934432387352
LSUI,5037.jpg,Full spatial guide,33.67951202392578,0.9876556396484375,0.013374599628150463
LSUI,5038.jpg,Zero guide,32.304527282714844,0.9818792343139648,0.027300488203763962
LSUI,5039.jpg,Zero guide,32.99481201171875,0.9840162396430969,0.022257570177316666
LSUI,5038.jpg,Uniform guide,20.81756591796875,0.9415828585624695,0.11456900835037231
LSUI,5039.jpg,Uniform guide,21.043930053710938,0.9346683025360107,0.09909816086292267
LSUI,5038.jpg,Raw-input guide,32.618804931640625,0.9882104992866516,0.015576803125441074
LSUI,5039.jpg,Raw-input guide,32.71044921875,0.9899718165397644,0.013228469528257847
LSUI,5038.jpg,Cross-image guide,33.02018737792969,0.9881427884101868,0.014039008878171444
LSUI,5039.jpg,Cross-image guide,21.316768646240234,0.9378493428230286,0.07615240663290024
LSUI,5038.jpg,Full spatial guide,32.977901458740234,0.9880750775337219,0.013588521629571915
LSUI,5039.jpg,Full spatial guide,32.83208465576172,0.9898386597633362,0.012419252656400204
