dataset,filename,severity,spatial_score,method,psnr,ssim
U90,10909.png,Severe,10.999726295471191,Input,17.187013626098633,0.6803422570228577
U90,10945.png,Severe,17.91791343688965,Input,14.413721084594727,0.69038987159729
U90,11052.png,Mild,5.640902042388916,Input,17.775842666625977,0.7830512523651123
U90,11064.png,Severe,11.72004508972168,Input,16.921175003051758,0.8175449371337891
U90,11374.png,Moderate,7.842672348022461,Input,20.10393524169922,0.8427934050559998
U90,11398.png,Moderate,9.186657905578613,Input,19.833890914916992,0.8433920741081238
U90,1225.png,Mild,5.728692531585693,Input,19.60957145690918,0.9245395660400391
U90,12290.png,Severe,15.261320114135742,Input,8.407569885253906,0.2684515714645386
U90,10909.png,Severe,10.999726295471191,WWE-UIE,21.139896392822266,0.8682007193565369
U90,10945.png,Severe,17.91791343688965,WWE-UIE,18.58088493347168,0.8220437169075012
U90,11052.png,Mild,5.640902042388916,WWE-UIE,23.026229858398438,0.92259281873703
U90,11064.png,Severe,11.72004508972168,WWE-UIE,21.551231384277344,0.9073445200920105
U90,11374.png,Moderate,7.842672348022461,WWE-UIE,23.411176681518555,0.9286664128303528
U90,11398.png,Moderate,9.186657905578613,WWE-UIE,23.395084381103516,0.9174529910087585
U90,1225.png,Mild,5.728692531585693,WWE-UIE,26.90424346923828,0.9701628684997559
U90,12290.png,Severe,15.261320114135742,WWE-UIE,17.372821807861328,0.820797860622406
U90,10909.png,Severe,10.999726295471191,Uniform guide,23.5240478515625,0.8974660038948059
U90,10945.png,Severe,17.91791343688965,Uniform guide,18.17828369140625,0.8797454237937927
U90,11052.png,Mild,5.640902042388916,Uniform guide,26.818201065063477,0.9658088088035583
U90,11064.png,Severe,11.72004508972168,Uniform guide,22.99312400817871,0.9169270396232605
U90,11374.png,Moderate,7.842672348022461,Uniform guide,27.814233779907227,0.9641985297203064
U90,11398.png,Moderate,9.186657905578613,Uniform guide,26.210350036621094,0.9540935158729553
U90,1225.png,Mild,5.728692531585693,Uniform guide,22.36540985107422,0.9374412894248962
U90,12290.png,Severe,15.261320114135742,Uniform guide,29.335617065429688,0.9276098608970642
U90,10909.png,Severe,10.999726295471191,PROTEUS,24.607749938964844,0.9079567790031433
U90,10945.png,Severe,17.91791343688965,PROTEUS,18.74907684326172,0.8750066161155701
U90,11052.png,Mild,5.640902042388916,PROTEUS,27.43813705444336,0.9667299389839172
U90,11064.png,Severe,11.72004508972168,PROTEUS,28.581884384155273,0.9481145739555359
U90,11374.png,Moderate,7.842672348022461,PROTEUS,29.518157958984375,0.9719474911689758
U90,11398.png,Moderate,9.186657905578613,PROTEUS,30.87372589111328,0.9708203673362732
U90,1225.png,Mild,5.728692531585693,PROTEUS,26.27225685119629,0.969856321811676
U90,12290.png,Severe,15.261320114135742,PROTEUS,30.63379669189453,0.935068666934967
U90,12336.png,Severe,12.495097160339355,Input,12.441478729248047,0.6511110663414001
U90,12348.png,Severe,14.889836311340332,Input,9.283759117126465,0.3813643455505371
U90,12422.png,Moderate,7.605715751647949,Input,13.269207000732422,0.7789716720581055
U90,12433.png,Mild,6.125816345214844,Input,17.59827423095703,0.7689206600189209
U90,1407.png,Mild,6.560920238494873,Input,19.833459854125977,0.8564054369926453
U90,1491.png,Moderate,9.698908805847168,Input,13.742327690124512,0.627751886844635
U90,15001.png,Mild,3.2891652584075928,Input,20.38311004638672,0.7365701198577881
U90,15045.png,Moderate,7.981866359710693,Input,17.6130313873291,0.822547197341919
U90,12336.png,Severe,12.495097160339355,WWE-UIE,20.521160125732422,0.9008212089538574
U90,12348.png,Severe,14.889836311340332,WWE-UIE,20.243913650512695,0.8571984171867371
U90,12422.png,Moderate,7.605715751647949,WWE-UIE,29.12391471862793,0.9606277942657471
U90,12433.png,Mild,6.125816345214844,WWE-UIE,22.568344116210938,0.8917153477668762
U90,1407.png,Mild,6.560920238494873,WWE-UIE,24.691831588745117,0.9443881511688232
U90,1491.png,Moderate,9.698908805847168,WWE-UIE,18.8835506439209,0.8623602390289307
U90,15001.png,Mild,3.2891652584075928,WWE-UIE,21.502880096435547,0.8912158012390137
U90,15045.png,Moderate,7.981866359710693,WWE-UIE,23.929729461669922,0.9539158940315247
U90,12336.png,Severe,12.495097160339355,Uniform guide,32.57419204711914,0.976458728313446
U90,12348.png,Severe,14.889836311340332,Uniform guide,29.085548400878906,0.9313092827796936
U90,12422.png,Moderate,7.605715751647949,Uniform guide,30.478260040283203,0.9696304202079773
U90,12433.png,Mild,6.125816345214844,Uniform guide,30.05282211303711,0.9615559577941895
U90,1407.png,Mild,6.560920238494873,Uniform guide,22.069496154785156,0.8852567672729492
U90,1491.png,Moderate,9.698908805847168,Uniform guide,22.354759216308594,0.9382117390632629
U90,15001.png,Mild,3.2891652584075928,Uniform guide,32.409236907958984,0.9673427939414978
U90,15045.png,Moderate,7.981866359710693,Uniform guide,34.73605728149414,0.9907097220420837
U90,12336.png,Severe,12.495097160339355,PROTEUS,33.32093048095703,0.9787200093269348
U90,12348.png,Severe,14.889836311340332,PROTEUS,32.086891174316406,0.9431384205818176
U90,12422.png,Moderate,7.605715751647949,PROTEUS,33.74348068237305,0.9793815016746521
U90,12433.png,Mild,6.125816345214844,PROTEUS,30.113418579101562,0.9613720774650574
U90,1407.png,Mild,6.560920238494873,PROTEUS,22.097475051879883,0.9080410599708557
U90,1491.png,Moderate,9.698908805847168,PROTEUS,19.43648910522461,0.8783408999443054
U90,15001.png,Mild,3.2891652584075928,PROTEUS,31.863971710205078,0.9683029651641846
U90,15045.png,Moderate,7.981866359710693,PROTEUS,34.6990852355957,0.990810215473175
U90,15094.png,Moderate,8.99006175994873,Input,15.767147064208984,0.7740189433097839
U90,15113.png,Mild,5.763978481292725,Input,14.78314208984375,0.5517581701278687
U90,15136.png,Moderate,9.379804611206055,Input,14.66464900970459,0.7412465214729309
U90,1539.png,Moderate,9.518217086791992,Input,15.980969429016113,0.7779783606529236
U90,15418.png,Severe,18.701627731323242,Input,12.65696907043457,0.42332538962364197
U90,15426.png,Severe,11.962808609008789,Input,16.894393920898438,0.7643869519233704
U90,15704.png,Severe,11.324772834777832,Input,15.122444152832031,0.6173403263092041
U90,1573.png,Moderate,10.176810264587402,Input,16.916845321655273,0.8622357845306396
U90,15094.png,Moderate,8.99006175994873,WWE-UIE,28.85360336303711,0.967587411403656
U90,15113.png,Mild,5.763978481292725,WWE-UIE,20.019832611083984,0.8329834938049316
U90,15136.png,Moderate,9.379804611206055,WWE-UIE,24.982074737548828,0.9379510283470154
U90,1539.png,Moderate,9.518217086791992,WWE-UIE,21.616193771362305,0.9056518077850342
U90,15418.png,Severe,18.701627731323242,WWE-UIE,17.751365661621094,0.816943883895874
U90,15426.png,Severe,11.962808609008789,WWE-UIE,22.31766700744629,0.8735928535461426
U90,15704.png,Severe,11.324772834777832,WWE-UIE,22.437606811523438,0.9054064154624939
U90,1573.png,Moderate,10.176810264587402,WWE-UIE,28.9321231842041,0.9149948954582214
U90,15094.png,Moderate,8.99006175994873,Uniform guide,33.720245361328125,0.9781492352485657
U90,15113.png,Mild,5.763978481292725,Uniform guide,29.526809692382812,0.9778521060943604
U90,15136.png,Moderate,9.379804611206055,Uniform guide,31.516380310058594,0.9849764704704285
U90,1539.png,Moderate,9.518217086791992,Uniform guide,20.640178680419922,0.8870329260826111
U90,15418.png,Severe,18.701627731323242,Uniform guide,28.313465118408203,0.9512224793434143
U90,15426.png,Severe,11.962808609008789,Uniform guide,28.694421768188477,0.9438061714172363
U90,15704.png,Severe,11.324772834777832,Uniform guide,30.698728561401367,0.9781539440155029
U90,1573.png,Moderate,10.176810264587402,Uniform guide,25.937393188476562,0.9053752422332764
U90,15094.png,Moderate,8.99006175994873,PROTEUS,33.44117736816406,0.9753329753875732
U90,15113.png,Mild,5.763978481292725,PROTEUS,29.590139389038086,0.9779648184776306
U90,15136.png,Moderate,9.379804611206055,PROTEUS,31.25421714782715,0.9845193028450012
U90,1539.png,Moderate,9.518217086791992,PROTEUS,20.712722778320312,0.8974366784095764
U90,15418.png,Severe,18.701627731323242,PROTEUS,28.503759384155273,0.9527440071105957
U90,15426.png,Severe,11.962808609008789,PROTEUS,29.449493408203125,0.9414649605751038
U90,15704.png,Severe,11.324772834777832,PROTEUS,30.642520904541016,0.9779123663902283
U90,1573.png,Moderate,10.176810264587402,PROTEUS,27.175180435180664,0.9116520881652832
U90,1660.png,Severe,13.113521575927734,Input,10.04857063293457,0.6615830063819885
U90,1742.png,Mild,2.571350336074829,Input,21.02003288269043,0.9325447082519531
U90,1957.png,Moderate,7.3243608474731445,Input,15.895069122314453,0.6805813908576965
U90,208_img_.png,Moderate,7.680986404418945,Input,15.26248550415039,0.7718464732170105
U90,209_img_.png,Mild,6.752796173095703,Input,17.904769897460938,0.8148505687713623
U90,210_img_.png,Mild,5.771986961364746,Input,18.860366821289062,0.8691518902778625
U90,211_img_.png,Moderate,7.683335304260254,Input,20.556180953979492,0.8398333191871643
U90,212_img_.png,Moderate,8.451600074768066,Input,19.340526580810547,0.833250105381012
U90,1660.png,Severe,13.113521575927734,WWE-UIE,24.06305694580078,0.9681676030158997
U90,1742.png,Mild,2.571350336074829,WWE-UIE,20.487520217895508,0.927697479724884
U90,1957.png,Moderate,7.3243608474731445,WWE-UIE,22.708786010742188,0.9217143654823303
U90,208_img_.png,Moderate,7.680986404418945,WWE-UIE,29.33633041381836,0.978456974029541
U90,209_img_.png,Mild,6.752796173095703,WWE-UIE,21.66803741455078,0.9049450755119324
U90,210_img_.png,Mild,5.771986961364746,WWE-UIE,25.382539749145508,0.9206129908561707
U90,211_img_.png,Moderate,7.683335304260254,WWE-UIE,26.163352966308594,0.9735221266746521
U90,212_img_.png,Moderate,8.451600074768066,WWE-UIE,27.665346145629883,0.965817928314209
U90,1660.png,Severe,13.113521575927734,Uniform guide,20.5526065826416,0.9559893608093262
U90,1742.png,Mild,2.571350336074829,Uniform guide,17.171213150024414,0.8928976058959961
U90,1957.png,Moderate,7.3243608474731445,Uniform guide,27.656461715698242,0.97133868932724
U90,208_img_.png,Moderate,7.680986404418945,Uniform guide,25.349239349365234,0.96844083070755
U90,209_img_.png,Mild,6.752796173095703,Uniform guide,19.05174446105957,0.8693879246711731
U90,210_img_.png,Mild,5.771986961364746,Uniform guide,19.803375244140625,0.8129962086677551
U90,211_img_.png,Moderate,7.683335304260254,Uniform guide,30.568634033203125,0.9682433009147644
U90,212_img_.png,Moderate,8.451600074768066,Uniform guide,30.038223266601562,0.9740889668464661
U90,1660.png,Severe,13.113521575927734,PROTEUS,20.36774444580078,0.9548576474189758
U90,1742.png,Mild,2.571350336074829,PROTEUS,17.055992126464844,0.9100797176361084
U90,1957.png,Moderate,7.3243608474731445,PROTEUS,26.983848571777344,0.9654350280761719
U90,208_img_.png,Moderate,7.680986404418945,PROTEUS,25.27477264404297,0.9696797728538513
U90,209_img_.png,Mild,6.752796173095703,PROTEUS,19.01736831665039,0.868039608001709
U90,210_img_.png,Mild,5.771986961364746,PROTEUS,25.50457191467285,0.9357296824455261
U90,211_img_.png,Moderate,7.683335304260254,PROTEUS,30.656593322753906,0.9677881598472595
U90,212_img_.png,Moderate,8.451600074768066,PROTEUS,30.831594467163086,0.9776127934455872
U90,213_img_.png,Severe,15.953701972961426,Input,14.16007137298584,0.5319589972496033
U90,2546.png,Mild,5.951496124267578,Input,21.317474365234375,0.9239758849143982
U90,25_img_.png,Mild,6.519035816192627,Input,17.61202049255371,0.6433302760124207
U90,2629.png,Moderate,10.825565338134766,Input,14.73523998260498,0.6060574054718018
U90,2677.png,Mild,4.581419467926025,Input,14.78487491607666,0.6184872388839722
U90,26_img_.png,Moderate,9.426501274108887,Input,16.745771408081055,0.6146227717399597
U90,2701.png,Severe,13.23081111907959,Input,13.69228458404541,0.718491792678833
U90,2774.png,Mild,3.737717390060425,Input,17.187299728393555,0.7964503765106201
U90,213_img_.png,Severe,15.953701972961426,WWE-UIE,23.204113006591797,0.8925604820251465
U90,2546.png,Mild,5.951496124267578,WWE-UIE,29.548948287963867,0.975175678730011
U90,25_img_.png,Mild,6.519035816192627,WWE-UIE,24.267080307006836,0.912115752696991
U90,2629.png,Moderate,10.825565338134766,WWE-UIE,21.676841735839844,0.8891242146492004
U90,2677.png,Mild,4.581419467926025,WWE-UIE,17.678749084472656,0.894967794418335
U90,26_img_.png,Moderate,9.426501274108887,WWE-UIE,23.120601654052734,0.9225694537162781
U90,2701.png,Severe,13.23081111907959,WWE-UIE,19.715768814086914,0.8926246762275696
U90,2774.png,Mild,3.737717390060425,WWE-UIE,24.098094940185547,0.9443597197532654
U90,213_img_.png,Severe,15.953701972961426,Uniform guide,23.993515014648438,0.9049584865570068
U90,2546.png,Mild,5.951496124267578,Uniform guide,24.95818328857422,0.9699618220329285
U90,25_img_.png,Mild,6.519035816192627,Uniform guide,23.38355827331543,0.9102351069450378
U90,2629.png,Moderate,10.825565338134766,Uniform guide,20.106670379638672,0.8650391101837158
U90,2677.png,Mild,4.581419467926025,Uniform guide,17.59234046936035,0.8889868259429932
U90,26_img_.png,Moderate,9.426501274108887,Uniform guide,25.823400497436523,0.949397087097168
U90,2701.png,Severe,13.23081111907959,Uniform guide,18.18465805053711,0.8726184964179993
U90,2774.png,Mild,3.737717390060425,Uniform guide,24.916854858398438,0.9261601567268372
U90,213_img_.png,Severe,15.953701972961426,PROTEUS,21.124286651611328,0.7952313423156738
U90,2546.png,Mild,5.951496124267578,PROTEUS,24.74925994873047,0.9696753025054932
U90,25_img_.png,Mild,6.519035816192627,PROTEUS,24.03769302368164,0.923976719379425
U90,2629.png,Moderate,10.825565338134766,PROTEUS,22.53731918334961,0.9021850228309631
U90,2677.png,Mild,4.581419467926025,PROTEUS,17.09772300720215,0.8860015869140625
U90,26_img_.png,Moderate,9.426501274108887,PROTEUS,26.339330673217773,0.9507343769073486
U90,2701.png,Severe,13.23081111907959,PROTEUS,18.84893035888672,0.87352055311203
U90,2774.png,Mild,3.737717390060425,PROTEUS,21.779279708862305,0.8866574764251709
U90,2787.png,Severe,12.53785514831543,Input,15.695633888244629,0.7294015884399414
U90,2882.png,Mild,4.755101680755615,Input,14.30978012084961,0.6631365418434143
U90,2977.png,Severe,11.179343223571777,Input,14.623570442199707,0.6987459063529968
U90,3001.png,Severe,12.433452606201172,Input,15.615567207336426,0.7179272174835205
U90,3015.png,Mild,4.869477272033691,Input,22.406129837036133,0.8842752575874329
U90,3196.png,Mild,5.46926736831665,Input,20.06900978088379,0.8080191612243652
U90,3202.png,Mild,4.711483001708984,Input,18.77317237854004,0.7640671730041504
U90,3330.png,Severe,18.77821159362793,Input,16.999441146850586,0.7608716487884521
U90,2787.png,Severe,12.53785514831543,WWE-UIE,22.409156799316406,0.9124693274497986
U90,2882.png,Mild,4.755101680755615,WWE-UIE,23.28140640258789,0.9328082203865051
U90,2977.png,Severe,11.179343223571777,WWE-UIE,23.61053466796875,0.9196086525917053
U90,3001.png,Severe,12.433452606201172,WWE-UIE,29.410320281982422,0.9761616587638855
U90,3015.png,Mild,4.869477272033691,WWE-UIE,25.446239471435547,0.9504378437995911
U90,3196.png,Mild,5.46926736831665,WWE-UIE,25.488183975219727,0.9600798487663269
U90,3202.png,Mild,4.711483001708984,WWE-UIE,30.74187469482422,0.9770397543907166
U90,3330.png,Severe,18.77821159362793,WWE-UIE,22.887659072875977,0.9374744296073914
U90,2787.png,Severe,12.53785514831543,Uniform guide,20.8234806060791,0.8929551243782043
U90,2882.png,Mild,4.755101680755615,Uniform guide,26.54376792907715,0.9643457531929016
U90,2977.png,Severe,11.179343223571777,Uniform guide,25.27779769897461,0.9486388564109802
U90,3001.png,Severe,12.433452606201172,Uniform guide,23.11114501953125,0.9357740879058838
U90,3015.png,Mild,4.869477272033691,Uniform guide,22.573471069335938,0.9341424107551575
U90,3196.png,Mild,5.46926736831665,Uniform guide,17.086729049682617,0.7950872778892517
U90,3202.png,Mild,4.711483001708984,Uniform guide,27.173664093017578,0.9715537428855896
U90,3330.png,Severe,18.77821159362793,Uniform guide,25.36258888244629,0.8489108085632324
U90,2787.png,Severe,12.53785514831543,PROTEUS,23.37342071533203,0.9163314700126648
U90,2882.png,Mild,4.755101680755615,PROTEUS,25.112464904785156,0.9522382616996765
U90,2977.png,Severe,11.179343223571777,PROTEUS,23.46194839477539,0.9209890961647034
U90,3001.png,Severe,12.433452606201172,PROTEUS,25.91381072998047,0.9624618887901306
U90,3015.png,Mild,4.869477272033691,PROTEUS,21.727304458618164,0.920417845249176
U90,3196.png,Mild,5.46926736831665,PROTEUS,23.232177734375,0.9488100409507751
U90,3202.png,Mild,4.711483001708984,PROTEUS,29.551286697387695,0.9784355759620667
U90,3330.png,Severe,18.77821159362793,PROTEUS,24.488658905029297,0.8413313031196594
U90,3650.png,Severe,12.77082347869873,Input,16.819456100463867,0.7890077233314514
U90,3728.png,Mild,5.614162921905518,Input,20.01470375061035,0.7432906031608582
U90,379_img_.png,Mild,3.6543235778808594,Input,20.866411209106445,0.8684616088867188
U90,380_img_.png,Moderate,9.904903411865234,Input,12.245067596435547,0.7058038115501404
U90,381_img_.png,Severe,16.111164093017578,Input,11.950050354003906,0.5780438184738159
U90,382_img_.png,Mild,7.190238952636719,Input,12.386552810668945,0.6551403403282166
U90,383_img_.png,Severe,14.784547805786133,Input,14.586874008178711,0.5301669239997864
U90,3925.png,Mild,4.810610294342041,Input,18.355663299560547,0.806545078754425
U90,3650.png,Severe,12.77082347869873,WWE-UIE,24.1575984954834,0.9473752975463867
U90,3728.png,Mild,5.614162921905518,WWE-UIE,24.566295623779297,0.9332024455070496
U90,379_img_.png,Mild,3.6543235778808594,WWE-UIE,19.943950653076172,0.9179221987724304
U90,380_img_.png,Moderate,9.904903411865234,WWE-UIE,18.910011291503906,0.9069653153419495
U90,381_img_.png,Severe,16.111164093017578,WWE-UIE,31.141328811645508,0.9791865944862366
U90,382_img_.png,Mild,7.190238952636719,WWE-UIE,19.871936798095703,0.939685046672821
U90,383_img_.png,Severe,14.784547805786133,WWE-UIE,23.35767364501953,0.907666027545929
U90,3925.png,Mild,4.810610294342041,WWE-UIE,20.74767303466797,0.919043242931366
U90,3650.png,Severe,12.77082347869873,Uniform guide,29.750598907470703,0.9785213470458984
U90,3728.png,Mild,5.614162921905518,Uniform guide,24.812763214111328,0.9330272078514099
U90,379_img_.png,Mild,3.6543235778808594,Uniform guide,18.963672637939453,0.8559896945953369
U90,380_img_.png,Moderate,9.904903411865234,Uniform guide,20.739259719848633,0.9335208535194397
U90,381_img_.png,Severe,16.111164093017578,Uniform guide,26.166017532348633,0.9783730506896973
U90,382_img_.png,Mild,7.190238952636719,Uniform guide,20.25567054748535,0.9222518801689148
U90,383_img_.png,Severe,14.784547805786133,Uniform guide,27.722564697265625,0.9566758275032043
U90,3925.png,Mild,4.810610294342041,Uniform guide,22.949018478393555,0.9236450791358948
U90,3650.png,Severe,12.77082347869873,PROTEUS,27.19538688659668,0.9592394232749939
U90,3728.png,Mild,5.614162921905518,PROTEUS,24.431007385253906,0.9368266463279724
U90,379_img_.png,Mild,3.6543235778808594,PROTEUS,18.955547332763672,0.8553865551948547
U90,380_img_.png,Moderate,9.904903411865234,PROTEUS,19.1564998626709,0.9017924666404724
U90,381_img_.png,Severe,16.111164093017578,PROTEUS,26.0338191986084,0.9774071574211121
U90,382_img_.png,Mild,7.190238952636719,PROTEUS,19.464080810546875,0.9264236092567444
U90,383_img_.png,Severe,14.784547805786133,PROTEUS,27.321596145629883,0.9557836651802063
U90,3925.png,Mild,4.810610294342041,PROTEUS,23.165494918823242,0.9326454997062683
U90,3947.png,Mild,5.305740833282471,Input,21.143953323364258,0.8468880653381348
U90,4070.png,Moderate,10.022555351257324,Input,16.024627685546875,0.8727505803108215
U90,540_img_.png,Moderate,8.462835311889648,Input,13.835590362548828,0.6674509644508362
U90,541_img_.png,Mild,6.528660297393799,Input,15.313316345214844,0.6522994041442871
U90,542_img_.png,Moderate,7.194845199584961,Input,14.213299751281738,0.6795322895050049
U90,543_img_.png,Moderate,7.74733304977417,Input,13.277616500854492,0.637794017791748
U90,544_img_.png,Mild,6.762454509735107,Input,10.714759826660156,0.6177971363067627
U90,5554.png,Mild,7.050436019897461,Input,21.379117965698242,0.9440229535102844
U90,3947.png,Mild,5.305740833282471,WWE-UIE,27.650300979614258,0.949519157409668
U90,4070.png,Moderate,10.022555351257324,WWE-UIE,28.61736488342285,0.964560329914093
U90,540_img_.png,Moderate,8.462835311889648,WWE-UIE,34.22937774658203,0.9821946024894714
U90,541_img_.png,Mild,6.528660297393799,WWE-UIE,31.96017074584961,0.9780547618865967
U90,542_img_.png,Moderate,7.194845199584961,WWE-UIE,16.78158187866211,0.8511126041412354
U90,543_img_.png,Moderate,7.74733304977417,WWE-UIE,30.75252914428711,0.9771376252174377
U90,544_img_.png,Mild,6.762454509735107,WWE-UIE,27.764144897460938,0.9372178912162781
U90,5554.png,Mild,7.050436019897461,WWE-UIE,23.702985763549805,0.9353943467140198
U90,3947.png,Mild,5.305740833282471,Uniform guide,28.05910873413086,0.9628593325614929
U90,4070.png,Moderate,10.022555351257324,Uniform guide,27.261825561523438,0.9524421691894531
U90,540_img_.png,Moderate,8.462835311889648,Uniform guide,29.177715301513672,0.9528939723968506
U90,541_img_.png,Mild,6.528660297393799,Uniform guide,29.636474609375,0.9743313789367676
U90,542_img_.png,Moderate,7.194845199584961,Uniform guide,17.489959716796875,0.8708450198173523
U90,543_img_.png,Moderate,7.74733304977417,Uniform guide,19.58562660217285,0.8905112743377686
U90,544_img_.png,Mild,6.762454509735107,Uniform guide,34.840396881103516,0.9792457222938538
U90,5554.png,Mild,7.050436019897461,Uniform guide,21.920040130615234,0.8649599552154541
U90,3947.png,Mild,5.305740833282471,PROTEUS,27.216646194458008,0.9594893455505371
U90,4070.png,Moderate,10.022555351257324,PROTEUS,26.721384048461914,0.9419217705726624
U90,540_img_.png,Moderate,8.462835311889648,PROTEUS,29.169206619262695,0.9660201072692871
U90,541_img_.png,Mild,6.528660297393799,PROTEUS,29.635581970214844,0.9721660614013672
U90,542_img_.png,Moderate,7.194845199584961,PROTEUS,18.00931167602539,0.8637595772743225
U90,543_img_.png,Moderate,7.74733304977417,PROTEUS,19.28717041015625,0.8881198763847351
U90,544_img_.png,Mild,6.762454509735107,PROTEUS,34.925132751464844,0.9792659878730774
U90,5554.png,Mild,7.050436019897461,PROTEUS,22.665821075439453,0.8794441223144531
U90,5818.png,Moderate,10.454360008239746,Input,18.582950592041016,0.930566132068634
U90,5830.png,Severe,11.132197380065918,Input,16.95366096496582,0.9228415489196777
U90,601_img_.png,Severe,18.010860443115234,Input,13.918991088867188,0.5199312567710876
U90,602_img_.png,Severe,13.936344146728516,Input,14.370354652404785,0.655362069606781
U90,603_img_.png,Moderate,10.794234275817871,Input,15.705355644226074,0.7024001479148865
U90,604_img_.png,Severe,11.203388214111328,Input,16.205589294433594,0.7658014297485352
U90,605_img_.png,Severe,15.54433536529541,Input,14.75801944732666,0.6840305924415588
U90,6062.png,Severe,17.86893653869629,Input,15.744332313537598,0.8554842472076416
U90,5818.png,Moderate,10.454360008239746,WWE-UIE,19.24839210510254,0.9515519142150879
U90,5830.png,Severe,11.132197380065918,WWE-UIE,20.697668075561523,0.9365431666374207
U90,601_img_.png,Severe,18.010860443115234,WWE-UIE,20.23479461669922,0.9160763621330261
U90,602_img_.png,Severe,13.936344146728516,WWE-UIE,25.627761840820312,0.9636560082435608
U90,603_img_.png,Moderate,10.794234275817871,WWE-UIE,28.085887908935547,0.9798162579536438
U90,604_img_.png,Severe,11.203388214111328,WWE-UIE,30.02532196044922,0.9713592529296875
U90,605_img_.png,Severe,15.54433536529541,WWE-UIE,25.097686767578125,0.9467358589172363
U90,6062.png,Severe,17.86893653869629,WWE-UIE,23.444820404052734,0.9097399115562439
U90,5818.png,Moderate,10.454360008239746,Uniform guide,18.196508407592773,0.931989848613739
U90,5830.png,Severe,11.132197380065918,Uniform guide,18.404281616210938,0.9079180359840393
U90,601_img_.png,Severe,18.010860443115234,Uniform guide,19.077354431152344,0.9064610600471497
U90,602_img_.png,Severe,13.936344146728516,Uniform guide,28.554244995117188,0.9780254364013672
U90,603_img_.png,Moderate,10.794234275817871,Uniform guide,33.588462829589844,0.9848464131355286
U90,604_img_.png,Severe,11.203388214111328,Uniform guide,30.486047744750977,0.9709877371788025
U90,605_img_.png,Severe,15.54433536529541,Uniform guide,26.919227600097656,0.9526494145393372
U90,6062.png,Severe,17.86893653869629,Uniform guide,19.217300415039062,0.8961024880409241
U90,5818.png,Moderate,10.454360008239746,PROTEUS,17.680133819580078,0.9186067581176758
U90,5830.png,Severe,11.132197380065918,PROTEUS,18.404163360595703,0.9065333008766174
U90,601_img_.png,Severe,18.010860443115234,PROTEUS,18.626781463623047,0.896995484828949
U90,602_img_.png,Severe,13.936344146728516,PROTEUS,30.10717010498047,0.9794378280639648
U90,603_img_.png,Moderate,10.794234275817871,PROTEUS,33.44385528564453,0.9842638969421387
U90,604_img_.png,Severe,11.203388214111328,PROTEUS,31.092060089111328,0.9733054041862488
U90,605_img_.png,Severe,15.54433536529541,PROTEUS,31.03792953491211,0.9754526615142822
U90,6062.png,Severe,17.86893653869629,PROTEUS,23.32147979736328,0.9157759547233582
U90,6082.png,Moderate,8.287528991699219,Input,21.089704513549805,0.9663375020027161
U90,6788.png,Severe,11.402715682983398,Input,10.563371658325195,0.5907667279243469
U90,6820.png,Mild,6.038536071777344,Input,16.522403717041016,0.6815072894096375
U90,8010.png,Moderate,10.177186965942383,Input,12.257652282714844,0.59962397813797
U90,8046.png,Moderate,7.463780403137207,Input,10.65365982055664,0.6184155344963074
U90,82_img_.png,Mild,4.215816974639893,Input,18.271677017211914,0.9028036594390869
U90,86_img_.png,Moderate,7.911746978759766,Input,18.63138198852539,0.8516462445259094
U90,87_img_.png,Severe,15.471460342407227,Input,14.224148750305176,0.67598956823349
U90,6082.png,Moderate,8.287528991699219,WWE-UIE,25.924297332763672,0.959505021572113
U90,6788.png,Severe,11.402715682983398,WWE-UIE,24.665985107421875,0.9658212065696716
U90,6820.png,Mild,6.038536071777344,WWE-UIE,35.57883071899414,0.975322425365448
U90,8010.png,Moderate,10.177186965942383,WWE-UIE,27.15703773498535,0.9735100865364075
U90,8046.png,Moderate,7.463780403137207,WWE-UIE,26.296634674072266,0.9725287556648254
U90,82_img_.png,Mild,4.215816974639893,WWE-UIE,25.787260055541992,0.9548933506011963
U90,86_img_.png,Moderate,7.911746978759766,WWE-UIE,13.458596229553223,0.7587406039237976
U90,87_img_.png,Severe,15.471460342407227,WWE-UIE,27.394882202148438,0.9565533995628357
U90,6082.png,Moderate,8.287528991699219,Uniform guide,22.574207305908203,0.8975586891174316
U90,6788.png,Severe,11.402715682983398,Uniform guide,24.156005859375,0.9753158688545227
U90,6820.png,Mild,6.038536071777344,Uniform guide,29.551536560058594,0.9619482159614563
U90,8010.png,Moderate,10.177186965942383,Uniform guide,25.56013298034668,0.9617347717285156
U90,8046.png,Moderate,7.463780403137207,Uniform guide,26.326322555541992,0.9784024357795715
U90,82_img_.png,Mild,4.215816974639893,Uniform guide,21.17725372314453,0.8894541263580322
U90,86_img_.png,Moderate,7.911746978759766,Uniform guide,15.830207824707031,0.7912002205848694
U90,87_img_.png,Severe,15.471460342407227,Uniform guide,32.29075622558594,0.9707300066947937
U90,6082.png,Moderate,8.287528991699219,PROTEUS,22.56000518798828,0.8980086445808411
U90,6788.png,Severe,11.402715682983398,PROTEUS,23.87244987487793,0.9749378561973572
U90,6820.png,Mild,6.038536071777344,PROTEUS,27.57076072692871,0.955134928226471
U90,8010.png,Moderate,10.177186965942383,PROTEUS,26.926597595214844,0.965532124042511
U90,8046.png,Moderate,7.463780403137207,PROTEUS,27.024246215820312,0.9790072441101074
U90,82_img_.png,Mild,4.215816974639893,PROTEUS,21.09920883178711,0.8883371353149414
U90,86_img_.png,Moderate,7.911746978759766,PROTEUS,17.899354934692383,0.8329526782035828
U90,87_img_.png,Severe,15.471460342407227,PROTEUS,32.21296691894531,0.9710423350334167
U90,89_img_.png,Moderate,9.013810157775879,Input,14.254361152648926,0.8449606895446777
U90,90_img_.png,Severe,15.98575496673584,Input,14.337270736694336,0.6659417152404785
U90,928_img_.png,Mild,4.8787360191345215,Input,20.128576278686523,0.8063443303108215
U90,929_img_.png,Mild,5.899172306060791,Input,20.260807037353516,0.8350536823272705
U90,9547.png,Moderate,8.743727684020996,Input,17.008373260498047,0.9009842276573181
U90,9554.png,Moderate,8.948697090148926,Input,17.667377471923828,0.8085882067680359
U90,9557.png,Moderate,9.373542785644531,Input,16.074195861816406,0.6678503155708313
U90,9567.png,Mild,6.497570514678955,Input,18.876651763916016,0.8784788250923157
U90,89_img_.png,Moderate,9.013810157775879,WWE-UIE,25.213729858398438,0.9596133828163147
U90,90_img_.png,Severe,15.98575496673584,WWE-UIE,27.24249839782715,0.9634184837341309
U90,928_img_.png,Mild,4.8787360191345215,WWE-UIE,23.40658950805664,0.8694987297058105
U90,929_img_.png,Mild,5.899172306060791,WWE-UIE,24.275178909301758,0.913554847240448
U90,9547.png,Moderate,8.743727684020996,WWE-UIE,19.688566207885742,0.9210343360900879
U90,9554.png,Moderate,8.948697090148926,WWE-UIE,29.451313018798828,0.9629434943199158
U90,9557.png,Moderate,9.373542785644531,WWE-UIE,25.875301361083984,0.9472972750663757
U90,9567.png,Mild,6.497570514678955,WWE-UIE,27.723161697387695,0.9636284708976746
U90,89_img_.png,Moderate,9.013810157775879,Uniform guide,21.70645523071289,0.8798038363456726
U90,90_img_.png,Severe,15.98575496673584,Uniform guide,30.238208770751953,0.9543080925941467
U90,928_img_.png,Mild,4.8787360191345215,Uniform guide,22.035018920898438,0.8290726542472839
U90,929_img_.png,Mild,5.899172306060791,Uniform guide,26.527997970581055,0.9283997416496277
U90,9547.png,Moderate,8.743727684020996,Uniform guide,18.197185516357422,0.9151475429534912
U90,9554.png,Moderate,8.948697090148926,Uniform guide,25.330852508544922,0.9663375020027161
U90,9557.png,Moderate,9.373542785644531,Uniform guide,25.83919334411621,0.9669060111045837
U90,9567.png,Mild,6.497570514678955,Uniform guide,29.395511627197266,0.9616792798042297
U90,89_img_.png,Moderate,9.013810157775879,PROTEUS,22.138425827026367,0.9034407734870911
U90,90_img_.png,Severe,15.98575496673584,PROTEUS,31.291425704956055,0.9572951197624207
U90,928_img_.png,Mild,4.8787360191345215,PROTEUS,22.404582977294922,0.8555922508239746
U90,929_img_.png,Mild,5.899172306060791,PROTEUS,25.302579879760742,0.9298620820045471
U90,9547.png,Moderate,8.743727684020996,PROTEUS,19.06339454650879,0.9191582202911377
U90,9554.png,Moderate,8.948697090148926,PROTEUS,23.44908905029297,0.96946781873703
U90,9557.png,Moderate,9.373542785644531,PROTEUS,26.136280059814453,0.9694199562072754
U90,9567.png,Mild,6.497570514678955,PROTEUS,28.665607452392578,0.9648815989494324
U90,9896.png,Severe,12.57946491241455,Input,16.479049682617188,0.8071253895759583
U90,9900.png,Severe,10.899805068969727,Input,17.051721572875977,0.6522544026374817
U90,9896.png,Severe,12.57946491241455,WWE-UIE,23.25688362121582,0.8727123141288757
U90,9900.png,Severe,10.899805068969727,WWE-UIE,18.553831100463867,0.7761795520782471
U90,9896.png,Severe,12.57946491241455,Uniform guide,22.04913902282715,0.8519759774208069
U90,9900.png,Severe,10.899805068969727,Uniform guide,20.430374145507812,0.8213186264038086
U90,9896.png,Severe,12.57946491241455,PROTEUS,25.32830810546875,0.9103360176086426
U90,9900.png,Severe,10.899805068969727,PROTEUS,21.378643035888672,0.8839492797851562
LSUI,1003.jpg,Mild,5.351043224334717,Input,11.350606918334961,0.6847264170646667
LSUI,1004.jpg,Mild,3.63661527633667,Input,20.447891235351562,0.9390358924865723
LSUI,1005.jpg,Mild,4.158318519592285,Input,12.078896522521973,0.7438839077949524
LSUI,1006.jpg,Mild,2.631617546081543,Input,12.47951889038086,0.7890132069587708
LSUI,1007.jpg,Mild,2.896644115447998,Input,13.791914939880371,0.8217751979827881
LSUI,1008.jpg,Mild,4.124543190002441,Input,15.156279563903809,0.8482213020324707
LSUI,1009.jpg,Mild,1.6127231121063232,Input,13.238584518432617,0.8169466853141785
LSUI,1010.jpg,Severe,11.122694969177246,Input,12.371731758117676,0.6741539835929871
LSUI,1003.jpg,Mild,5.351043224334717,WWE-UIE,33.5740966796875,0.9737499356269836
LSUI,1004.jpg,Mild,3.63661527633667,WWE-UIE,35.39116287231445,0.9859781265258789
LSUI,1005.jpg,Mild,4.158318519592285,WWE-UIE,35.05841827392578,0.9831218719482422
LSUI,1006.jpg,Mild,2.631617546081543,WWE-UIE,36.159629821777344,0.9857469201087952
LSUI,1007.jpg,Mild,2.896644115447998,WWE-UIE,35.174861907958984,0.9893167614936829
LSUI,1008.jpg,Mild,4.124543190002441,WWE-UIE,32.242977142333984,0.9814596772193909
LSUI,1009.jpg,Mild,1.6127231121063232,WWE-UIE,36.18699645996094,0.9896113276481628
LSUI,1010.jpg,Severe,11.122694969177246,WWE-UIE,34.18658447265625,0.9823136329650879
LSUI,1003.jpg,Mild,5.351043224334717,Uniform guide,31.729211807250977,0.9289059638977051
LSUI,1004.jpg,Mild,3.63661527633667,Uniform guide,31.829639434814453,0.9828431010246277
LSUI,1005.jpg,Mild,4.158318519592285,Uniform guide,34.51102828979492,0.9723948836326599
LSUI,1006.jpg,Mild,2.631617546081543,Uniform guide,37.58567428588867,0.9763627052307129
LSUI,1007.jpg,Mild,2.896644115447998,Uniform guide,36.151546478271484,0.9872820973396301
LSUI,1008.jpg,Mild,4.124543190002441,Uniform guide,34.772064208984375,0.984586238861084
LSUI,1009.jpg,Mild,1.6127231121063232,Uniform guide,32.6490478515625,0.9846000075340271
LSUI,1010.jpg,Severe,11.122694969177246,Uniform guide,35.93784713745117,0.9843754768371582
LSUI,1003.jpg,Mild,5.351043224334717,PROTEUS,31.554363250732422,0.9298141598701477
LSUI,1004.jpg,Mild,3.63661527633667,PROTEUS,32.50896453857422,0.9843392372131348
LSUI,1005.jpg,Mild,4.158318519592285,PROTEUS,34.16460037231445,0.9727957844734192
LSUI,1006.jpg,Mild,2.631617546081543,PROTEUS,37.54786682128906,0.976963460445404
LSUI,1007.jpg,Mild,2.896644115447998,PROTEUS,35.90288543701172,0.9876697659492493
LSUI,1008.jpg,Mild,4.124543190002441,PROTEUS,35.444541931152344,0.9855952858924866
LSUI,1009.jpg,Mild,1.6127231121063232,PROTEUS,32.982421875,0.984868049621582
LSUI,1010.jpg,Severe,11.122694969177246,PROTEUS,36.57993698120117,0.9847113490104675
LSUI,1011.jpg,Mild,2.2208898067474365,Input,14.274057388305664,0.8408252596855164
LSUI,1012.jpg,Mild,4.415939807891846,Input,15.703451156616211,0.8464193344116211
LSUI,1013.jpg,Severe,9.068999290466309,Input,19.105871200561523,0.8419777750968933
LSUI,1014.jpg,Severe,12.449186325073242,Input,11.461577415466309,0.6326765418052673
LSUI,1015.jpg,Mild,5.705433368682861,Input,17.59819793701172,0.8558948636054993
LSUI,1016.jpg,Severe,15.004620552062988,Input,11.942432403564453,0.6158201694488525
LSUI,1017.jpg,Moderate,6.446178913116455,Input,20.569353103637695,0.9109603762626648
LSUI,1018.jpg,Severe,8.638919830322266,Input,11.199501991271973,0.6093806624412537
LSUI,1011.jpg,Mild,2.2208898067474365,WWE-UIE,32.10538101196289,0.9886174201965332
LSUI,1012.jpg,Mild,4.415939807891846,WWE-UIE,37.59427261352539,0.9881362915039062
LSUI,1013.jpg,Severe,9.068999290466309,WWE-UIE,27.157718658447266,0.9643797278404236
LSUI,1014.jpg,Severe,12.449186325073242,WWE-UIE,28.776592254638672,0.9690713286399841
LSUI,1015.jpg,Mild,5.705433368682861,WWE-UIE,28.55158042907715,0.9669269919395447
LSUI,1016.jpg,Severe,15.004620552062988,WWE-UIE,24.720584869384766,0.943415641784668
LSUI,1017.jpg,Moderate,6.446178913116455,WWE-UIE,22.98625946044922,0.9574990272521973
LSUI,1018.jpg,Severe,8.638919830322266,WWE-UIE,27.85803985595703,0.973196268081665
LSUI,1011.jpg,Mild,2.2208898067474365,Uniform guide,27.501216888427734,0.9793236255645752
LSUI,1012.jpg,Mild,4.415939807891846,Uniform guide,34.524879455566406,0.985792875289917
LSUI,1013.jpg,Severe,9.068999290466309,Uniform guide,27.754901885986328,0.9545467495918274
LSUI,1014.jpg,Severe,12.449186325073242,Uniform guide,34.17097473144531,0.9662105441093445
LSUI,1015.jpg,Mild,5.705433368682861,Uniform guide,24.328903198242188,0.9454472661018372
LSUI,1016.jpg,Severe,15.004620552062988,Uniform guide,25.082412719726562,0.9598636031150818
LSUI,1017.jpg,Moderate,6.446178913116455,Uniform guide,21.379981994628906,0.9542244076728821
LSUI,1018.jpg,Severe,8.638919830322266,Uniform guide,30.213605880737305,0.9770336151123047
LSUI,1011.jpg,Mild,2.2208898067474365,PROTEUS,27.786529541015625,0.9801691174507141
LSUI,1012.jpg,Mild,4.415939807891846,PROTEUS,33.629642486572266,0.9854926466941833
LSUI,1013.jpg,Severe,9.068999290466309,PROTEUS,26.336151123046875,0.9552426338195801
LSUI,1014.jpg,Severe,12.449186325073242,PROTEUS,26.40467643737793,0.9446355700492859
LSUI,1015.jpg,Mild,5.705433368682861,PROTEUS,23.768718719482422,0.9402093887329102
LSUI,1016.jpg,Severe,15.004620552062988,PROTEUS,25.524723052978516,0.9607653617858887
LSUI,1017.jpg,Moderate,6.446178913116455,PROTEUS,21.063234329223633,0.9525582194328308
LSUI,1018.jpg,Severe,8.638919830322266,PROTEUS,30.009384155273438,0.9776826500892639
LSUI,1019.jpg,Severe,9.09101390838623,Input,17.972951889038086,0.9032788276672363
LSUI,1020.jpg,Mild,2.8412632942199707,Input,20.57520866394043,0.9255302548408508
LSUI,1021.jpg,Mild,5.406859874725342,Input,22.31165885925293,0.792491614818573
LSUI,1022.jpg,Mild,2.66878080368042,Input,16.541282653808594,0.8640708923339844
LSUI,1023.jpg,Mild,1.7302570343017578,Input,12.7326021194458,0.7932586073875427
LSUI,1024.jpg,Mild,3.1857569217681885,Input,10.190896987915039,0.6080018877983093
LSUI,1025.jpg,Mild,2.5400171279907227,Input,11.80833911895752,0.7375857830047607
LSUI,1026.jpg,Mild,3.4787611961364746,Input,11.551431655883789,0.7039876580238342
LSUI,1019.jpg,Severe,9.09101390838623,WWE-UIE,27.218547821044922,0.9675245881080627
LSUI,1020.jpg,Mild,2.8412632942199707,WWE-UIE,32.33129119873047,0.9794663786888123
LSUI,1021.jpg,Mild,5.406859874725342,WWE-UIE,33.867523193359375,0.9664475917816162
LSUI,1022.jpg,Mild,2.66878080368042,WWE-UIE,32.64912033081055,0.9763765335083008
LSUI,1023.jpg,Mild,1.7302570343017578,WWE-UIE,35.68893814086914,0.9890890121459961
LSUI,1024.jpg,Mild,3.1857569217681885,WWE-UIE,23.368072509765625,0.9308444857597351
LSUI,1025.jpg,Mild,2.5400171279907227,WWE-UIE,30.449819564819336,0.9812900424003601
LSUI,1026.jpg,Mild,3.4787611961364746,WWE-UIE,23.141155242919922,0.9461894035339355
LSUI,1019.jpg,Severe,9.09101390838623,Uniform guide,33.47396469116211,0.9788464903831482
LSUI,1020.jpg,Mild,2.8412632942199707,Uniform guide,33.30656814575195,0.9823620915412903
LSUI,1021.jpg,Mild,5.406859874725342,Uniform guide,39.556270599365234,0.9758920669555664
LSUI,1022.jpg,Mild,2.66878080368042,Uniform guide,22.95001220703125,0.9584302306175232
LSUI,1023.jpg,Mild,1.7302570343017578,Uniform guide,34.89421081542969,0.9838268756866455
LSUI,1024.jpg,Mild,3.1857569217681885,Uniform guide,22.03693199157715,0.9004502296447754
LSUI,1025.jpg,Mild,2.5400171279907227,Uniform guide,30.473907470703125,0.9673814177513123
LSUI,1026.jpg,Mild,3.4787611961364746,Uniform guide,24.596569061279297,0.9423614144325256
LSUI,1019.jpg,Severe,9.09101390838623,PROTEUS,32.162357330322266,0.976492702960968
LSUI,1020.jpg,Mild,2.8412632942199707,PROTEUS,34.09359359741211,0.9823624491691589
LSUI,1021.jpg,Mild,5.406859874725342,PROTEUS,39.776859283447266,0.9803804755210876
LSUI,1022.jpg,Mild,2.66878080368042,PROTEUS,23.023685455322266,0.9589484333992004
LSUI,1023.jpg,Mild,1.7302570343017578,PROTEUS,35.00086975097656,0.9840359687805176
LSUI,1024.jpg,Mild,3.1857569217681885,PROTEUS,21.964529037475586,0.9009868502616882
LSUI,1025.jpg,Mild,2.5400171279907227,PROTEUS,30.566612243652344,0.9689362645149231
LSUI,1026.jpg,Mild,3.4787611961364746,PROTEUS,24.568191528320312,0.9436076283454895
LSUI,1027.jpg,Mild,1.934478998184204,Input,10.860129356384277,0.677272379398346
LSUI,1028.jpg,Severe,10.59965991973877,Input,12.75541877746582,0.6024118661880493
LSUI,1029.jpg,Severe,17.320579528808594,Input,11.83781623840332,0.6010790467262268
LSUI,1030.jpg,Severe,8.266448020935059,Input,16.5867919921875,0.7543959617614746
LSUI,1031.jpg,Severe,15.200041770935059,Input,12.578410148620605,0.610508382320404
LSUI,1032.jpg,Severe,11.095913887023926,Input,12.432719230651855,0.675661027431488
LSUI,1033.jpg,Severe,14.224822998046875,Input,13.542094230651855,0.5769420266151428
LSUI,1034.jpg,Severe,8.42292308807373,Input,12.029281616210938,0.7760596871376038
LSUI,1027.jpg,Mild,1.934478998184204,WWE-UIE,32.54165267944336,0.9811888337135315
LSUI,1028.jpg,Severe,10.59965991973877,WWE-UIE,28.637706756591797,0.9780628085136414
LSUI,1029.jpg,Severe,17.320579528808594,WWE-UIE,19.265533447265625,0.8637439608573914
LSUI,1030.jpg,Severe,8.266448020935059,WWE-UIE,34.39002990722656,0.9853711128234863
LSUI,1031.jpg,Severe,15.200041770935059,WWE-UIE,19.177825927734375,0.8554792404174805
LSUI,1032.jpg,Severe,11.095913887023926,WWE-UIE,32.67697525024414,0.9820536971092224
LSUI,1033.jpg,Severe,14.224822998046875,WWE-UIE,24.441417694091797,0.9015019536018372
LSUI,1034.jpg,Severe,8.42292308807373,WWE-UIE,31.43722152709961,0.9795946478843689
LSUI,1027.jpg,Mild,1.934478998184204,Uniform guide,29.215587615966797,0.9563412070274353
LSUI,1028.jpg,Severe,10.59965991973877,Uniform guide,31.28881072998047,0.9719311594963074
LSUI,1029.jpg,Severe,17.320579528808594,Uniform guide,18.262325286865234,0.8397660851478577
LSUI,1030.jpg,Severe,8.266448020935059,Uniform guide,34.49562454223633,0.9735724925994873
LSUI,1031.jpg,Severe,15.200041770935059,Uniform guide,16.07188606262207,0.7912589907646179
LSUI,1032.jpg,Severe,11.095913887023926,Uniform guide,35.45469665527344,0.9841766357421875
LSUI,1033.jpg,Severe,14.224822998046875,Uniform guide,21.604154586791992,0.8827073574066162
LSUI,1034.jpg,Severe,8.42292308807373,Uniform guide,30.601415634155273,0.9811139702796936
LSUI,1027.jpg,Mild,1.934478998184204,PROTEUS,29.144153594970703,0.957338809967041
LSUI,1028.jpg,Severe,10.59965991973877,PROTEUS,30.91364097595215,0.971466064453125
LSUI,1029.jpg,Severe,17.320579528808594,PROTEUS,18.123186111450195,0.8359384536743164
LSUI,1030.jpg,Severe,8.266448020935059,PROTEUS,34.09981155395508,0.974407970905304
LSUI,1031.jpg,Severe,15.200041770935059,PROTEUS,16.139833450317383,0.7908298373222351
LSUI,1032.jpg,Severe,11.095913887023926,PROTEUS,36.35840606689453,0.984541118144989
LSUI,1033.jpg,Severe,14.224822998046875,PROTEUS,18.394620895385742,0.8302152752876282
LSUI,1034.jpg,Severe,8.42292308807373,PROTEUS,33.187374114990234,0.9828947186470032
LSUI,1035.jpg,Severe,8.928252220153809,Input,13.551217079162598,0.7931003570556641
LSUI,1036.jpg,Severe,12.21895980834961,Input,9.19940185546875,0.6040318608283997
LSUI,1037.jpg,Severe,9.986603736877441,Input,12.52473258972168,0.8252439498901367
LSUI,1038.jpg,Severe,8.342193603515625,Input,15.391560554504395,0.7636029124259949
LSUI,1039.jpg,Severe,10.76252555847168,Input,16.230222702026367,0.7741853594779968
LSUI,1040.jpg,Severe,15.389419555664062,Input,12.594393730163574,0.6858509182929993
LSUI,1041.jpg,Severe,9.307476997375488,Input,13.969979286193848,0.6895974278450012
LSUI,1042.jpg,Severe,10.4321928024292,Input,16.68031883239746,0.8049671649932861
LSUI,1035.jpg,Severe,8.928252220153809,WWE-UIE,30.845108032226562,0.9684691429138184
LSUI,1036.jpg,Severe,12.21895980834961,WWE-UIE,26.853004455566406,0.974234402179718
LSUI,1037.jpg,Severe,9.986603736877441,WWE-UIE,27.191333770751953,0.9621949195861816
LSUI,1038.jpg,Severe,8.342193603515625,WWE-UIE,26.005022048950195,0.9458744525909424
LSUI,1039.jpg,Severe,10.76252555847168,WWE-UIE,29.651620864868164,0.97103351354599
LSUI,1040.jpg,Severe,15.389419555664062,WWE-UIE,27.875228881835938,0.9696004986763
LSUI,1041.jpg,Severe,9.307476997375488,WWE-UIE,31.907339096069336,0.9784002304077148
LSUI,1042.jpg,Severe,10.4321928024292,WWE-UIE,33.39224624633789,0.971001923084259
LSUI,1035.jpg,Severe,8.928252220153809,Uniform guide,31.351537704467773,0.9806222915649414
LSUI,1036.jpg,Severe,12.21895980834961,Uniform guide,30.657886505126953,0.970754861831665
LSUI,1037.jpg,Severe,9.986603736877441,Uniform guide,34.30241012573242,0.9781457781791687
LSUI,1038.jpg,Severe,8.342193603515625,Uniform guide,26.08177375793457,0.9625141620635986
LSUI,1039.jpg,Severe,10.76252555847168,Uniform guide,35.26305389404297,0.97820645570755
LSUI,1040.jpg,Severe,15.389419555664062,Uniform guide,31.910429000854492,0.9686317443847656
LSUI,1041.jpg,Severe,9.307476997375488,Uniform guide,32.932132720947266,0.9695643782615662
LSUI,1042.jpg,Severe,10.4321928024292,Uniform guide,29.417266845703125,0.9646063446998596
LSUI,1035.jpg,Severe,8.928252220153809,PROTEUS,33.89668273925781,0.9815604090690613
LSUI,1036.jpg,Severe,12.21895980834961,PROTEUS,30.95186996459961,0.9714595675468445
LSUI,1037.jpg,Severe,9.986603736877441,PROTEUS,33.987876892089844,0.9786243438720703
LSUI,1038.jpg,Severe,8.342193603515625,PROTEUS,26.157609939575195,0.9625397324562073
LSUI,1039.jpg,Severe,10.76252555847168,PROTEUS,32.0638313293457,0.9779763221740723
LSUI,1040.jpg,Severe,15.389419555664062,PROTEUS,33.72602844238281,0.9686900973320007
LSUI,1041.jpg,Severe,9.307476997375488,PROTEUS,33.10043716430664,0.969815731048584
LSUI,1042.jpg,Severe,10.4321928024292,PROTEUS,30.38900375366211,0.9707286357879639
LSUI,1043.jpg,Severe,15.28622817993164,Input,13.319052696228027,0.5688314437866211
LSUI,1044.jpg,Severe,13.24581527709961,Input,13.552305221557617,0.622226893901825
LSUI,1045.jpg,Severe,11.9325532913208,Input,14.476583480834961,0.7287237048149109
LSUI,1046.jpg,Severe,8.529540061950684,Input,17.485027313232422,0.7857892513275146
LSUI,1047.jpg,Severe,9.319185256958008,Input,16.541229248046875,0.7189311981201172
LSUI,1048.jpg,Severe,10.945640563964844,Input,15.705059051513672,0.6740942001342773
LSUI,1049.jpg,Severe,11.599751472473145,Input,15.738653182983398,0.6667128205299377
LSUI,1050.jpg,Severe,11.39426326751709,Input,13.91879940032959,0.6145891547203064
LSUI,1043.jpg,Severe,15.28622817993164,WWE-UIE,25.450363159179688,0.9483566284179688
LSUI,1044.jpg,Severe,13.24581527709961,WWE-UIE,27.365243911743164,0.9406800866127014
LSUI,1045.jpg,Severe,11.9325532913208,WWE-UIE,21.873558044433594,0.922457218170166
LSUI,1046.jpg,Severe,8.529540061950684,WWE-UIE,32.115257263183594,0.9754043221473694
LSUI,1047.jpg,Severe,9.319185256958008,WWE-UIE,26.245079040527344,0.9669850468635559
LSUI,1048.jpg,Severe,10.945640563964844,WWE-UIE,29.218189239501953,0.9674477577209473
LSUI,1049.jpg,Severe,11.599751472473145,WWE-UIE,36.067535400390625,0.9798426628112793
LSUI,1050.jpg,Severe,11.39426326751709,WWE-UIE,31.688430786132812,0.9769642353057861
LSUI,1043.jpg,Severe,15.28622817993164,Uniform guide,26.64093017578125,0.9606123566627502
LSUI,1044.jpg,Severe,13.24581527709961,Uniform guide,26.21826934814453,0.9323803782463074
LSUI,1045.jpg,Severe,11.9325532913208,Uniform guide,17.89983558654785,0.875779390335083
LSUI,1046.jpg,Severe,8.529540061950684,Uniform guide,33.105369567871094,0.9745888113975525
LSUI,1047.jpg,Severe,9.319185256958008,Uniform guide,24.214326858520508,0.9602958559989929
LSUI,1048.jpg,Severe,10.945640563964844,Uniform guide,28.877660751342773,0.951237142086029
LSUI,1049.jpg,Severe,11.599751472473145,Uniform guide,30.282222747802734,0.9747865796089172
LSUI,1050.jpg,Severe,11.39426326751709,Uniform guide,33.52891159057617,0.9790573716163635
LSUI,1043.jpg,Severe,15.28622817993164,PROTEUS,26.53290557861328,0.9615628123283386
LSUI,1044.jpg,Severe,13.24581527709961,PROTEUS,26.303668975830078,0.9352410435676575
LSUI,1045.jpg,Severe,11.9325532913208,PROTEUS,16.822059631347656,0.8652188181877136
LSUI,1046.jpg,Severe,8.529540061950684,PROTEUS,32.93827438354492,0.9743790030479431
LSUI,1047.jpg,Severe,9.319185256958008,PROTEUS,24.34918212890625,0.9623637795448303
LSUI,1048.jpg,Severe,10.945640563964844,PROTEUS,31.14130973815918,0.9583290219306946
LSUI,1049.jpg,Severe,11.599751472473145,PROTEUS,30.27859115600586,0.9741790294647217
LSUI,1050.jpg,Severe,11.39426326751709,PROTEUS,33.31945037841797,0.979376494884491
LSUI,1051.jpg,Severe,8.882035255432129,Input,13.925945281982422,0.7030448317527771
LSUI,1052.jpg,Severe,9.874735832214355,Input,17.409147262573242,0.8157293200492859
LSUI,1053.jpg,Severe,9.193693161010742,Input,16.105201721191406,0.7087202072143555
LSUI,1054.jpg,Severe,17.497846603393555,Input,12.767843246459961,0.6462394595146179
LSUI,1055.jpg,Severe,16.95595359802246,Input,10.287734985351562,0.5475772023200989
LSUI,1056.jpg,Severe,14.39078140258789,Input,14.104707717895508,0.6228294968605042
LSUI,1057.jpg,Severe,11.102214813232422,Input,15.89927864074707,0.7820582985877991
LSUI,1058.jpg,Severe,8.180667877197266,Input,14.6719970703125,0.7504302859306335
LSUI,1051.jpg,Severe,8.882035255432129,WWE-UIE,33.03857421875,0.9856269359588623
LSUI,1052.jpg,Severe,9.874735832214355,WWE-UIE,32.67208480834961,0.9760462641716003
LSUI,1053.jpg,Severe,9.193693161010742,WWE-UIE,38.67460250854492,0.9878533482551575
LSUI,1054.jpg,Severe,17.497846603393555,WWE-UIE,22.236330032348633,0.9322962164878845
LSUI,1055.jpg,Severe,16.95595359802246,WWE-UIE,21.96929931640625,0.9496769905090332
LSUI,1056.jpg,Severe,14.39078140258789,WWE-UIE,29.666515350341797,0.9491252899169922
LSUI,1057.jpg,Severe,11.102214813232422,WWE-UIE,32.654388427734375,0.9837691783905029
LSUI,1058.jpg,Severe,8.180667877197266,WWE-UIE,34.2238655090332,0.9873293042182922
LSUI,1051.jpg,Severe,8.882035255432129,Uniform guide,32.66278839111328,0.9792770743370056
LSUI,1052.jpg,Severe,9.874735832214355,Uniform guide,28.28472137451172,0.9606165885925293
LSUI,1053.jpg,Severe,9.193693161010742,Uniform guide,33.74457550048828,0.9829931855201721
LSUI,1054.jpg,Severe,17.497846603393555,Uniform guide,28.008329391479492,0.9356237053871155
LSUI,1055.jpg,Severe,16.95595359802246,Uniform guide,25.46799659729004,0.945905864238739
LSUI,1056.jpg,Severe,14.39078140258789,Uniform guide,29.497737884521484,0.9607868194580078
LSUI,1057.jpg,Severe,11.102214813232422,Uniform guide,31.07133674621582,0.9827589988708496
LSUI,1058.jpg,Severe,8.180667877197266,Uniform guide,36.576873779296875,0.9898845553398132
LSUI,1051.jpg,Severe,8.882035255432129,PROTEUS,31.807140350341797,0.9786688685417175
LSUI,1052.jpg,Severe,9.874735832214355,PROTEUS,29.143362045288086,0.9680169224739075
LSUI,1053.jpg,Severe,9.193693161010742,PROTEUS,32.13726043701172,0.9821174144744873
LSUI,1054.jpg,Severe,17.497846603393555,PROTEUS,27.614288330078125,0.9358586668968201
LSUI,1055.jpg,Severe,16.95595359802246,PROTEUS,25.577327728271484,0.9471319317817688
LSUI,1056.jpg,Severe,14.39078140258789,PROTEUS,31.46055030822754,0.9644927382469177
LSUI,1057.jpg,Severe,11.102214813232422,PROTEUS,31.429040908813477,0.981257975101471
LSUI,1058.jpg,Severe,8.180667877197266,PROTEUS,36.67942810058594,0.9900502562522888
LSUI,1059.jpg,Severe,9.671137809753418,Input,13.014702796936035,0.745936930179596
LSUI,1060.jpg,Severe,9.156241416931152,Input,15.16417407989502,0.7013127207756042
LSUI,1061.jpg,Severe,8.492815971374512,Input,17.202381134033203,0.7447890639305115
LSUI,1062.jpg,Severe,14.990007400512695,Input,13.399665832519531,0.6599265336990356
LSUI,1063.jpg,Severe,9.300361633300781,Input,17.118804931640625,0.6035099625587463
LSUI,1064.jpg,Severe,9.957357406616211,Input,11.677175521850586,0.6591312885284424
LSUI,1065.jpg,Severe,11.5858154296875,Input,14.319562911987305,0.7343394160270691
LSUI,1066.jpg,Severe,13.03178882598877,Input,12.225929260253906,0.5239710211753845
LSUI,1059.jpg,Severe,9.671137809753418,WWE-UIE,31.41225814819336,0.9759814143180847
LSUI,1060.jpg,Severe,9.156241416931152,WWE-UIE,30.84349822998047,0.9729941487312317
LSUI,1061.jpg,Severe,8.492815971374512,WWE-UIE,32.23652267456055,0.9868633151054382
LSUI,1062.jpg,Severe,14.990007400512695,WWE-UIE,20.13705062866211,0.8845269680023193
LSUI,1063.jpg,Severe,9.300361633300781,WWE-UIE,21.89326286315918,0.6198050379753113
LSUI,1064.jpg,Severe,9.957357406616211,WWE-UIE,26.99117660522461,0.977732241153717
LSUI,1065.jpg,Severe,11.5858154296875,WWE-UIE,27.256874084472656,0.9548261761665344
LSUI,1066.jpg,Severe,13.03178882598877,WWE-UIE,28.46747589111328,0.9671118855476379
LSUI,1059.jpg,Severe,9.671137809753418,Uniform guide,29.505443572998047,0.9729664921760559
LSUI,1060.jpg,Severe,9.156241416931152,Uniform guide,27.764881134033203,0.9683149456977844
LSUI,1061.jpg,Severe,8.492815971374512,Uniform guide,34.98460006713867,0.9860890507698059
LSUI,1062.jpg,Severe,14.990007400512695,Uniform guide,18.24774742126465,0.8322679996490479
LSUI,1063.jpg,Severe,9.300361633300781,Uniform guide,21.781408309936523,0.6161970496177673
LSUI,1064.jpg,Severe,9.957357406616211,Uniform guide,29.260847091674805,0.9737583994865417
LSUI,1065.jpg,Severe,11.5858154296875,Uniform guide,29.520408630371094,0.9649352431297302
LSUI,1066.jpg,Severe,13.03178882598877,Uniform guide,32.64497375488281,0.9600253701210022
LSUI,1059.jpg,Severe,9.671137809753418,PROTEUS,29.090234756469727,0.9736523628234863
LSUI,1060.jpg,Severe,9.156241416931152,PROTEUS,28.149669647216797,0.9675118327140808
LSUI,1061.jpg,Severe,8.492815971374512,PROTEUS,35.09866714477539,0.9873910546302795
LSUI,1062.jpg,Severe,14.990007400512695,PROTEUS,17.60553741455078,0.8284098505973816
LSUI,1063.jpg,Severe,9.300361633300781,PROTEUS,22.161008834838867,0.6216817498207092
LSUI,1064.jpg,Severe,9.957357406616211,PROTEUS,29.00354766845703,0.9736091494560242
LSUI,1065.jpg,Severe,11.5858154296875,PROTEUS,29.095138549804688,0.9653529524803162
LSUI,1066.jpg,Severe,13.03178882598877,PROTEUS,32.82685852050781,0.9610214233398438
LSUI,1067.jpg,Severe,11.098316192626953,Input,12.242706298828125,0.6432427763938904
LSUI,1068.jpg,Severe,9.01012897491455,Input,14.71462345123291,0.6238285899162292
LSUI,1069.jpg,Severe,14.313860893249512,Input,11.928258895874023,0.6457169651985168
LSUI,1070.jpg,Severe,16.898727416992188,Input,12.877612113952637,0.5825168490409851
LSUI,1071.jpg,Severe,11.72704029083252,Input,13.295890808105469,0.6072864532470703
LSUI,1073.jpg,Moderate,6.434833526611328,Input,13.976818084716797,0.8016627430915833
LSUI,1074.jpg,Severe,9.694554328918457,Input,17.01967430114746,0.5871601700782776
LSUI,1075.jpg,Severe,14.316319465637207,Input,13.19723892211914,0.6483322381973267
LSUI,1067.jpg,Severe,11.098316192626953,WWE-UIE,27.960817337036133,0.9634628891944885
LSUI,1068.jpg,Severe,9.01012897491455,WWE-UIE,32.81650924682617,0.9570783972740173
LSUI,1069.jpg,Severe,14.313860893249512,WWE-UIE,31.030292510986328,0.9582690596580505
LSUI,1070.jpg,Severe,16.898727416992188,WWE-UIE,19.712623596191406,0.8464808464050293
LSUI,1071.jpg,Severe,11.72704029083252,WWE-UIE,34.2028694152832,0.9724037051200867
LSUI,1073.jpg,Moderate,6.434833526611328,WWE-UIE,18.846771240234375,0.8422442078590393
LSUI,1074.jpg,Severe,9.694554328918457,WWE-UIE,23.42136573791504,0.5959653854370117
LSUI,1075.jpg,Severe,14.316319465637207,WWE-UIE,23.14374542236328,0.9361122250556946
LSUI,1067.jpg,Severe,11.098316192626953,Uniform guide,32.359031677246094,0.9495499730110168
LSUI,1068.jpg,Severe,9.01012897491455,Uniform guide,26.360342025756836,0.9164807200431824
LSUI,1069.jpg,Severe,14.313860893249512,Uniform guide,29.95262336730957,0.9379010200500488
LSUI,1070.jpg,Severe,16.898727416992188,Uniform guide,17.934663772583008,0.7802745699882507
LSUI,1071.jpg,Severe,11.72704029083252,Uniform guide,32.183311462402344,0.9571881294250488
LSUI,1073.jpg,Moderate,6.434833526611328,Uniform guide,17.998167037963867,0.8706590533256531
LSUI,1074.jpg,Severe,9.694554328918457,Uniform guide,22.460369110107422,0.580093502998352
LSUI,1075.jpg,Severe,14.316319465637207,Uniform guide,27.735902786254883,0.9190545082092285
LSUI,1067.jpg,Severe,11.098316192626953,PROTEUS,32.07477569580078,0.9500132203102112
LSUI,1068.jpg,Severe,9.01012897491455,PROTEUS,26.28420639038086,0.9174359440803528
LSUI,1069.jpg,Severe,14.313860893249512,PROTEUS,29.80167579650879,0.9391997456550598
LSUI,1070.jpg,Severe,16.898727416992188,PROTEUS,18.43575668334961,0.8001610636711121
LSUI,1071.jpg,Severe,11.72704029083252,PROTEUS,31.900331497192383,0.9588596820831299
LSUI,1073.jpg,Moderate,6.434833526611328,PROTEUS,17.981870651245117,0.8697486519813538
LSUI,1074.jpg,Severe,9.694554328918457,PROTEUS,22.75872230529785,0.5854350924491882
LSUI,1075.jpg,Severe,14.316319465637207,PROTEUS,27.955646514892578,0.9207684993743896
LSUI,1076.jpg,Severe,14.258034706115723,Input,15.024308204650879,0.6372969150543213
LSUI,1077.jpg,Severe,12.88747501373291,Input,13.766853332519531,0.6356484293937683
LSUI,1078.jpg,Severe,8.578476905822754,Input,16.895185470581055,0.7816089987754822
LSUI,1079.jpg,Severe,8.91808795928955,Input,15.797922134399414,0.6928547024726868
LSUI,1080.jpg,Severe,11.764720916748047,Input,15.943613052368164,0.7179167866706848
LSUI,1081.jpg,Moderate,7.964229583740234,Input,16.778728485107422,0.8012983202934265
LSUI,1082.jpg,Severe,9.633940696716309,Input,14.798511505126953,0.8033854365348816
LSUI,1083.jpg,Severe,11.276688575744629,Input,14.875588417053223,0.7565013766288757
LSUI,1076.jpg,Severe,14.258034706115723,WWE-UIE,28.887374877929688,0.9678013920783997
LSUI,1077.jpg,Severe,12.88747501373291,WWE-UIE,23.124794006347656,0.9183096289634705
LSUI,1078.jpg,Severe,8.578476905822754,WWE-UIE,36.2734375,0.9860836863517761
LSUI,1079.jpg,Severe,8.91808795928955,WWE-UIE,36.14157485961914,0.9838990569114685
LSUI,1080.jpg,Severe,11.764720916748047,WWE-UIE,33.289268493652344,0.974147379398346
LSUI,1081.jpg,Moderate,7.964229583740234,WWE-UIE,30.377544403076172,0.9862985610961914
LSUI,1082.jpg,Severe,9.633940696716309,WWE-UIE,27.609750747680664,0.9736318588256836
LSUI,1083.jpg,Severe,11.276688575744629,WWE-UIE,35.71505355834961,0.9834713339805603
LSUI,1076.jpg,Severe,14.258034706115723,Uniform guide,28.152925491333008,0.9596798419952393
LSUI,1077.jpg,Severe,12.88747501373291,Uniform guide,28.855060577392578,0.9583308100700378
LSUI,1078.jpg,Severe,8.578476905822754,Uniform guide,32.90168762207031,0.9824049472808838
LSUI,1079.jpg,Severe,8.91808795928955,Uniform guide,32.87053680419922,0.9852200150489807
LSUI,1080.jpg,Severe,11.764720916748047,Uniform guide,33.72132873535156,0.9806305766105652
LSUI,1081.jpg,Moderate,7.964229583740234,Uniform guide,29.975461959838867,0.9835922718048096
LSUI,1082.jpg,Severe,9.633940696716309,Uniform guide,26.145536422729492,0.9614117741584778
LSUI,1083.jpg,Severe,11.276688575744629,Uniform guide,27.640625,0.9764158725738525
LSUI,1076.jpg,Severe,14.258034706115723,PROTEUS,28.044235229492188,0.9600240588188171
LSUI,1077.jpg,Severe,12.88747501373291,PROTEUS,27.83489990234375,0.9547982215881348
LSUI,1078.jpg,Severe,8.578476905822754,PROTEUS,31.906583786010742,0.9817056059837341
LSUI,1079.jpg,Severe,8.91808795928955,PROTEUS,32.84130859375,0.985601007938385
LSUI,1080.jpg,Severe,11.764720916748047,PROTEUS,36.168697357177734,0.9790074229240417
LSUI,1081.jpg,Moderate,7.964229583740234,PROTEUS,29.668807983398438,0.9827112555503845
LSUI,1082.jpg,Severe,9.633940696716309,PROTEUS,25.658485412597656,0.9598698019981384
LSUI,1083.jpg,Severe,11.276688575744629,PROTEUS,27.157182693481445,0.9751648306846619
LSUI,1084.jpg,Moderate,6.745906352996826,Input,20.380176544189453,0.8398693203926086
LSUI,1085.jpg,Severe,8.820292472839355,Input,16.98537254333496,0.5752602219581604
LSUI,1086.jpg,Severe,9.826800346374512,Input,10.588541030883789,0.6870697140693665
LSUI,1087.jpg,Severe,8.055521965026855,Input,16.51105308532715,0.7565646767616272
LSUI,1088.jpg,Severe,10.020828247070312,Input,13.082042694091797,0.7404665350914001
LSUI,1089.jpg,Moderate,6.289600372314453,Input,14.423197746276855,0.7937079071998596
LSUI,1090.jpg,Severe,9.233338356018066,Input,15.220178604125977,0.7461935877799988
LSUI,1091.jpg,Severe,11.000083923339844,Input,15.178160667419434,0.7624728679656982
LSUI,1084.jpg,Moderate,6.745906352996826,WWE-UIE,37.79175567626953,0.9829856753349304
LSUI,1085.jpg,Severe,8.820292472839355,WWE-UIE,21.150211334228516,0.5754285454750061
LSUI,1086.jpg,Severe,9.826800346374512,WWE-UIE,30.078632354736328,0.9802084565162659
LSUI,1087.jpg,Severe,8.055521965026855,WWE-UIE,29.629106521606445,0.9793036580085754
LSUI,1088.jpg,Severe,10.020828247070312,WWE-UIE,32.93206787109375,0.981375515460968
LSUI,1089.jpg,Moderate,6.289600372314453,WWE-UIE,30.548370361328125,0.9845566749572754
LSUI,1090.jpg,Severe,9.233338356018066,WWE-UIE,28.623462677001953,0.977277934551239
LSUI,1091.jpg,Severe,11.000083923339844,WWE-UIE,32.498939514160156,0.9799408316612244
LSUI,1084.jpg,Moderate,6.745906352996826,Uniform guide,38.132232666015625,0.9828095436096191
LSUI,1085.jpg,Severe,8.820292472839355,Uniform guide,20.437986373901367,0.5614680647850037
LSUI,1086.jpg,Severe,9.826800346374512,Uniform guide,34.566566467285156,0.9801844954490662
LSUI,1087.jpg,Severe,8.055521965026855,Uniform guide,35.667694091796875,0.9852798581123352
LSUI,1088.jpg,Severe,10.020828247070312,Uniform guide,34.21653366088867,0.9831306338310242
LSUI,1089.jpg,Moderate,6.289600372314453,Uniform guide,29.5135498046875,0.9871406555175781
LSUI,1090.jpg,Severe,9.233338356018066,Uniform guide,31.041473388671875,0.982827365398407
LSUI,1091.jpg,Severe,11.000083923339844,Uniform guide,28.739023208618164,0.9791257977485657
LSUI,1084.jpg,Moderate,6.745906352996826,PROTEUS,38.124000549316406,0.9840046763420105
LSUI,1085.jpg,Severe,8.820292472839355,PROTEUS,20.814332962036133,0.5658495426177979
LSUI,1086.jpg,Severe,9.826800346374512,PROTEUS,34.552921295166016,0.9804417490959167
LSUI,1087.jpg,Severe,8.055521965026855,PROTEUS,30.886842727661133,0.9834877848625183
LSUI,1088.jpg,Severe,10.020828247070312,PROTEUS,32.78728103637695,0.9791169166564941
LSUI,1089.jpg,Moderate,6.289600372314453,PROTEUS,28.835573196411133,0.9864338040351868
LSUI,1090.jpg,Severe,9.233338356018066,PROTEUS,29.169391632080078,0.9808972477912903
LSUI,1091.jpg,Severe,11.000083923339844,PROTEUS,28.345752716064453,0.9797029495239258
LSUI,1092.jpg,Severe,8.484169960021973,Input,12.618711471557617,0.7500256896018982
LSUI,1093.jpg,Severe,12.297674179077148,Input,11.109033584594727,0.5721755027770996
LSUI,1094.jpg,Severe,15.020186424255371,Input,15.053443908691406,0.6976282596588135
LSUI,1095.jpg,Severe,14.976028442382812,Input,11.421316146850586,0.638791024684906
LSUI,1096.jpg,Severe,10.036701202392578,Input,13.409135818481445,0.7659368515014648
LSUI,1097.jpg,Severe,13.85792350769043,Input,13.134249687194824,0.738259494304657
LSUI,1098.jpg,Severe,8.973388671875,Input,16.958099365234375,0.5653291344642639
LSUI,1099.jpg,Severe,16.471309661865234,Input,11.973873138427734,0.6306935548782349
LSUI,1092.jpg,Severe,8.484169960021973,WWE-UIE,31.036346435546875,0.9708709716796875
LSUI,1093.jpg,Severe,12.297674179077148,WWE-UIE,28.46247673034668,0.9484218955039978
LSUI,1094.jpg,Severe,15.020186424255371,WWE-UIE,29.16426658630371,0.9393886923789978
LSUI,1095.jpg,Severe,14.976028442382812,WWE-UIE,20.84872055053711,0.9226324558258057
LSUI,1096.jpg,Severe,10.036701202392578,WWE-UIE,33.841835021972656,0.979985773563385
LSUI,1097.jpg,Severe,13.85792350769043,WWE-UIE,29.086402893066406,0.9485710263252258
LSUI,1098.jpg,Severe,8.973388671875,WWE-UIE,21.18767738342285,0.5473925471305847
LSUI,1099.jpg,Severe,16.471309661865234,WWE-UIE,31.75259780883789,0.9575913548469543
LSUI,1092.jpg,Severe,8.484169960021973,Uniform guide,31.01013946533203,0.9755566716194153
LSUI,1093.jpg,Severe,12.297674179077148,Uniform guide,30.613525390625,0.9295555949211121
LSUI,1094.jpg,Severe,15.020186424255371,Uniform guide,27.402732849121094,0.8889000415802002
LSUI,1095.jpg,Severe,14.976028442382812,Uniform guide,27.27012825012207,0.9173786044120789
LSUI,1096.jpg,Severe,10.036701202392578,Uniform guide,34.83902359008789,0.9801303744316101
LSUI,1097.jpg,Severe,13.85792350769043,Uniform guide,25.033323287963867,0.9345490336418152
LSUI,1098.jpg,Severe,8.973388671875,Uniform guide,20.513856887817383,0.5429401993751526
LSUI,1099.jpg,Severe,16.471309661865234,Uniform guide,32.69709014892578,0.9591217041015625
LSUI,1092.jpg,Severe,8.484169960021973,PROTEUS,31.230735778808594,0.9738076329231262
LSUI,1093.jpg,Severe,12.297674179077148,PROTEUS,30.67509651184082,0.9305934906005859
LSUI,1094.jpg,Severe,15.020186424255371,PROTEUS,26.806346893310547,0.8894481658935547
LSUI,1095.jpg,Severe,14.976028442382812,PROTEUS,27.537540435791016,0.9195536971092224
LSUI,1096.jpg,Severe,10.036701202392578,PROTEUS,34.59520721435547,0.9801890254020691
LSUI,1097.jpg,Severe,13.85792350769043,PROTEUS,25.24695587158203,0.9346544146537781
LSUI,1098.jpg,Severe,8.973388671875,PROTEUS,20.88690948486328,0.547208845615387
LSUI,1099.jpg,Severe,16.471309661865234,PROTEUS,32.41676330566406,0.9586651921272278
LSUI,1100.jpg,Severe,10.717791557312012,Input,10.495060920715332,0.5902516841888428
LSUI,1101.jpg,Severe,15.97422981262207,Input,12.5985107421875,0.5638487339019775
LSUI,1102.jpg,Severe,9.014772415161133,Input,10.141508102416992,0.5596153736114502
LSUI,1103.jpg,Severe,17.73687171936035,Input,12.345566749572754,0.6300229430198669
LSUI,1104.jpg,Moderate,6.9973907470703125,Input,19.86903953552246,0.7818746566772461
LSUI,1105.jpg,Severe,17.95114517211914,Input,9.747053146362305,0.5502942204475403
LSUI,1106.jpg,Severe,9.203167915344238,Input,14.949718475341797,0.650540828704834
LSUI,1107.jpg,Severe,12.34524154663086,Input,13.907629013061523,0.7504727244377136
LSUI,1100.jpg,Severe,10.717791557312012,WWE-UIE,30.075864791870117,0.9518451690673828
LSUI,1101.jpg,Severe,15.97422981262207,WWE-UIE,24.851654052734375,0.9095004200935364
LSUI,1102.jpg,Severe,9.014772415161133,WWE-UIE,23.86486053466797,0.9491121768951416
LSUI,1103.jpg,Severe,17.73687171936035,WWE-UIE,25.954675674438477,0.9406978487968445
LSUI,1104.jpg,Moderate,6.9973907470703125,WWE-UIE,38.772403717041016,0.9893857836723328
LSUI,1105.jpg,Severe,17.95114517211914,WWE-UIE,15.418371200561523,0.6597365736961365
LSUI,1106.jpg,Severe,9.203167915344238,WWE-UIE,31.587087631225586,0.9770733714103699
LSUI,1107.jpg,Severe,12.34524154663086,WWE-UIE,32.70514678955078,0.9677391052246094
LSUI,1100.jpg,Severe,10.717791557312012,Uniform guide,28.807870864868164,0.9351351857185364
LSUI,1101.jpg,Severe,15.97422981262207,Uniform guide,24.666542053222656,0.845204770565033
LSUI,1102.jpg,Severe,9.014772415161133,Uniform guide,29.191253662109375,0.9272105097770691
LSUI,1103.jpg,Severe,17.73687171936035,Uniform guide,28.952774047851562,0.9221708178520203
LSUI,1104.jpg,Moderate,6.9973907470703125,Uniform guide,31.855175018310547,0.9835497736930847
LSUI,1105.jpg,Severe,17.95114517211914,Uniform guide,19.697772979736328,0.7410295605659485
LSUI,1106.jpg,Severe,9.203167915344238,Uniform guide,30.028772354125977,0.9721419215202332
LSUI,1107.jpg,Severe,12.34524154663086,Uniform guide,35.02915573120117,0.971394956111908
LSUI,1100.jpg,Severe,10.717791557312012,PROTEUS,28.697355270385742,0.9357568621635437
LSUI,1101.jpg,Severe,15.97422981262207,PROTEUS,24.99520492553711,0.8511720299720764
LSUI,1102.jpg,Severe,9.014772415161133,PROTEUS,29.37359619140625,0.9276307225227356
LSUI,1103.jpg,Severe,17.73687171936035,PROTEUS,29.502408981323242,0.9247650504112244
LSUI,1104.jpg,Moderate,6.9973907470703125,PROTEUS,31.88308334350586,0.9843438267707825
LSUI,1105.jpg,Severe,17.95114517211914,PROTEUS,19.78301239013672,0.741332471370697
LSUI,1106.jpg,Severe,9.203167915344238,PROTEUS,29.841632843017578,0.9715036749839783
LSUI,1107.jpg,Severe,12.34524154663086,PROTEUS,32.83949279785156,0.9724671244621277
LSUI,1972.jpg,Severe,10.371243476867676,Input,13.432735443115234,0.6881369948387146
LSUI,1973.jpg,Severe,12.938807487487793,Input,12.29194450378418,0.33530500531196594
LSUI,1974.jpg,Moderate,6.851105213165283,Input,16.796056747436523,0.8598552346229553
LSUI,1975.jpg,Moderate,6.623046398162842,Input,16.814334869384766,0.8600213527679443
LSUI,1976.jpg,Moderate,6.909337043762207,Input,16.63640594482422,0.8580839037895203
LSUI,1977.jpg,Moderate,6.973062515258789,Input,16.2257022857666,0.8412206172943115
LSUI,1978.jpg,Moderate,7.446934700012207,Input,22.006826400756836,0.7768762707710266
LSUI,1979.jpg,Moderate,7.1666154861450195,Input,17.091732025146484,0.8141058087348938
LSUI,1972.jpg,Severe,10.371243476867676,WWE-UIE,37.54065704345703,0.9798879623413086
LSUI,1973.jpg,Severe,12.938807487487793,WWE-UIE,18.47598648071289,0.4063519239425659
LSUI,1974.jpg,Moderate,6.851105213165283,WWE-UIE,32.572425842285156,0.9807437062263489
LSUI,1975.jpg,Moderate,6.623046398162842,WWE-UIE,33.59391784667969,0.9838230013847351
LSUI,1976.jpg,Moderate,6.909337043762207,WWE-UIE,31.81308364868164,0.9805845618247986
LSUI,1977.jpg,Moderate,6.973062515258789,WWE-UIE,29.879779815673828,0.9744668006896973
LSUI,1978.jpg,Moderate,7.446934700012207,WWE-UIE,36.17010498046875,0.9756569862365723
LSUI,1979.jpg,Moderate,7.1666154861450195,WWE-UIE,33.47856140136719,0.9899242520332336
LSUI,1972.jpg,Severe,10.371243476867676,Uniform guide,34.807830810546875,0.9855809211730957
LSUI,1973.jpg,Severe,12.938807487487793,Uniform guide,18.38115882873535,0.4066474735736847
LSUI,1974.jpg,Moderate,6.851105213165283,Uniform guide,35.44704818725586,0.9850757122039795
LSUI,1975.jpg,Moderate,6.623046398162842,Uniform guide,32.85669708251953,0.9843463897705078
LSUI,1976.jpg,Moderate,6.909337043762207,Uniform guide,32.96858596801758,0.9854457974433899
LSUI,1977.jpg,Moderate,6.973062515258789,Uniform guide,33.58327102661133,0.9846300482749939
LSUI,1978.jpg,Moderate,7.446934700012207,Uniform guide,37.730079650878906,0.9518840909004211
LSUI,1979.jpg,Moderate,7.1666154861450195,Uniform guide,36.16062927246094,0.9892768859863281
LSUI,1972.jpg,Severe,10.371243476867676,PROTEUS,33.42952346801758,0.9869110584259033
LSUI,1973.jpg,Severe,12.938807487487793,PROTEUS,18.31768226623535,0.40572163462638855
LSUI,1974.jpg,Moderate,6.851105213165283,PROTEUS,35.76476287841797,0.9887838363647461
LSUI,1975.jpg,Moderate,6.623046398162842,PROTEUS,32.608028411865234,0.9878079295158386
LSUI,1976.jpg,Moderate,6.909337043762207,PROTEUS,32.795249938964844,0.9885479807853699
LSUI,1977.jpg,Moderate,6.973062515258789,PROTEUS,33.28850173950195,0.9867193102836609
LSUI,1978.jpg,Moderate,7.446934700012207,PROTEUS,39.532325744628906,0.9628655910491943
LSUI,1979.jpg,Moderate,7.1666154861450195,PROTEUS,33.46495819091797,0.9874477386474609
LSUI,1980.jpg,Severe,12.247267723083496,Input,15.826658248901367,0.7161099910736084
LSUI,1981.jpg,Moderate,6.7912726402282715,Input,16.20526695251465,0.8487620949745178
LSUI,1982.jpg,Moderate,6.249683856964111,Input,17.295032501220703,0.8868860602378845
LSUI,1983.jpg,Moderate,6.378152847290039,Input,16.978452682495117,0.875819981098175
LSUI,1984.jpg,Moderate,6.938452243804932,Input,16.307641983032227,0.8491435050964355
LSUI,1985.jpg,Moderate,7.097827911376953,Input,15.898666381835938,0.8461262583732605
LSUI,1986.jpg,Moderate,6.673890113830566,Input,20.051403045654297,0.8812569975852966
LSUI,1987.jpg,Moderate,7.192117214202881,Input,19.570308685302734,0.8666734099388123
LSUI,1980.jpg,Severe,12.247267723083496,WWE-UIE,35.00550079345703,0.9851415753364563
LSUI,1981.jpg,Moderate,6.7912726402282715,WWE-UIE,29.678810119628906,0.9781424403190613
LSUI,1982.jpg,Moderate,6.249683856964111,WWE-UIE,29.78592872619629,0.981248676776886
LSUI,1983.jpg,Moderate,6.378152847290039,WWE-UIE,33.53755569458008,0.9850686192512512
LSUI,1984.jpg,Moderate,6.938452243804932,WWE-UIE,31.619178771972656,0.9803587794303894
LSUI,1985.jpg,Moderate,7.097827911376953,WWE-UIE,34.836273193359375,0.9865543246269226
LSUI,1986.jpg,Moderate,6.673890113830566,WWE-UIE,31.580459594726562,0.9876499176025391
LSUI,1987.jpg,Moderate,7.192117214202881,WWE-UIE,28.93581771850586,0.986144483089447
LSUI,1980.jpg,Severe,12.247267723083496,Uniform guide,36.10034942626953,0.9896647334098816
LSUI,1981.jpg,Moderate,6.7912726402282715,Uniform guide,33.83082580566406,0.9844465851783752
LSUI,1982.jpg,Moderate,6.249683856964111,Uniform guide,32.03109359741211,0.9861893057823181
LSUI,1983.jpg,Moderate,6.378152847290039,Uniform guide,30.29132843017578,0.9821135401725769
LSUI,1984.jpg,Moderate,6.938452243804932,Uniform guide,31.40022087097168,0.9808825850486755
LSUI,1985.jpg,Moderate,7.097827911376953,Uniform guide,27.820213317871094,0.976304829120636
LSUI,1986.jpg,Moderate,6.673890113830566,Uniform guide,29.673097610473633,0.9823891520500183
LSUI,1987.jpg,Moderate,7.192117214202881,Uniform guide,30.8424072265625,0.9844149947166443
LSUI,1980.jpg,Severe,12.247267723083496,PROTEUS,34.706146240234375,0.9887534976005554
LSUI,1981.jpg,Moderate,6.7912726402282715,PROTEUS,33.67226028442383,0.9879515767097473
LSUI,1982.jpg,Moderate,6.249683856964111,PROTEUS,32.972389221191406,0.9886639714241028
LSUI,1983.jpg,Moderate,6.378152847290039,PROTEUS,30.40624237060547,0.9868112206459045
LSUI,1984.jpg,Moderate,6.938452243804932,PROTEUS,31.0804386138916,0.9844371676445007
LSUI,1985.jpg,Moderate,7.097827911376953,PROTEUS,27.63793182373047,0.9802461266517639
LSUI,1986.jpg,Moderate,6.673890113830566,PROTEUS,30.23236846923828,0.9850273728370667
LSUI,1987.jpg,Moderate,7.192117214202881,PROTEUS,32.154319763183594,0.9867944717407227
LSUI,1988.jpg,Moderate,7.581284999847412,Input,18.623741149902344,0.8533214926719666
LSUI,1989.jpg,Moderate,6.774649143218994,Input,18.88408088684082,0.8739053606987
LSUI,1990.jpg,Moderate,7.677318096160889,Input,17.128986358642578,0.8395805954933167
LSUI,1991.jpg,Moderate,7.336479663848877,Input,20.720855712890625,0.7929717898368835
LSUI,1992.jpg,Mild,4.59491491317749,Input,20.8883113861084,0.8363311290740967
LSUI,1993.jpg,Mild,5.188826560974121,Input,21.205123901367188,0.8327304720878601
LSUI,1994.jpg,Mild,4.045263767242432,Input,16.159605026245117,0.7747611999511719
LSUI,1995.jpg,Moderate,6.421187877655029,Input,22.666643142700195,0.8291234374046326
LSUI,1988.jpg,Moderate,7.581284999847412,WWE-UIE,30.15597152709961,0.9887973666191101
LSUI,1989.jpg,Moderate,6.774649143218994,WWE-UIE,28.853952407836914,0.9859026074409485
LSUI,1990.jpg,Moderate,7.677318096160889,WWE-UIE,29.20482635498047,0.9850260615348816
LSUI,1991.jpg,Moderate,7.336479663848877,WWE-UIE,28.50301742553711,0.8964560627937317
LSUI,1992.jpg,Mild,4.59491491317749,WWE-UIE,29.445026397705078,0.9012897610664368
LSUI,1993.jpg,Mild,5.188826560974121,WWE-UIE,31.212791442871094,0.8982815742492676
LSUI,1994.jpg,Mild,4.045263767242432,WWE-UIE,23.805925369262695,0.8543305397033691
LSUI,1995.jpg,Moderate,6.421187877655029,WWE-UIE,28.764371871948242,0.9050660729408264
LSUI,1988.jpg,Moderate,7.581284999847412,Uniform guide,30.679855346679688,0.9831643104553223
LSUI,1989.jpg,Moderate,6.774649143218994,Uniform guide,29.034393310546875,0.9829249978065491
LSUI,1990.jpg,Moderate,7.677318096160889,Uniform guide,30.53718376159668,0.9835682511329651
LSUI,1991.jpg,Moderate,7.336479663848877,Uniform guide,26.334104537963867,0.8949645161628723
LSUI,1992.jpg,Mild,4.59491491317749,Uniform guide,24.852928161621094,0.8790164589881897
LSUI,1993.jpg,Mild,5.188826560974121,Uniform guide,28.848369598388672,0.8946083188056946
LSUI,1994.jpg,Mild,4.045263767242432,Uniform guide,19.528976440429688,0.7514736652374268
LSUI,1995.jpg,Moderate,6.421187877655029,Uniform guide,28.22127342224121,0.9041035771369934
LSUI,1988.jpg,Moderate,7.581284999847412,PROTEUS,31.81290626525879,0.9864025115966797
LSUI,1989.jpg,Moderate,6.774649143218994,PROTEUS,30.232582092285156,0.9868087768554688
LSUI,1990.jpg,Moderate,7.677318096160889,PROTEUS,33.50343322753906,0.9868845343589783
LSUI,1991.jpg,Moderate,7.336479663848877,PROTEUS,28.8336181640625,0.9050953388214111
LSUI,1992.jpg,Mild,4.59491491317749,PROTEUS,27.083370208740234,0.9012622833251953
LSUI,1993.jpg,Mild,5.188826560974121,PROTEUS,27.75786590576172,0.8974029421806335
LSUI,1994.jpg,Mild,4.045263767242432,PROTEUS,27.289451599121094,0.8666844367980957
LSUI,1995.jpg,Moderate,6.421187877655029,PROTEUS,28.66183090209961,0.906176745891571
LSUI,1996.jpg,Mild,4.179454803466797,Input,20.224143981933594,0.7725169062614441
LSUI,1997.jpg,Mild,5.75104284286499,Input,20.29008674621582,0.7861685156822205
LSUI,2038.jpg,Mild,2.8937532901763916,Input,22.068832397460938,0.7431367039680481
LSUI,2039.jpg,Moderate,7.585187911987305,Input,21.88698959350586,0.8385317921638489
LSUI,2040.jpg,Moderate,6.0131635665893555,Input,22.239410400390625,0.8003861308097839
LSUI,2041.jpg,Moderate,7.742232322692871,Input,23.367431640625,0.8784406781196594
LSUI,2042.jpg,Severe,8.004947662353516,Input,20.637998580932617,0.7884731292724609
LSUI,2043.jpg,Moderate,6.926506996154785,Input,23.924530029296875,0.8566754460334778
LSUI,1996.jpg,Mild,4.179454803466797,WWE-UIE,24.791086196899414,0.8310018181800842
LSUI,1997.jpg,Mild,5.75104284286499,WWE-UIE,23.766456604003906,0.8457086682319641
LSUI,2038.jpg,Mild,2.8937532901763916,WWE-UIE,27.541635513305664,0.8419814705848694
LSUI,2039.jpg,Moderate,7.585187911987305,WWE-UIE,27.867633819580078,0.8925482630729675
LSUI,2040.jpg,Moderate,6.0131635665893555,WWE-UIE,27.61537742614746,0.8792872428894043
LSUI,2041.jpg,Moderate,7.742232322692871,WWE-UIE,29.929086685180664,0.8950292468070984
LSUI,2042.jpg,Severe,8.004947662353516,WWE-UIE,27.34380531311035,0.8722273707389832
LSUI,2043.jpg,Moderate,6.926506996154785,WWE-UIE,26.5108699798584,0.8921284079551697
LSUI,1996.jpg,Mild,4.179454803466797,Uniform guide,20.92585563659668,0.7909244894981384
LSUI,1997.jpg,Mild,5.75104284286499,Uniform guide,21.82328987121582,0.7813252806663513
LSUI,2038.jpg,Mild,2.8937532901763916,Uniform guide,24.44681167602539,0.8249185681343079
LSUI,2039.jpg,Moderate,7.585187911987305,Uniform guide,20.406314849853516,0.826356828212738
LSUI,2040.jpg,Moderate,6.0131635665893555,Uniform guide,19.71868896484375,0.8117184042930603
LSUI,2041.jpg,Moderate,7.742232322692871,Uniform guide,30.127897262573242,0.8435701727867126
LSUI,2042.jpg,Severe,8.004947662353516,Uniform guide,23.846332550048828,0.8302063941955566
LSUI,2043.jpg,Moderate,6.926506996154785,Uniform guide,24.83747100830078,0.795076847076416
LSUI,1996.jpg,Mild,4.179454803466797,PROTEUS,23.50650978088379,0.8212155699729919
LSUI,1997.jpg,Mild,5.75104284286499,PROTEUS,24.234981536865234,0.8489276766777039
LSUI,2038.jpg,Mild,2.8937532901763916,PROTEUS,26.674304962158203,0.8427909016609192
LSUI,2039.jpg,Moderate,7.585187911987305,PROTEUS,28.01128387451172,0.8915808796882629
LSUI,2040.jpg,Moderate,6.0131635665893555,PROTEUS,29.647113800048828,0.8871839046478271
LSUI,2041.jpg,Moderate,7.742232322692871,PROTEUS,29.961719512939453,0.9014025330543518
LSUI,2042.jpg,Severe,8.004947662353516,PROTEUS,28.104429244995117,0.8821315169334412
LSUI,2043.jpg,Moderate,6.926506996154785,PROTEUS,26.5219783782959,0.8938326239585876
LSUI,2044.jpg,Mild,3.4508562088012695,Input,18.951557159423828,0.7646390795707703
LSUI,2045.jpg,Severe,12.02767276763916,Input,13.561834335327148,0.8880907893180847
LSUI,2046.jpg,Severe,8.630209922790527,Input,21.599449157714844,0.6875455975532532
LSUI,2047.jpg,Moderate,7.106815814971924,Input,18.27871322631836,0.8172736763954163
LSUI,2048.jpg,Moderate,7.100058555603027,Input,24.285585403442383,0.7631049156188965
LSUI,2049.jpg,Moderate,6.988927364349365,Input,18.596160888671875,0.8531079292297363
LSUI,2050.jpg,Mild,5.5030903816223145,Input,17.62733268737793,0.7995015978813171
LSUI,2051.jpg,Mild,5.619494438171387,Input,19.25468635559082,0.7502074241638184
LSUI,2044.jpg,Mild,3.4508562088012695,WWE-UIE,25.73400115966797,0.8343024253845215
LSUI,2045.jpg,Severe,12.02767276763916,WWE-UIE,18.85275650024414,0.9286840558052063
LSUI,2046.jpg,Severe,8.630209922790527,WWE-UIE,26.044212341308594,0.7638170123100281
LSUI,2047.jpg,Moderate,7.106815814971924,WWE-UIE,27.866954803466797,0.8874546885490417
LSUI,2048.jpg,Moderate,7.100058555603027,WWE-UIE,28.510828018188477,0.9020707011222839
LSUI,2049.jpg,Moderate,6.988927364349365,WWE-UIE,30.006858825683594,0.9151589870452881
LSUI,2050.jpg,Mild,5.5030903816223145,WWE-UIE,27.48147201538086,0.9406952857971191
LSUI,2051.jpg,Mild,5.619494438171387,WWE-UIE,27.501575469970703,0.8611230254173279
LSUI,2044.jpg,Mild,3.4508562088012695,Uniform guide,22.735721588134766,0.8117392659187317
LSUI,2045.jpg,Severe,12.02767276763916,Uniform guide,24.165851593017578,0.9485700726509094
LSUI,2046.jpg,Severe,8.630209922790527,Uniform guide,21.58046531677246,0.7224976420402527
LSUI,2047.jpg,Moderate,7.106815814971924,Uniform guide,25.00403594970703,0.8620272278785706
LSUI,2048.jpg,Moderate,7.100058555603027,Uniform guide,29.15602684020996,0.8110308051109314
LSUI,2049.jpg,Moderate,6.988927364349365,Uniform guide,27.652864456176758,0.9134871363639832
LSUI,2050.jpg,Mild,5.5030903816223145,Uniform guide,29.370941162109375,0.9429427981376648
LSUI,2051.jpg,Mild,5.619494438171387,Uniform guide,22.50709342956543,0.8416571021080017
LSUI,2044.jpg,Mild,3.4508562088012695,PROTEUS,25.955076217651367,0.8411509990692139
LSUI,2045.jpg,Severe,12.02767276763916,PROTEUS,24.447772979736328,0.9486425518989563
LSUI,2046.jpg,Severe,8.630209922790527,PROTEUS,27.13775634765625,0.7736369967460632
LSUI,2047.jpg,Moderate,7.106815814971924,PROTEUS,26.555389404296875,0.8896530270576477
LSUI,2048.jpg,Moderate,7.100058555603027,PROTEUS,29.90257453918457,0.7968621253967285
LSUI,2049.jpg,Moderate,6.988927364349365,PROTEUS,30.32561492919922,0.9170352816581726
LSUI,2050.jpg,Mild,5.5030903816223145,PROTEUS,30.78028678894043,0.947552502155304
LSUI,2051.jpg,Mild,5.619494438171387,PROTEUS,28.051742553710938,0.8678218722343445
LSUI,2052.jpg,Moderate,6.6898417472839355,Input,23.454465866088867,0.8594703674316406
LSUI,2053.jpg,Moderate,6.663127422332764,Input,19.841552734375,0.8755650520324707
LSUI,2054.jpg,Severe,10.28735065460205,Input,17.635343551635742,0.6132031083106995
LSUI,2055.jpg,Severe,14.558161735534668,Input,11.990853309631348,0.49161115288734436
LSUI,2056.jpg,Moderate,6.960872173309326,Input,23.805150985717773,0.8192973136901855
LSUI,2057.jpg,Severe,10.048449516296387,Input,16.726011276245117,0.8785821795463562
LSUI,2058.jpg,Mild,4.867027282714844,Input,20.883817672729492,0.8391805291175842
LSUI,2059.jpg,Mild,4.486806392669678,Input,19.306377410888672,0.8286917805671692
LSUI,2052.jpg,Moderate,6.6898417472839355,WWE-UIE,28.32292366027832,0.8953911662101746
LSUI,2053.jpg,Moderate,6.663127422332764,WWE-UIE,26.662446975708008,0.9247367978096008
LSUI,2054.jpg,Severe,10.28735065460205,WWE-UIE,19.498733520507812,0.6433833837509155
LSUI,2055.jpg,Severe,14.558161735534668,WWE-UIE,15.322722434997559,0.6839792728424072
LSUI,2056.jpg,Moderate,6.960872173309326,WWE-UIE,30.005332946777344,0.853653609752655
LSUI,2057.jpg,Severe,10.048449516296387,WWE-UIE,20.812313079833984,0.9027855396270752
LSUI,2058.jpg,Mild,4.867027282714844,WWE-UIE,27.488174438476562,0.9110886454582214
LSUI,2059.jpg,Mild,4.486806392669678,WWE-UIE,28.226070404052734,0.9006445407867432
LSUI,2052.jpg,Moderate,6.6898417472839355,Uniform guide,22.44062042236328,0.8603463172912598
LSUI,2053.jpg,Moderate,6.663127422332764,Uniform guide,26.883413314819336,0.9275345802307129
LSUI,2054.jpg,Severe,10.28735065460205,Uniform guide,21.705242156982422,0.6862525939941406
LSUI,2055.jpg,Severe,14.558161735534668,Uniform guide,17.79898452758789,0.7605066299438477
LSUI,2056.jpg,Moderate,6.960872173309326,Uniform guide,30.328205108642578,0.8910319209098816
LSUI,2057.jpg,Severe,10.048449516296387,Uniform guide,24.20112419128418,0.9293670058250427
LSUI,2058.jpg,Mild,4.867027282714844,Uniform guide,23.457839965820312,0.8730818629264832
LSUI,2059.jpg,Mild,4.486806392669678,Uniform guide,28.893014907836914,0.9042267203330994
LSUI,2052.jpg,Moderate,6.6898417472839355,PROTEUS,27.726642608642578,0.8967717289924622
LSUI,2053.jpg,Moderate,6.663127422332764,PROTEUS,27.01831817626953,0.9267423748970032
LSUI,2054.jpg,Severe,10.28735065460205,PROTEUS,18.666597366333008,0.6448595523834229
LSUI,2055.jpg,Severe,14.558161735534668,PROTEUS,19.477163314819336,0.7898446917533875
LSUI,2056.jpg,Moderate,6.960872173309326,PROTEUS,30.320417404174805,0.8754129409790039
LSUI,2057.jpg,Severe,10.048449516296387,PROTEUS,24.380456924438477,0.932379424571991
LSUI,2058.jpg,Mild,4.867027282714844,PROTEUS,27.524497985839844,0.9078128933906555
LSUI,2059.jpg,Mild,4.486806392669678,PROTEUS,27.44657325744629,0.9056652188301086
LSUI,2060.jpg,Severe,8.870305061340332,Input,21.334312438964844,0.8459853529930115
LSUI,2061.jpg,Severe,12.156991004943848,Input,16.523303985595703,0.7143169045448303
LSUI,2062.jpg,Mild,4.696042537689209,Input,21.1419677734375,0.6941821575164795
LSUI,2063.jpg,Mild,1.763477087020874,Input,24.42713737487793,0.800891101360321
LSUI,2064.jpg,Mild,4.653724193572998,Input,19.291364669799805,0.8213315010070801
LSUI,2065.jpg,Moderate,6.299417495727539,Input,24.021635055541992,0.8040607571601868
LSUI,2066.jpg,Severe,8.142525672912598,Input,22.73033905029297,0.7757063508033752
LSUI,2067.jpg,Mild,4.2789764404296875,Input,21.127317428588867,0.8166589140892029
LSUI,2060.jpg,Severe,8.870305061340332,WWE-UIE,29.220827102661133,0.9094729423522949
LSUI,2061.jpg,Severe,12.156991004943848,WWE-UIE,21.096176147460938,0.8634872436523438
LSUI,2062.jpg,Mild,4.696042537689209,WWE-UIE,25.672069549560547,0.8090903162956238
LSUI,2063.jpg,Mild,1.763477087020874,WWE-UIE,30.986604690551758,0.8747541904449463
LSUI,2064.jpg,Mild,4.653724193572998,WWE-UIE,28.077659606933594,0.907559871673584
LSUI,2065.jpg,Moderate,6.299417495727539,WWE-UIE,26.530017852783203,0.8490574955940247
LSUI,2066.jpg,Severe,8.142525672912598,WWE-UIE,26.838031768798828,0.8296038508415222
LSUI,2067.jpg,Mild,4.2789764404296875,WWE-UIE,27.67560577392578,0.9048426747322083
LSUI,2060.jpg,Severe,8.870305061340332,Uniform guide,26.157405853271484,0.9008439183235168
LSUI,2061.jpg,Severe,12.156991004943848,Uniform guide,18.377906799316406,0.8452398777008057
LSUI,2062.jpg,Mild,4.696042537689209,Uniform guide,22.689655303955078,0.7661667466163635
LSUI,2063.jpg,Mild,1.763477087020874,Uniform guide,28.245838165283203,0.8689673542976379
LSUI,2064.jpg,Mild,4.653724193572998,Uniform guide,25.202844619750977,0.8876276016235352
LSUI,2065.jpg,Moderate,6.299417495727539,Uniform guide,19.812564849853516,0.7601638436317444
LSUI,2066.jpg,Severe,8.142525672912598,Uniform guide,25.324722290039062,0.8091743588447571
LSUI,2067.jpg,Mild,4.2789764404296875,Uniform guide,19.628456115722656,0.8546417355537415
LSUI,2060.jpg,Severe,8.870305061340332,PROTEUS,28.217548370361328,0.9103274345397949
LSUI,2061.jpg,Severe,12.156991004943848,PROTEUS,19.285877227783203,0.7943046689033508
LSUI,2062.jpg,Mild,4.696042537689209,PROTEUS,26.699172973632812,0.818030059337616
LSUI,2063.jpg,Mild,1.763477087020874,PROTEUS,29.108219146728516,0.8732135891914368
LSUI,2064.jpg,Mild,4.653724193572998,PROTEUS,28.712045669555664,0.9084126949310303
LSUI,2065.jpg,Moderate,6.299417495727539,PROTEUS,24.67817497253418,0.8158693909645081
LSUI,2066.jpg,Severe,8.142525672912598,PROTEUS,26.8399715423584,0.8328819870948792
LSUI,2067.jpg,Mild,4.2789764404296875,PROTEUS,27.944976806640625,0.9069914817810059
LSUI,2068.jpg,Severe,14.131291389465332,Input,18.631311416625977,0.8872581124305725
LSUI,2069.jpg,Severe,15.7269287109375,Input,15.96314525604248,0.6982834935188293
LSUI,2070.jpg,Mild,5.108097553253174,Input,18.794313430786133,0.7959475517272949
LSUI,2071.jpg,Mild,5.215566635131836,Input,24.318042755126953,0.8682315349578857
LSUI,2072.jpg,Severe,9.06251335144043,Input,20.306381225585938,0.8504297733306885
LSUI,2073.jpg,Mild,5.4439191818237305,Input,23.125030517578125,0.7797663807868958
LSUI,2074.jpg,Severe,8.766070365905762,Input,18.204347610473633,0.9171287417411804
LSUI,2075.jpg,Moderate,6.547975063323975,Input,22.04693031311035,0.7973253130912781
LSUI,2068.jpg,Severe,14.131291389465332,WWE-UIE,17.331335067749023,0.8796014189720154
LSUI,2069.jpg,Severe,15.7269287109375,WWE-UIE,18.325693130493164,0.7349238395690918
LSUI,2070.jpg,Mild,5.108097553253174,WWE-UIE,27.64335823059082,0.9237880706787109
LSUI,2071.jpg,Mild,5.215566635131836,WWE-UIE,31.840618133544922,0.9157177805900574
LSUI,2072.jpg,Severe,9.06251335144043,WWE-UIE,27.010440826416016,0.9171762466430664
LSUI,2073.jpg,Mild,5.4439191818237305,WWE-UIE,27.921722412109375,0.8619107604026794
LSUI,2074.jpg,Severe,8.766070365905762,WWE-UIE,25.294208526611328,0.9376282691955566
LSUI,2075.jpg,Moderate,6.547975063323975,WWE-UIE,25.54701042175293,0.8562245965003967
LSUI,2068.jpg,Severe,14.131291389465332,Uniform guide,15.263184547424316,0.872683584690094
LSUI,2069.jpg,Severe,15.7269287109375,Uniform guide,19.334796905517578,0.7232128977775574
LSUI,2070.jpg,Mild,5.108097553253174,Uniform guide,21.260805130004883,0.8978750109672546
LSUI,2071.jpg,Mild,5.215566635131836,Uniform guide,31.480093002319336,0.9227283596992493
LSUI,2072.jpg,Severe,9.06251335144043,Uniform guide,26.654117584228516,0.9138972163200378
LSUI,2073.jpg,Mild,5.4439191818237305,Uniform guide,20.265830993652344,0.8221709728240967
LSUI,2074.jpg,Severe,8.766070365905762,Uniform guide,22.439241409301758,0.9329507946968079
LSUI,2075.jpg,Moderate,6.547975063323975,Uniform guide,24.81143569946289,0.8218477368354797
LSUI,2068.jpg,Severe,14.131291389465332,PROTEUS,15.55835247039795,0.8764703869819641
LSUI,2069.jpg,Severe,15.7269287109375,PROTEUS,21.544551849365234,0.6979458928108215
LSUI,2070.jpg,Mild,5.108097553253174,PROTEUS,29.44217300415039,0.9326137900352478
LSUI,2071.jpg,Mild,5.215566635131836,PROTEUS,31.334537506103516,0.9244791865348816
LSUI,2072.jpg,Severe,9.06251335144043,PROTEUS,26.894826889038086,0.9161446690559387
LSUI,2073.jpg,Mild,5.4439191818237305,PROTEUS,28.454294204711914,0.876495897769928
LSUI,2074.jpg,Severe,8.766070365905762,PROTEUS,23.542463302612305,0.9378523826599121
LSUI,2075.jpg,Moderate,6.547975063323975,PROTEUS,25.93500518798828,0.8573746681213379
LSUI,2997.jpg,Mild,4.619577407836914,Input,15.306833267211914,0.8327538371086121
LSUI,2998.jpg,Severe,9.76460075378418,Input,21.974720001220703,0.7006332874298096
LSUI,2999.jpg,Severe,8.877902030944824,Input,21.289806365966797,0.7997006773948669
LSUI,3000.jpg,Moderate,6.5981011390686035,Input,18.54730987548828,0.8145734667778015
LSUI,3001.jpg,Mild,4.580413341522217,Input,17.6826229095459,0.8093740344047546
LSUI,3002.jpg,Mild,5.418642997741699,Input,24.72527313232422,0.8500201106071472
LSUI,3003.jpg,Moderate,6.0891828536987305,Input,17.88007926940918,0.7537339329719543
LSUI,3004.jpg,Severe,8.637702941894531,Input,21.462322235107422,0.8528682589530945
LSUI,2997.jpg,Mild,4.619577407836914,WWE-UIE,19.410194396972656,0.8810474276542664
LSUI,2998.jpg,Severe,9.76460075378418,WWE-UIE,27.523723602294922,0.8094955086708069
LSUI,2999.jpg,Severe,8.877902030944824,WWE-UIE,28.70408058166504,0.8824208378791809
LSUI,3000.jpg,Moderate,6.5981011390686035,WWE-UIE,29.460006713867188,0.9065600037574768
LSUI,3001.jpg,Mild,4.580413341522217,WWE-UIE,24.454864501953125,0.9175159335136414
LSUI,3002.jpg,Mild,5.418642997741699,WWE-UIE,29.5685977935791,0.8971156477928162
LSUI,3003.jpg,Moderate,6.0891828536987305,WWE-UIE,27.560272216796875,0.8703015446662903
LSUI,3004.jpg,Severe,8.637702941894531,WWE-UIE,28.81768226623535,0.9195936322212219
LSUI,2997.jpg,Mild,4.619577407836914,Uniform guide,17.16107940673828,0.8778204917907715
LSUI,2998.jpg,Severe,9.76460075378418,Uniform guide,26.875415802001953,0.8215381503105164
LSUI,2999.jpg,Severe,8.877902030944824,Uniform guide,22.868797302246094,0.8274887204170227
LSUI,3000.jpg,Moderate,6.5981011390686035,Uniform guide,25.72734832763672,0.8792837262153625
LSUI,3001.jpg,Mild,4.580413341522217,Uniform guide,21.01700782775879,0.9018236994743347
LSUI,3002.jpg,Mild,5.418642997741699,Uniform guide,28.279476165771484,0.8448908925056458
LSUI,3003.jpg,Moderate,6.0891828536987305,Uniform guide,18.132244110107422,0.815704882144928
LSUI,3004.jpg,Severe,8.637702941894531,Uniform guide,24.3587703704834,0.897454559803009
LSUI,2997.jpg,Mild,4.619577407836914,PROTEUS,19.234352111816406,0.8865283131599426
LSUI,2998.jpg,Severe,9.76460075378418,PROTEUS,27.193185806274414,0.8412114977836609
LSUI,2999.jpg,Severe,8.877902030944824,PROTEUS,30.948381423950195,0.8979606032371521
LSUI,3000.jpg,Moderate,6.5981011390686035,PROTEUS,29.255645751953125,0.9066409468650818
LSUI,3001.jpg,Mild,4.580413341522217,PROTEUS,22.245426177978516,0.9079172015190125
LSUI,3002.jpg,Mild,5.418642997741699,PROTEUS,29.95037841796875,0.8997595310211182
LSUI,3003.jpg,Moderate,6.0891828536987305,PROTEUS,24.336349487304688,0.8683701157569885
LSUI,3004.jpg,Severe,8.637702941894531,PROTEUS,29.446189880371094,0.9215841293334961
LSUI,3005.jpg,Mild,4.947480201721191,Input,20.693225860595703,0.8374705910682678
LSUI,3006.jpg,Severe,8.42735481262207,Input,22.438613891601562,0.8222525715827942
LSUI,3007.jpg,Mild,3.965629816055298,Input,21.726825714111328,0.782777726650238
LSUI,3008.jpg,Moderate,7.176194190979004,Input,20.562408447265625,0.8055195212364197
LSUI,3009.jpg,Mild,5.624292850494385,Input,20.13465118408203,0.821799099445343
LSUI,3010.jpg,Mild,5.818075656890869,Input,20.724918365478516,0.8441665768623352
LSUI,3011.jpg,Moderate,7.921697616577148,Input,24.077354431152344,0.8293927311897278
LSUI,3012.jpg,Mild,4.658438205718994,Input,22.029033660888672,0.8441728949546814
LSUI,3005.jpg,Mild,4.947480201721191,WWE-UIE,28.584903717041016,0.910796582698822
LSUI,3006.jpg,Severe,8.42735481262207,WWE-UIE,26.179941177368164,0.8307154774665833
LSUI,3007.jpg,Mild,3.965629816055298,WWE-UIE,27.68151092529297,0.8892398476600647
LSUI,3008.jpg,Moderate,7.176194190979004,WWE-UIE,29.24882698059082,0.907850444316864
LSUI,3009.jpg,Mild,5.624292850494385,WWE-UIE,25.908384323120117,0.9062530398368835
LSUI,3010.jpg,Mild,5.818075656890869,WWE-UIE,28.754776000976562,0.9115381240844727
LSUI,3011.jpg,Moderate,7.921697616577148,WWE-UIE,32.04218292236328,0.7527373433113098
LSUI,3012.jpg,Mild,4.658438205718994,WWE-UIE,28.001394271850586,0.9145354628562927
LSUI,3005.jpg,Mild,4.947480201721191,Uniform guide,27.892913818359375,0.9055583477020264
LSUI,3006.jpg,Severe,8.42735481262207,Uniform guide,25.275678634643555,0.8003460764884949
LSUI,3007.jpg,Mild,3.965629816055298,Uniform guide,22.840839385986328,0.8487303256988525
LSUI,3008.jpg,Moderate,7.176194190979004,Uniform guide,23.172119140625,0.856924295425415
LSUI,3009.jpg,Mild,5.624292850494385,Uniform guide,21.63682746887207,0.8725494742393494
LSUI,3010.jpg,Mild,5.818075656890869,Uniform guide,27.2882080078125,0.8968825340270996
LSUI,3011.jpg,Moderate,7.921697616577148,Uniform guide,29.444774627685547,0.860632598400116
LSUI,3012.jpg,Mild,4.658438205718994,Uniform guide,19.61166000366211,0.8621227145195007
LSUI,3005.jpg,Mild,4.947480201721191,PROTEUS,27.824932098388672,0.9065375924110413
LSUI,3006.jpg,Severe,8.42735481262207,PROTEUS,26.784631729125977,0.825965166091919
LSUI,3007.jpg,Mild,3.965629816055298,PROTEUS,26.692584991455078,0.8895917534828186
LSUI,3008.jpg,Moderate,7.176194190979004,PROTEUS,30.53333282470703,0.915470540523529
LSUI,3009.jpg,Mild,5.624292850494385,PROTEUS,25.80745506286621,0.9053590893745422
LSUI,3010.jpg,Mild,5.818075656890869,PROTEUS,28.682519912719727,0.9121341705322266
LSUI,3011.jpg,Moderate,7.921697616577148,PROTEUS,30.967689514160156,0.8729033470153809
LSUI,3012.jpg,Mild,4.658438205718994,PROTEUS,27.865903854370117,0.9198511242866516
LSUI,3013.jpg,Severe,8.01449203491211,Input,21.704730987548828,0.7885435223579407
LSUI,3014.jpg,Moderate,6.3397088050842285,Input,24.42530059814453,0.8172717094421387
LSUI,3015.jpg,Mild,5.2581400871276855,Input,19.48344612121582,0.7710361480712891
LSUI,3016.jpg,Mild,5.869746208190918,Input,22.005752563476562,0.7945599555969238
LSUI,3017.jpg,Mild,4.764509201049805,Input,21.445798873901367,0.8651952743530273
LSUI,3018.jpg,Moderate,6.242724418640137,Input,24.529502868652344,0.8761774897575378
LSUI,3019.jpg,Moderate,7.579309463500977,Input,19.336111068725586,0.7738959789276123
LSUI,3020.jpg,Mild,4.475529670715332,Input,16.237503051757812,0.7549445033073425
LSUI,3013.jpg,Severe,8.01449203491211,WWE-UIE,26.0684814453125,0.8755303025245667
LSUI,3014.jpg,Moderate,6.3397088050842285,WWE-UIE,27.342018127441406,0.8629887104034424
LSUI,3015.jpg,Mild,5.2581400871276855,WWE-UIE,26.15076446533203,0.8871361613273621
LSUI,3016.jpg,Mild,5.869746208190918,WWE-UIE,26.60541343688965,0.865956723690033
LSUI,3017.jpg,Mild,4.764509201049805,WWE-UIE,29.316905975341797,0.9254451394081116
LSUI,3018.jpg,Moderate,6.242724418640137,WWE-UIE,30.317073822021484,0.8999703526496887
LSUI,3019.jpg,Moderate,7.579309463500977,WWE-UIE,27.768075942993164,0.8787846565246582
LSUI,3020.jpg,Mild,4.475529670715332,WWE-UIE,26.61226463317871,0.8855381011962891
LSUI,3013.jpg,Severe,8.01449203491211,Uniform guide,20.52461814880371,0.7737804055213928
LSUI,3014.jpg,Moderate,6.3397088050842285,Uniform guide,20.10532569885254,0.7738092541694641
LSUI,3015.jpg,Mild,5.2581400871276855,Uniform guide,21.10348129272461,0.8497161865234375
LSUI,3016.jpg,Mild,5.869746208190918,Uniform guide,20.974380493164062,0.806593120098114
LSUI,3017.jpg,Mild,4.764509201049805,Uniform guide,29.399688720703125,0.9238831996917725
LSUI,3018.jpg,Moderate,6.242724418640137,Uniform guide,30.40766716003418,0.9165616035461426
LSUI,3019.jpg,Moderate,7.579309463500977,Uniform guide,19.71349334716797,0.7782542109489441
LSUI,3020.jpg,Mild,4.475529670715332,Uniform guide,17.8085994720459,0.7687943577766418
LSUI,3013.jpg,Severe,8.01449203491211,PROTEUS,28.825559616088867,0.896026074886322
LSUI,3014.jpg,Moderate,6.3397088050842285,PROTEUS,25.367773056030273,0.8343785405158997
LSUI,3015.jpg,Mild,5.2581400871276855,PROTEUS,27.138202667236328,0.890516996383667
LSUI,3016.jpg,Mild,5.869746208190918,PROTEUS,27.316234588623047,0.8704745769500732
LSUI,3017.jpg,Mild,4.764509201049805,PROTEUS,29.78135871887207,0.9255868792533875
LSUI,3018.jpg,Moderate,6.242724418640137,PROTEUS,30.223731994628906,0.9087756276130676
LSUI,3019.jpg,Moderate,7.579309463500977,PROTEUS,27.017953872680664,0.8764171004295349
LSUI,3020.jpg,Mild,4.475529670715332,PROTEUS,25.88667106628418,0.8855330348014832
LSUI,3021.jpg,Severe,8.198833465576172,Input,22.416542053222656,0.8123836517333984
LSUI,3022.jpg,Mild,5.963844299316406,Input,18.452404022216797,0.8317432403564453
LSUI,3023.jpg,Moderate,7.531673908233643,Input,21.26258087158203,0.7652011513710022
LSUI,3024.jpg,Mild,3.5788397789001465,Input,19.02517318725586,0.7764551639556885
LSUI,3025.jpg,Mild,5.0454630851745605,Input,20.797107696533203,0.8129971027374268
LSUI,3026.jpg,Severe,9.22936725616455,Input,21.155614852905273,0.722368061542511
LSUI,3027.jpg,Moderate,6.308157920837402,Input,24.722387313842773,0.7914412617683411
LSUI,3028.jpg,Moderate,7.390944004058838,Input,22.383005142211914,0.7985640168190002
LSUI,3021.jpg,Severe,8.198833465576172,WWE-UIE,26.66484832763672,0.8560593724250793
LSUI,3022.jpg,Mild,5.963844299316406,WWE-UIE,28.191011428833008,0.9144091606140137
LSUI,3023.jpg,Moderate,7.531673908233643,WWE-UIE,28.478843688964844,0.859913170337677
LSUI,3024.jpg,Mild,3.5788397789001465,WWE-UIE,26.217172622680664,0.8741669654846191
LSUI,3025.jpg,Mild,5.0454630851745605,WWE-UIE,28.213865280151367,0.9084292054176331
LSUI,3026.jpg,Severe,9.22936725616455,WWE-UIE,27.956310272216797,0.8370525240898132
LSUI,3027.jpg,Moderate,6.308157920837402,WWE-UIE,28.409358978271484,0.8042929172515869
LSUI,3028.jpg,Moderate,7.390944004058838,WWE-UIE,28.89898109436035,0.8867227435112
LSUI,3021.jpg,Severe,8.198833465576172,Uniform guide,26.429758071899414,0.8433842062950134
LSUI,3022.jpg,Mild,5.963844299316406,Uniform guide,24.39958953857422,0.8943641185760498
LSUI,3023.jpg,Moderate,7.531673908233643,Uniform guide,19.86672592163086,0.7914546132087708
LSUI,3024.jpg,Mild,3.5788397789001465,Uniform guide,22.108047485351562,0.8322519659996033
LSUI,3025.jpg,Mild,5.0454630851745605,Uniform guide,18.428531646728516,0.8543450236320496
LSUI,3026.jpg,Severe,9.22936725616455,Uniform guide,26.99916648864746,0.8287143111228943
LSUI,3027.jpg,Moderate,6.308157920837402,Uniform guide,26.678936004638672,0.771174967288971
LSUI,3028.jpg,Moderate,7.390944004058838,Uniform guide,27.65831756591797,0.8858625888824463
LSUI,3021.jpg,Severe,8.198833465576172,PROTEUS,27.406435012817383,0.8731197714805603
LSUI,3022.jpg,Mild,5.963844299316406,PROTEUS,28.12103271484375,0.9124815464019775
LSUI,3023.jpg,Moderate,7.531673908233643,PROTEUS,27.973451614379883,0.8604359030723572
LSUI,3024.jpg,Mild,3.5788397789001465,PROTEUS,25.185855865478516,0.8737375140190125
LSUI,3025.jpg,Mild,5.0454630851745605,PROTEUS,28.84344482421875,0.9101054072380066
LSUI,3026.jpg,Severe,9.22936725616455,PROTEUS,27.196109771728516,0.8352671265602112
LSUI,3027.jpg,Moderate,6.308157920837402,PROTEUS,27.206554412841797,0.7930977940559387
LSUI,3028.jpg,Moderate,7.390944004058838,PROTEUS,26.92202377319336,0.8450396656990051
LSUI,3029.jpg,Moderate,6.833888530731201,Input,17.184982299804688,0.8473865985870361
LSUI,3030.jpg,Moderate,6.599025249481201,Input,20.791305541992188,0.8371155261993408
LSUI,3031.jpg,Mild,4.816196918487549,Input,24.088991165161133,0.9135474562644958
LSUI,3032.jpg,Mild,5.1482696533203125,Input,22.23954200744629,0.8404697775840759
LSUI,3033.jpg,Mild,4.823538780212402,Input,18.424833297729492,0.8121429085731506
LSUI,3034.jpg,Mild,4.284116744995117,Input,18.955429077148438,0.827465295791626
LSUI,3035.jpg,Mild,4.688815116882324,Input,20.20383644104004,0.8603842258453369
LSUI,3036.jpg,Moderate,7.700192451477051,Input,21.8995361328125,0.7839498519897461
LSUI,3029.jpg,Moderate,6.833888530731201,WWE-UIE,29.7733211517334,0.9067789912223816
LSUI,3030.jpg,Moderate,6.599025249481201,WWE-UIE,26.458837509155273,0.9095816016197205
LSUI,3031.jpg,Mild,4.816196918487549,WWE-UIE,28.664871215820312,0.9408977031707764
LSUI,3032.jpg,Mild,5.1482696533203125,WWE-UIE,30.325414657592773,0.9033796191215515
LSUI,3033.jpg,Mild,4.823538780212402,WWE-UIE,26.626327514648438,0.8979089856147766
LSUI,3034.jpg,Mild,4.284116744995117,WWE-UIE,27.51699447631836,0.917973518371582
LSUI,3035.jpg,Mild,4.688815116882324,WWE-UIE,27.269824981689453,0.9231696128845215
LSUI,3036.jpg,Moderate,7.700192451477051,WWE-UIE,26.35057830810547,0.8519501686096191
LSUI,3029.jpg,Moderate,6.833888530731201,Uniform guide,28.156646728515625,0.907559871673584
LSUI,3030.jpg,Moderate,6.599025249481201,Uniform guide,18.876787185668945,0.8470402359962463
LSUI,3031.jpg,Mild,4.816196918487549,Uniform guide,26.09535026550293,0.9028738141059875
LSUI,3032.jpg,Mild,5.1482696533203125,Uniform guide,30.060272216796875,0.9007793068885803
LSUI,3033.jpg,Mild,4.823538780212402,Uniform guide,25.100927352905273,0.8754135966300964
LSUI,3034.jpg,Mild,4.284116744995117,Uniform guide,23.306533813476562,0.8602270483970642
LSUI,3035.jpg,Mild,4.688815116882324,Uniform guide,26.026792526245117,0.9203971028327942
LSUI,3036.jpg,Moderate,7.700192451477051,Uniform guide,27.130517959594727,0.8615793585777283
LSUI,3029.jpg,Moderate,6.833888530731201,PROTEUS,29.350143432617188,0.9112743735313416
LSUI,3030.jpg,Moderate,6.599025249481201,PROTEUS,27.92369842529297,0.9136519432067871
LSUI,3031.jpg,Mild,4.816196918487549,PROTEUS,27.35610580444336,0.9328548312187195
LSUI,3032.jpg,Mild,5.1482696533203125,PROTEUS,30.06777000427246,0.9015652537345886
LSUI,3033.jpg,Mild,4.823538780212402,PROTEUS,27.108238220214844,0.9005141258239746
LSUI,3034.jpg,Mild,4.284116744995117,PROTEUS,28.279911041259766,0.9189221262931824
LSUI,3035.jpg,Mild,4.688815116882324,PROTEUS,27.512271881103516,0.9239962100982666
LSUI,3036.jpg,Moderate,7.700192451477051,PROTEUS,27.41381072998047,0.8605759739875793
LSUI,3037.jpg,Moderate,7.198426246643066,Input,18.378820419311523,0.7588617205619812
LSUI,3038.jpg,Mild,5.5658369064331055,Input,20.302627563476562,0.8441896438598633
LSUI,3039.jpg,Mild,5.031431198120117,Input,19.025386810302734,0.8219053149223328
LSUI,3040.jpg,Moderate,6.949172496795654,Input,22.71823501586914,0.8058478236198425
LSUI,3041.jpg,Moderate,6.5394487380981445,Input,18.461231231689453,0.8329634070396423
LSUI,3042.jpg,Moderate,6.4180779457092285,Input,19.799840927124023,0.8544848561286926
LSUI,3043.jpg,Mild,2.116826295852661,Input,16.13986587524414,0.8278589844703674
LSUI,3044.jpg,Severe,10.224639892578125,Input,17.856281280517578,0.8273813128471375
LSUI,3037.jpg,Moderate,7.198426246643066,WWE-UIE,29.8719425201416,0.8980007767677307
LSUI,3038.jpg,Mild,5.5658369064331055,WWE-UIE,27.73799705505371,0.9215282797813416
LSUI,3039.jpg,Mild,5.031431198120117,WWE-UIE,28.427248001098633,0.9090747237205505
LSUI,3040.jpg,Moderate,6.949172496795654,WWE-UIE,28.363916397094727,0.8476372361183167
LSUI,3041.jpg,Moderate,6.5394487380981445,WWE-UIE,28.750886917114258,0.9075494408607483
LSUI,3042.jpg,Moderate,6.4180779457092285,WWE-UIE,28.638669967651367,0.9328843951225281
LSUI,3043.jpg,Mild,2.116826295852661,WWE-UIE,18.242246627807617,0.8393487334251404
LSUI,3044.jpg,Severe,10.224639892578125,WWE-UIE,28.443801879882812,0.9020801186561584
LSUI,3037.jpg,Moderate,7.198426246643066,Uniform guide,24.520668029785156,0.8585309386253357
LSUI,3038.jpg,Mild,5.5658369064331055,Uniform guide,23.611034393310547,0.9000673294067383
LSUI,3039.jpg,Mild,5.031431198120117,Uniform guide,29.01583480834961,0.9072250723838806
LSUI,3040.jpg,Moderate,6.949172496795654,Uniform guide,28.102584838867188,0.8893170356750488
LSUI,3041.jpg,Moderate,6.5394487380981445,Uniform guide,21.1187744140625,0.8752660751342773
LSUI,3042.jpg,Moderate,6.4180779457092285,Uniform guide,24.533153533935547,0.9189327359199524
LSUI,3043.jpg,Mild,2.116826295852661,Uniform guide,22.332563400268555,0.8604884147644043
LSUI,3044.jpg,Severe,10.224639892578125,Uniform guide,23.7535457611084,0.8927987217903137
LSUI,3037.jpg,Moderate,7.198426246643066,PROTEUS,29.800724029541016,0.9029501080513
LSUI,3038.jpg,Mild,5.5658369064331055,PROTEUS,28.770671844482422,0.9212965965270996
LSUI,3039.jpg,Mild,5.031431198120117,PROTEUS,30.957530975341797,0.9102657437324524
LSUI,3040.jpg,Moderate,6.949172496795654,PROTEUS,28.641536712646484,0.8910872936248779
LSUI,3041.jpg,Moderate,6.5394487380981445,PROTEUS,29.07123374938965,0.9069262146949768
LSUI,3042.jpg,Moderate,6.4180779457092285,PROTEUS,25.744096755981445,0.9248368144035339
LSUI,3043.jpg,Mild,2.116826295852661,PROTEUS,20.924301147460938,0.8585174083709717
LSUI,3044.jpg,Severe,10.224639892578125,PROTEUS,25.68345832824707,0.89849853515625
LSUI,3045.jpg,Moderate,6.0960893630981445,Input,21.519351959228516,0.8159026503562927
LSUI,3046.jpg,Mild,4.493317604064941,Input,17.560699462890625,0.7624762058258057
LSUI,3047.jpg,Mild,3.6401965618133545,Input,21.159021377563477,0.828579843044281
LSUI,3048.jpg,Moderate,7.0254950523376465,Input,19.424442291259766,0.8768115043640137
LSUI,3049.jpg,Moderate,7.443399906158447,Input,21.47637939453125,0.8239782452583313
LSUI,3050.jpg,Mild,5.0275044441223145,Input,22.538532257080078,0.8511133193969727
LSUI,3051.jpg,Severe,9.134711265563965,Input,21.075408935546875,0.8232650756835938
LSUI,3052.jpg,Moderate,6.571023464202881,Input,17.895153045654297,0.7852099537849426
LSUI,3045.jpg,Moderate,6.0960893630981445,WWE-UIE,26.564613342285156,0.8854640126228333
LSUI,3046.jpg,Mild,4.493317604064941,WWE-UIE,24.46538543701172,0.8939077854156494
LSUI,3047.jpg,Mild,3.6401965618133545,WWE-UIE,27.205198287963867,0.9186643958091736
LSUI,3048.jpg,Moderate,7.0254950523376465,WWE-UIE,28.228418350219727,0.942296028137207
LSUI,3049.jpg,Moderate,7.443399906158447,WWE-UIE,29.424232482910156,0.9088390469551086
LSUI,3050.jpg,Mild,5.0275044441223145,WWE-UIE,26.288162231445312,0.9165559411048889
LSUI,3051.jpg,Severe,9.134711265563965,WWE-UIE,26.724895477294922,0.8053109645843506
LSUI,3052.jpg,Moderate,6.571023464202881,WWE-UIE,25.058494567871094,0.8868474364280701
LSUI,3045.jpg,Moderate,6.0960893630981445,Uniform guide,17.049068450927734,0.7696076035499573
LSUI,3046.jpg,Mild,4.493317604064941,Uniform guide,20.935258865356445,0.8246229290962219
LSUI,3047.jpg,Mild,3.6401965618133545,Uniform guide,25.94997215270996,0.9057361483573914
LSUI,3048.jpg,Moderate,7.0254950523376465,Uniform guide,26.175745010375977,0.9324538111686707
LSUI,3049.jpg,Moderate,7.443399906158447,Uniform guide,25.984304428100586,0.8818721771240234
LSUI,3050.jpg,Mild,5.0275044441223145,Uniform guide,20.137371063232422,0.8664095997810364
LSUI,3051.jpg,Severe,9.134711265563965,Uniform guide,23.843706130981445,0.8289003372192383
LSUI,3052.jpg,Moderate,6.571023464202881,Uniform guide,22.513553619384766,0.8512399792671204
LSUI,3045.jpg,Moderate,6.0960893630981445,PROTEUS,27.9185791015625,0.8881306052207947
LSUI,3046.jpg,Mild,4.493317604064941,PROTEUS,25.92618751525879,0.9002346992492676
LSUI,3047.jpg,Mild,3.6401965618133545,PROTEUS,27.73227310180664,0.9208054542541504
LSUI,3048.jpg,Moderate,7.0254950523376465,PROTEUS,27.99566078186035,0.9413701891899109
LSUI,3049.jpg,Moderate,7.443399906158447,PROTEUS,27.502120971679688,0.8927062153816223
LSUI,3050.jpg,Mild,5.0275044441223145,PROTEUS,26.792217254638672,0.9213964939117432
LSUI,3051.jpg,Severe,9.134711265563965,PROTEUS,27.45751953125,0.8631062507629395
LSUI,3052.jpg,Moderate,6.571023464202881,PROTEUS,25.5302734375,0.8877132534980774
LSUI,3053.jpg,Mild,4.306364059448242,Input,20.272600173950195,0.8320934176445007
LSUI,3054.jpg,Severe,8.33626937866211,Input,19.895401000976562,0.8572594523429871
LSUI,3055.jpg,Mild,3.921379566192627,Input,24.122665405273438,0.84136962890625
LSUI,3056.jpg,Mild,4.8198442459106445,Input,23.14317512512207,0.7884673476219177
LSUI,3057.jpg,Moderate,7.348884582519531,Input,19.08403205871582,0.7909085750579834
LSUI,3058.jpg,Mild,4.715971946716309,Input,22.591054916381836,0.9104130864143372
LSUI,3059.jpg,Mild,5.707220554351807,Input,19.835031509399414,0.7774898409843445
LSUI,3060.jpg,Mild,4.487638473510742,Input,19.308019638061523,0.8019478917121887
LSUI,3053.jpg,Mild,4.306364059448242,WWE-UIE,28.640859603881836,0.8996507525444031
LSUI,3054.jpg,Severe,8.33626937866211,WWE-UIE,27.754138946533203,0.928053081035614
LSUI,3055.jpg,Mild,3.921379566192627,WWE-UIE,30.46109390258789,0.908505380153656
LSUI,3056.jpg,Mild,4.8198442459106445,WWE-UIE,29.62248992919922,0.8926796913146973
LSUI,3057.jpg,Moderate,7.348884582519531,WWE-UIE,28.176937103271484,0.9005804061889648
LSUI,3058.jpg,Mild,4.715971946716309,WWE-UIE,32.35167694091797,0.950983464717865
LSUI,3059.jpg,Mild,5.707220554351807,WWE-UIE,25.672399520874023,0.8654530644416809
LSUI,3060.jpg,Mild,4.487638473510742,WWE-UIE,27.434053421020508,0.913512647151947
LSUI,3053.jpg,Mild,4.306364059448242,Uniform guide,27.160757064819336,0.873675525188446
LSUI,3054.jpg,Severe,8.33626937866211,Uniform guide,27.49397087097168,0.9258973598480225
LSUI,3055.jpg,Mild,3.921379566192627,Uniform guide,29.495637893676758,0.9017080664634705
LSUI,3056.jpg,Mild,4.8198442459106445,Uniform guide,28.81033706665039,0.8670879006385803
LSUI,3057.jpg,Moderate,7.348884582519531,Uniform guide,21.12847137451172,0.8638665080070496
LSUI,3058.jpg,Mild,4.715971946716309,Uniform guide,31.286884307861328,0.9508075714111328
LSUI,3059.jpg,Mild,5.707220554351807,Uniform guide,20.344070434570312,0.8114470839500427
LSUI,3060.jpg,Mild,4.487638473510742,Uniform guide,22.822751998901367,0.8884966373443604
LSUI,3053.jpg,Mild,4.306364059448242,PROTEUS,28.985166549682617,0.9030332565307617
LSUI,3054.jpg,Severe,8.33626937866211,PROTEUS,27.88821029663086,0.9263626933097839
LSUI,3055.jpg,Mild,3.921379566192627,PROTEUS,29.498783111572266,0.9057039618492126
LSUI,3056.jpg,Mild,4.8198442459106445,PROTEUS,28.818923950195312,0.8731854557991028
LSUI,3057.jpg,Moderate,7.348884582519531,PROTEUS,27.597854614257812,0.9046589732170105
LSUI,3058.jpg,Mild,4.715971946716309,PROTEUS,30.891265869140625,0.9521029591560364
LSUI,3059.jpg,Mild,5.707220554351807,PROTEUS,26.64898681640625,0.8675131797790527
LSUI,3060.jpg,Mild,4.487638473510742,PROTEUS,25.530498504638672,0.9068723320960999
LSUI,3061.jpg,Mild,2.837677001953125,Input,18.100597381591797,0.852466881275177
LSUI,3062.jpg,Moderate,6.343686103820801,Input,22.110198974609375,0.8687069416046143
LSUI,3063.jpg,Moderate,7.3268961906433105,Input,21.86458396911621,0.81812983751297
LSUI,3064.jpg,Severe,8.316557884216309,Input,21.52987289428711,0.7851578593254089
LSUI,3065.jpg,Moderate,6.222077369689941,Input,20.237749099731445,0.8081449866294861
LSUI,3066.jpg,Moderate,6.929110527038574,Input,20.158479690551758,0.8321951031684875
LSUI,3067.jpg,Moderate,6.144883155822754,Input,21.172142028808594,0.8621593117713928
LSUI,3068.jpg,Mild,5.658064365386963,Input,21.674758911132812,0.8345394730567932
LSUI,3061.jpg,Mild,2.837677001953125,WWE-UIE,27.07436752319336,0.9189663529396057
LSUI,3062.jpg,Moderate,6.343686103820801,WWE-UIE,28.519168853759766,0.9327865242958069
LSUI,3063.jpg,Moderate,7.3268961906433105,WWE-UIE,26.481847763061523,0.8711152672767639
LSUI,3064.jpg,Severe,8.316557884216309,WWE-UIE,28.906612396240234,0.8608131408691406
LSUI,3065.jpg,Moderate,6.222077369689941,WWE-UIE,29.252262115478516,0.8923438191413879
LSUI,3066.jpg,Moderate,6.929110527038574,WWE-UIE,28.406097412109375,0.9161093831062317
LSUI,3067.jpg,Moderate,6.144883155822754,WWE-UIE,27.92593765258789,0.926322877407074
LSUI,3068.jpg,Mild,5.658064365386963,WWE-UIE,26.729415893554688,0.9009719491004944
LSUI,3061.jpg,Mild,2.837677001953125,Uniform guide,26.685266494750977,0.9178774356842041
LSUI,3062.jpg,Moderate,6.343686103820801,Uniform guide,27.834583282470703,0.9012765884399414
LSUI,3063.jpg,Moderate,7.3268961906433105,Uniform guide,25.379531860351562,0.8602601885795593
LSUI,3064.jpg,Severe,8.316557884216309,Uniform guide,22.472267150878906,0.797935426235199
LSUI,3065.jpg,Moderate,6.222077369689941,Uniform guide,28.894893646240234,0.8916510939598083
LSUI,3066.jpg,Moderate,6.929110527038574,Uniform guide,28.995765686035156,0.915688693523407
LSUI,3067.jpg,Moderate,6.144883155822754,Uniform guide,22.805694580078125,0.8955872654914856
LSUI,3068.jpg,Mild,5.658064365386963,Uniform guide,23.652603149414062,0.8737329840660095
LSUI,3061.jpg,Mild,2.837677001953125,PROTEUS,28.777175903320312,0.9197125434875488
LSUI,3062.jpg,Moderate,6.343686103820801,PROTEUS,28.450054168701172,0.9314619898796082
LSUI,3063.jpg,Moderate,7.3268961906433105,PROTEUS,27.42168426513672,0.8507168292999268
LSUI,3064.jpg,Severe,8.316557884216309,PROTEUS,29.00366973876953,0.8629123568534851
LSUI,3065.jpg,Moderate,6.222077369689941,PROTEUS,29.317781448364258,0.8925221562385559
LSUI,3066.jpg,Moderate,6.929110527038574,PROTEUS,29.129850387573242,0.9165844321250916
LSUI,3067.jpg,Moderate,6.144883155822754,PROTEUS,26.410114288330078,0.9234611988067627
LSUI,3068.jpg,Mild,5.658064365386963,PROTEUS,26.074893951416016,0.8950789570808411
LSUI,3069.jpg,Moderate,6.677820682525635,Input,21.801326751708984,0.8219522833824158
LSUI,3070.jpg,Moderate,6.184009552001953,Input,20.43708610534668,0.849442183971405
LSUI,3071.jpg,Mild,4.575741291046143,Input,23.07987403869629,0.8120072484016418
LSUI,3072.jpg,Mild,3.5843403339385986,Input,21.198074340820312,0.8399785161018372
LSUI,3073.jpg,Severe,8.162246704101562,Input,19.11191749572754,0.8070324063301086
LSUI,3074.jpg,Mild,3.6193289756774902,Input,19.12143325805664,0.8516268730163574
LSUI,3075.jpg,Moderate,6.289558410644531,Input,21.67740821838379,0.8693026900291443
LSUI,3076.jpg,Moderate,6.935584545135498,Input,20.944950103759766,0.8698078989982605
LSUI,3069.jpg,Moderate,6.677820682525635,WWE-UIE,27.615543365478516,0.899993360042572
LSUI,3070.jpg,Moderate,6.184009552001953,WWE-UIE,28.664573669433594,0.9137353897094727
LSUI,3071.jpg,Mild,4.575741291046143,WWE-UIE,28.080181121826172,0.8844631314277649
LSUI,3072.jpg,Mild,3.5843403339385986,WWE-UIE,27.79172706604004,0.9169921875
LSUI,3073.jpg,Severe,8.162246704101562,WWE-UIE,28.72124671936035,0.9050907492637634
LSUI,3074.jpg,Mild,3.6193289756774902,WWE-UIE,27.969249725341797,0.9378258585929871
LSUI,3075.jpg,Moderate,6.289558410644531,WWE-UIE,29.812042236328125,0.940610408782959
LSUI,3076.jpg,Moderate,6.935584545135498,WWE-UIE,30.165748596191406,0.9268782734870911
LSUI,3069.jpg,Moderate,6.677820682525635,Uniform guide,21.171648025512695,0.8288194537162781
LSUI,3070.jpg,Moderate,6.184009552001953,Uniform guide,29.737985610961914,0.9146394729614258
LSUI,3071.jpg,Mild,4.575741291046143,Uniform guide,18.544334411621094,0.8203778266906738
LSUI,3072.jpg,Mild,3.5843403339385986,Uniform guide,28.105365753173828,0.9165318012237549
LSUI,3073.jpg,Severe,8.162246704101562,Uniform guide,21.384883880615234,0.8579676151275635
LSUI,3074.jpg,Mild,3.6193289756774902,Uniform guide,22.670822143554688,0.9071723818778992
LSUI,3075.jpg,Moderate,6.289558410644531,Uniform guide,29.58443832397461,0.9438567757606506
LSUI,3076.jpg,Moderate,6.935584545135498,Uniform guide,29.20401382446289,0.9234501719474792
LSUI,3069.jpg,Moderate,6.677820682525635,PROTEUS,29.396665573120117,0.9052664637565613
LSUI,3070.jpg,Moderate,6.184009552001953,PROTEUS,31.134187698364258,0.9168963432312012
LSUI,3071.jpg,Mild,4.575741291046143,PROTEUS,28.68607521057129,0.8940302729606628
LSUI,3072.jpg,Mild,3.5843403339385986,PROTEUS,28.42303466796875,0.9184465408325195
LSUI,3073.jpg,Severe,8.162246704101562,PROTEUS,29.1290283203125,0.9058852195739746
LSUI,3074.jpg,Mild,3.6193289756774902,PROTEUS,27.872493743896484,0.9360659718513489
LSUI,3075.jpg,Moderate,6.289558410644531,PROTEUS,29.84784698486328,0.9451243877410889
LSUI,3076.jpg,Moderate,6.935584545135498,PROTEUS,29.155715942382812,0.9244449734687805
LSUI,3077.jpg,Mild,4.3470001220703125,Input,18.534996032714844,0.8064289093017578
LSUI,3078.jpg,Moderate,6.853799819946289,Input,23.293777465820312,0.8284978866577148
LSUI,3079.jpg,Mild,4.067289352416992,Input,21.503915786743164,0.7761260867118835
LSUI,3080.jpg,Mild,5.957526206970215,Input,22.313547134399414,0.8804497718811035
LSUI,3081.jpg,Severe,9.217418670654297,Input,19.516828536987305,0.7935517430305481
LSUI,3082.jpg,Moderate,6.9391865730285645,Input,22.356908798217773,0.8399161696434021
LSUI,3083.jpg,Mild,2.924832344055176,Input,16.45736312866211,0.788539469242096
LSUI,3084.jpg,Mild,4.552121639251709,Input,20.671823501586914,0.8181098103523254
LSUI,3077.jpg,Mild,4.3470001220703125,WWE-UIE,25.38791275024414,0.8827510476112366
LSUI,3078.jpg,Moderate,6.853799819946289,WWE-UIE,29.60420799255371,0.9107742309570312
LSUI,3079.jpg,Mild,4.067289352416992,WWE-UIE,27.377931594848633,0.8606142401695251
LSUI,3080.jpg,Mild,5.957526206970215,WWE-UIE,28.204710006713867,0.9159631133079529
LSUI,3081.jpg,Severe,9.217418670654297,WWE-UIE,27.076435089111328,0.904005229473114
LSUI,3082.jpg,Moderate,6.9391865730285645,WWE-UIE,27.26090431213379,0.9043123126029968
LSUI,3083.jpg,Mild,2.924832344055176,WWE-UIE,24.036636352539062,0.8962430953979492
LSUI,3084.jpg,Mild,4.552121639251709,WWE-UIE,27.267436981201172,0.8978652358055115
LSUI,3077.jpg,Mild,4.3470001220703125,Uniform guide,19.921323776245117,0.8053178191184998
LSUI,3078.jpg,Moderate,6.853799819946289,Uniform guide,26.331703186035156,0.8963120579719543
LSUI,3079.jpg,Mild,4.067289352416992,Uniform guide,22.813844680786133,0.8391886353492737
LSUI,3080.jpg,Mild,5.957526206970215,Uniform guide,27.848548889160156,0.9130743145942688
LSUI,3081.jpg,Severe,9.217418670654297,Uniform guide,19.213960647583008,0.8213030695915222
LSUI,3082.jpg,Moderate,6.9391865730285645,Uniform guide,27.907028198242188,0.901665449142456
LSUI,3083.jpg,Mild,2.924832344055176,Uniform guide,18.992935180664062,0.7875351905822754
LSUI,3084.jpg,Mild,4.552121639251709,Uniform guide,22.864343643188477,0.8677739500999451
LSUI,3077.jpg,Mild,4.3470001220703125,PROTEUS,28.231605529785156,0.8896992802619934
LSUI,3078.jpg,Moderate,6.853799819946289,PROTEUS,29.437068939208984,0.9142383933067322
LSUI,3079.jpg,Mild,4.067289352416992,PROTEUS,27.99933433532715,0.864215075969696
LSUI,3080.jpg,Mild,5.957526206970215,PROTEUS,27.251968383789062,0.9118477702140808
LSUI,3081.jpg,Severe,9.217418670654297,PROTEUS,31.097251892089844,0.9115021824836731
LSUI,3082.jpg,Moderate,6.9391865730285645,PROTEUS,28.90714454650879,0.8819804191589355
LSUI,3083.jpg,Mild,2.924832344055176,PROTEUS,25.45998764038086,0.8984454274177551
LSUI,3084.jpg,Mild,4.552121639251709,PROTEUS,27.078611373901367,0.8955633640289307
LSUI,3085.jpg,Severe,9.862863540649414,Input,21.73907470703125,0.8219680786132812
LSUI,3086.jpg,Mild,5.685690402984619,Input,20.454139709472656,0.834942102432251
LSUI,3087.jpg,Moderate,6.733147621154785,Input,22.69470977783203,0.8036696910858154
LSUI,3088.jpg,Severe,8.201327323913574,Input,19.669939041137695,0.7639816403388977
LSUI,3089.jpg,Severe,8.129585266113281,Input,20.528867721557617,0.8810983300209045
LSUI,3090.jpg,Severe,9.679265022277832,Input,18.807723999023438,0.8297555446624756
LSUI,3091.jpg,Moderate,6.578815460205078,Input,23.058149337768555,0.8409460186958313
LSUI,3092.jpg,Mild,3.2940056324005127,Input,20.030712127685547,0.8418848514556885
LSUI,3085.jpg,Severe,9.862863540649414,WWE-UIE,31.394166946411133,0.8825087547302246
LSUI,3086.jpg,Mild,5.685690402984619,WWE-UIE,24.859329223632812,0.8900114893913269
LSUI,3087.jpg,Moderate,6.733147621154785,WWE-UIE,27.847402572631836,0.8711175918579102
LSUI,3088.jpg,Severe,8.201327323913574,WWE-UIE,26.50958824157715,0.8727302551269531
LSUI,3089.jpg,Severe,8.129585266113281,WWE-UIE,29.500953674316406,0.9185667037963867
LSUI,3090.jpg,Severe,9.679265022277832,WWE-UIE,29.067583084106445,0.8989192843437195
LSUI,3091.jpg,Moderate,6.578815460205078,WWE-UIE,27.086929321289062,0.8856806755065918
LSUI,3092.jpg,Mild,3.2940056324005127,WWE-UIE,30.292966842651367,0.9167482256889343
LSUI,3085.jpg,Severe,9.862863540649414,Uniform guide,25.202360153198242,0.8569789528846741
LSUI,3086.jpg,Mild,5.685690402984619,Uniform guide,22.31991195678711,0.8583181500434875
LSUI,3087.jpg,Moderate,6.733147621154785,Uniform guide,25.931861877441406,0.8416773676872253
LSUI,3088.jpg,Severe,8.201327323913574,Uniform guide,19.905454635620117,0.7452722191810608
LSUI,3089.jpg,Severe,8.129585266113281,Uniform guide,23.76941680908203,0.9161539077758789
LSUI,3090.jpg,Severe,9.679265022277832,Uniform guide,25.96187973022461,0.8879542946815491
LSUI,3091.jpg,Moderate,6.578815460205078,Uniform guide,26.236454010009766,0.815178632736206
LSUI,3092.jpg,Mild,3.2940056324005127,Uniform guide,22.390514373779297,0.883520781993866
LSUI,3085.jpg,Severe,9.862863540649414,PROTEUS,30.419776916503906,0.8809936046600342
LSUI,3086.jpg,Mild,5.685690402984619,PROTEUS,24.461881637573242,0.8897101283073425
LSUI,3087.jpg,Moderate,6.733147621154785,PROTEUS,27.999553680419922,0.8761149048805237
LSUI,3088.jpg,Severe,8.201327323913574,PROTEUS,27.0345458984375,0.8792464137077332
LSUI,3089.jpg,Severe,8.129585266113281,PROTEUS,29.253101348876953,0.9297516942024231
LSUI,3090.jpg,Severe,9.679265022277832,PROTEUS,26.97617530822754,0.8955203890800476
LSUI,3091.jpg,Moderate,6.578815460205078,PROTEUS,27.65251922607422,0.8542763590812683
LSUI,3092.jpg,Mild,3.2940056324005127,PROTEUS,30.48762321472168,0.9172203540802002
LSUI,3093.jpg,Moderate,6.891269683837891,Input,22.554969787597656,0.8045363426208496
LSUI,3094.jpg,Moderate,6.705133438110352,Input,21.378992080688477,0.8542096614837646
LSUI,3095.jpg,Mild,5.067385196685791,Input,20.220558166503906,0.8461912274360657
LSUI,3096.jpg,Severe,7.991580486297607,Input,20.832321166992188,0.8209890723228455
LSUI,3097.jpg,Severe,13.504586219787598,Input,18.834869384765625,0.8089969754219055
LSUI,3098.jpg,Severe,8.75677490234375,Input,20.389535903930664,0.8234965801239014
LSUI,3099.jpg,Mild,5.805680274963379,Input,21.69806480407715,0.84861820936203
LSUI,3100.jpg,Mild,5.398457050323486,Input,21.975658416748047,0.8114635348320007
LSUI,3093.jpg,Moderate,6.891269683837891,WWE-UIE,26.857181549072266,0.867307186126709
LSUI,3094.jpg,Moderate,6.705133438110352,WWE-UIE,29.053647994995117,0.9232649803161621
LSUI,3095.jpg,Mild,5.067385196685791,WWE-UIE,24.626819610595703,0.9215424656867981
LSUI,3096.jpg,Severe,7.991580486297607,WWE-UIE,30.52001953125,0.9001380801200867
LSUI,3097.jpg,Severe,13.504586219787598,WWE-UIE,27.863658905029297,0.8858823776245117
LSUI,3098.jpg,Severe,8.75677490234375,WWE-UIE,29.816532135009766,0.9155939221382141
LSUI,3099.jpg,Mild,5.805680274963379,WWE-UIE,26.145658493041992,0.9112346768379211
LSUI,3100.jpg,Mild,5.398457050323486,WWE-UIE,28.18946647644043,0.8691837191581726
LSUI,3093.jpg,Moderate,6.891269683837891,Uniform guide,24.756336212158203,0.8594825863838196
LSUI,3094.jpg,Moderate,6.705133438110352,Uniform guide,28.94219207763672,0.9245590567588806
LSUI,3095.jpg,Mild,5.067385196685791,Uniform guide,20.327014923095703,0.8833550810813904
LSUI,3096.jpg,Severe,7.991580486297607,Uniform guide,23.591718673706055,0.8623315691947937
LSUI,3097.jpg,Severe,13.504586219787598,Uniform guide,26.81131362915039,0.8790684342384338
LSUI,3098.jpg,Severe,8.75677490234375,Uniform guide,22.177448272705078,0.8657660484313965
LSUI,3099.jpg,Mild,5.805680274963379,Uniform guide,21.65912437438965,0.8602973818778992
LSUI,3100.jpg,Mild,5.398457050323486,Uniform guide,21.390575408935547,0.8317039608955383
LSUI,3093.jpg,Moderate,6.891269683837891,PROTEUS,27.644575119018555,0.8824288249015808
LSUI,3094.jpg,Moderate,6.705133438110352,PROTEUS,29.63047218322754,0.9253118634223938
LSUI,3095.jpg,Mild,5.067385196685791,PROTEUS,26.101085662841797,0.9240567684173584
LSUI,3096.jpg,Severe,7.991580486297607,PROTEUS,29.903013229370117,0.904900848865509
LSUI,3097.jpg,Severe,13.504586219787598,PROTEUS,27.628093719482422,0.8856292366981506
LSUI,3098.jpg,Severe,8.75677490234375,PROTEUS,31.73731803894043,0.9223524928092957
LSUI,3099.jpg,Mild,5.805680274963379,PROTEUS,26.278383255004883,0.9140915274620056
LSUI,3100.jpg,Mild,5.398457050323486,PROTEUS,27.439592361450195,0.8701960444450378
LSUI,3997.jpg,Mild,5.321595191955566,Input,22.80032730102539,0.8421196937561035
LSUI,3998.jpg,Moderate,6.8684515953063965,Input,20.429275512695312,0.8471949696540833
LSUI,3999.jpg,Mild,4.660969257354736,Input,18.29302215576172,0.8494770526885986
LSUI,4000.jpg,Severe,8.925676345825195,Input,17.04045867919922,0.8384296298027039
LSUI,4001.jpg,Moderate,6.334118366241455,Input,22.137584686279297,0.8310129046440125
LSUI,4002.jpg,Mild,4.698115825653076,Input,18.97457504272461,0.7802462577819824
LSUI,4003.jpg,Moderate,7.518050670623779,Input,20.575239181518555,0.8806492686271667
LSUI,4004.jpg,Moderate,6.91425085067749,Input,23.515731811523438,0.8901780247688293
LSUI,3997.jpg,Mild,5.321595191955566,WWE-UIE,31.209850311279297,0.9051397442817688
LSUI,3998.jpg,Moderate,6.8684515953063965,WWE-UIE,29.628084182739258,0.9364571571350098
LSUI,3999.jpg,Mild,4.660969257354736,WWE-UIE,29.2628173828125,0.9389936327934265
LSUI,4000.jpg,Severe,8.925676345825195,WWE-UIE,19.053386688232422,0.891880214214325
LSUI,4001.jpg,Moderate,6.334118366241455,WWE-UIE,28.67339324951172,0.896766722202301
LSUI,4002.jpg,Mild,4.698115825653076,WWE-UIE,29.560245513916016,0.9261094927787781
LSUI,4003.jpg,Moderate,7.518050670623779,WWE-UIE,23.558923721313477,0.9314274191856384
LSUI,4004.jpg,Moderate,6.91425085067749,WWE-UIE,27.623550415039062,0.9064781069755554
LSUI,3997.jpg,Mild,5.321595191955566,Uniform guide,31.223371505737305,0.8916377425193787
LSUI,3998.jpg,Moderate,6.8684515953063965,Uniform guide,31.13848876953125,0.9383671879768372
LSUI,3999.jpg,Mild,4.660969257354736,Uniform guide,25.680248260498047,0.9107906222343445
LSUI,4000.jpg,Severe,8.925676345825195,Uniform guide,20.3873291015625,0.8831179738044739
LSUI,4001.jpg,Moderate,6.334118366241455,Uniform guide,30.140792846679688,0.9189909100532532
LSUI,4002.jpg,Mild,4.698115825653076,Uniform guide,27.855926513671875,0.9170390963554382
LSUI,4003.jpg,Moderate,7.518050670623779,Uniform guide,24.497055053710938,0.9319018721580505
LSUI,4004.jpg,Moderate,6.91425085067749,Uniform guide,24.12832260131836,0.7706758379936218
LSUI,3997.jpg,Mild,5.321595191955566,PROTEUS,31.616214752197266,0.8999523520469666
LSUI,3998.jpg,Moderate,6.8684515953063965,PROTEUS,32.122474670410156,0.9413943886756897
LSUI,3999.jpg,Mild,4.660969257354736,PROTEUS,28.380573272705078,0.9359424710273743
LSUI,4000.jpg,Severe,8.925676345825195,PROTEUS,22.434513092041016,0.9020791053771973
LSUI,4001.jpg,Moderate,6.334118366241455,PROTEUS,30.387666702270508,0.9176846146583557
LSUI,4002.jpg,Mild,4.698115825653076,PROTEUS,30.038299560546875,0.926971435546875
LSUI,4003.jpg,Moderate,7.518050670623779,PROTEUS,26.149887084960938,0.9368338584899902
LSUI,4004.jpg,Moderate,6.91425085067749,PROTEUS,30.178722381591797,0.8402950763702393
LSUI,4005.jpg,Moderate,7.142219066619873,Input,21.24896240234375,0.8479478359222412
LSUI,4006.jpg,Severe,8.204176902770996,Input,19.056041717529297,0.8355639576911926
LSUI,4007.jpg,Moderate,5.983578681945801,Input,16.07172393798828,0.7768366932868958
LSUI,4008.jpg,Moderate,7.077466011047363,Input,18.26437759399414,0.8018176555633545
LSUI,4009.jpg,Mild,3.8136162757873535,Input,23.892717361450195,0.8238406181335449
LSUI,4010.jpg,Moderate,7.371936321258545,Input,19.786239624023438,0.8314643502235413
LSUI,4011.jpg,Moderate,6.98835563659668,Input,21.708524703979492,0.8171005249023438
LSUI,4012.jpg,Mild,4.780290126800537,Input,18.870651245117188,0.8390138149261475
LSUI,4005.jpg,Moderate,7.142219066619873,WWE-UIE,29.305103302001953,0.9216334223747253
LSUI,4006.jpg,Severe,8.204176902770996,WWE-UIE,28.86354637145996,0.9322546124458313
LSUI,4007.jpg,Moderate,5.983578681945801,WWE-UIE,18.768415451049805,0.8547852635383606
LSUI,4008.jpg,Moderate,7.077466011047363,WWE-UIE,28.594249725341797,0.9179463386535645
LSUI,4009.jpg,Mild,3.8136162757873535,WWE-UIE,27.358224868774414,0.8844581246376038
LSUI,4010.jpg,Moderate,7.371936321258545,WWE-UIE,30.685958862304688,0.9322862029075623
LSUI,4011.jpg,Moderate,6.98835563659668,WWE-UIE,27.51097869873047,0.9028580784797668
LSUI,4012.jpg,Mild,4.780290126800537,WWE-UIE,28.656856536865234,0.9281908869743347
LSUI,4005.jpg,Moderate,7.142219066619873,Uniform guide,28.68181037902832,0.9121578335762024
LSUI,4006.jpg,Severe,8.204176902770996,Uniform guide,24.32443618774414,0.9198394417762756
LSUI,4007.jpg,Moderate,5.983578681945801,Uniform guide,15.75318431854248,0.7259654402732849
LSUI,4008.jpg,Moderate,7.077466011047363,Uniform guide,20.13575553894043,0.8319613337516785
LSUI,4009.jpg,Mild,3.8136162757873535,Uniform guide,26.612159729003906,0.8827727437019348
LSUI,4010.jpg,Moderate,7.371936321258545,Uniform guide,23.734813690185547,0.9110508561134338
LSUI,4011.jpg,Moderate,6.98835563659668,Uniform guide,22.1799259185791,0.8654346466064453
LSUI,4012.jpg,Mild,4.780290126800537,Uniform guide,23.031776428222656,0.8853839039802551
LSUI,4005.jpg,Moderate,7.142219066619873,PROTEUS,29.65032386779785,0.9196386337280273
LSUI,4006.jpg,Severe,8.204176902770996,PROTEUS,26.51258659362793,0.9304124712944031
LSUI,4007.jpg,Moderate,5.983578681945801,PROTEUS,18.392202377319336,0.8606346249580383
LSUI,4008.jpg,Moderate,7.077466011047363,PROTEUS,30.383560180664062,0.9200766086578369
LSUI,4009.jpg,Mild,3.8136162757873535,PROTEUS,27.633312225341797,0.8812296390533447
LSUI,4010.jpg,Moderate,7.371936321258545,PROTEUS,28.211868286132812,0.9285566210746765
LSUI,4011.jpg,Moderate,6.98835563659668,PROTEUS,27.909067153930664,0.9061548113822937
LSUI,4012.jpg,Mild,4.780290126800537,PROTEUS,30.1975040435791,0.9319117665290833
LSUI,4013.jpg,Mild,5.88251256942749,Input,20.025497436523438,0.8462150692939758
LSUI,4014.jpg,Moderate,6.120448112487793,Input,20.530757904052734,0.8396193981170654
LSUI,4015.jpg,Mild,5.938263893127441,Input,21.34149742126465,0.839263916015625
LSUI,4016.jpg,Moderate,7.021871089935303,Input,24.089948654174805,0.7991833686828613
LSUI,4017.jpg,Moderate,7.123383045196533,Input,22.541481018066406,0.8536025881767273
LSUI,4018.jpg,Severe,7.99863862991333,Input,22.346303939819336,0.7779731750488281
LSUI,4019.jpg,Mild,3.246859073638916,Input,23.527687072753906,0.912935733795166
LSUI,4020.jpg,Moderate,7.858482837677002,Input,21.35179328918457,0.8205706477165222
LSUI,4013.jpg,Mild,5.88251256942749,WWE-UIE,27.63544273376465,0.9351832270622253
LSUI,4014.jpg,Moderate,6.120448112487793,WWE-UIE,29.328004837036133,0.9338420033454895
LSUI,4015.jpg,Mild,5.938263893127441,WWE-UIE,29.343311309814453,0.9400299191474915
LSUI,4016.jpg,Moderate,7.021871089935303,WWE-UIE,30.995500564575195,0.8740285038948059
LSUI,4017.jpg,Moderate,7.123383045196533,WWE-UIE,30.972274780273438,0.9133963584899902
LSUI,4018.jpg,Severe,7.99863862991333,WWE-UIE,29.507171630859375,0.8770726323127747
LSUI,4019.jpg,Mild,3.246859073638916,WWE-UIE,31.645172119140625,0.955485999584198
LSUI,4020.jpg,Moderate,7.858482837677002,WWE-UIE,29.627826690673828,0.9151789546012878
LSUI,4013.jpg,Mild,5.88251256942749,Uniform guide,24.669414520263672,0.9097340106964111
LSUI,4014.jpg,Moderate,6.120448112487793,Uniform guide,28.18376922607422,0.9043809771537781
LSUI,4015.jpg,Mild,5.938263893127441,Uniform guide,24.682849884033203,0.9053165316581726
LSUI,4016.jpg,Moderate,7.021871089935303,Uniform guide,28.714609146118164,0.9245839715003967
LSUI,4017.jpg,Moderate,7.123383045196533,Uniform guide,30.02389144897461,0.930902898311615
LSUI,4018.jpg,Severe,7.99863862991333,Uniform guide,16.757783889770508,0.7638490200042725
LSUI,4019.jpg,Mild,3.246859073638916,Uniform guide,30.42150115966797,0.9542352557182312
LSUI,4020.jpg,Moderate,7.858482837677002,Uniform guide,28.59820556640625,0.9421259760856628
LSUI,4013.jpg,Mild,5.88251256942749,PROTEUS,26.564197540283203,0.9298245310783386
LSUI,4014.jpg,Moderate,6.120448112487793,PROTEUS,30.726716995239258,0.9313211441040039
LSUI,4015.jpg,Mild,5.938263893127441,PROTEUS,30.15023422241211,0.9454628825187683
LSUI,4016.jpg,Moderate,7.021871089935303,PROTEUS,29.513015747070312,0.8619902729988098
LSUI,4017.jpg,Moderate,7.123383045196533,PROTEUS,30.98722267150879,0.9396771788597107
LSUI,4018.jpg,Severe,7.99863862991333,PROTEUS,29.830371856689453,0.8902786374092102
LSUI,4019.jpg,Mild,3.246859073638916,PROTEUS,29.80620574951172,0.954078733921051
LSUI,4020.jpg,Moderate,7.858482837677002,PROTEUS,30.087177276611328,0.931471586227417
LSUI,4021.jpg,Moderate,7.8203816413879395,Input,23.851451873779297,0.8984324336051941
LSUI,4022.jpg,Mild,2.4422860145568848,Input,20.75015640258789,0.900424063205719
LSUI,4023.jpg,Mild,4.880586624145508,Input,20.669845581054688,0.8832417130470276
LSUI,4024.jpg,Mild,5.9804911613464355,Input,19.014026641845703,0.8228530287742615
LSUI,4025.jpg,Moderate,7.743285655975342,Input,16.34465789794922,0.8426160216331482
LSUI,4026.jpg,Moderate,7.060817241668701,Input,16.77523422241211,0.8524513840675354
LSUI,4027.jpg,Moderate,7.412188529968262,Input,21.229703903198242,0.8281862735748291
LSUI,4028.jpg,Moderate,6.671209812164307,Input,14.795025825500488,0.8232551217079163
LSUI,4021.jpg,Moderate,7.8203816413879395,WWE-UIE,31.44594383239746,0.9111964702606201
LSUI,4022.jpg,Mild,2.4422860145568848,WWE-UIE,28.58492088317871,0.9373432993888855
LSUI,4023.jpg,Mild,4.880586624145508,WWE-UIE,28.57129669189453,0.9348964691162109
LSUI,4024.jpg,Mild,5.9804911613464355,WWE-UIE,31.328535079956055,0.9425346851348877
LSUI,4025.jpg,Moderate,7.743285655975342,WWE-UIE,26.29734230041504,0.9311308860778809
LSUI,4026.jpg,Moderate,7.060817241668701,WWE-UIE,30.536603927612305,0.9129867553710938
LSUI,4027.jpg,Moderate,7.412188529968262,WWE-UIE,27.921890258789062,0.9137217998504639
LSUI,4028.jpg,Moderate,6.671209812164307,WWE-UIE,25.358978271484375,0.9110081791877747
LSUI,4021.jpg,Moderate,7.8203816413879395,Uniform guide,29.70966148376465,0.8411005139350891
LSUI,4022.jpg,Mild,2.4422860145568848,Uniform guide,30.141813278198242,0.9407690167427063
LSUI,4023.jpg,Mild,4.880586624145508,Uniform guide,29.703433990478516,0.9349011778831482
LSUI,4024.jpg,Mild,5.9804911613464355,Uniform guide,25.25018882751465,0.9081182479858398
LSUI,4025.jpg,Moderate,7.743285655975342,Uniform guide,22.71796989440918,0.8872860074043274
LSUI,4026.jpg,Moderate,7.060817241668701,Uniform guide,29.6983699798584,0.9129993915557861
LSUI,4027.jpg,Moderate,7.412188529968262,Uniform guide,24.98855972290039,0.9120866656303406
LSUI,4028.jpg,Moderate,6.671209812164307,Uniform guide,19.215938568115234,0.8939984440803528
LSUI,4021.jpg,Moderate,7.8203816413879395,PROTEUS,31.105449676513672,0.8715865015983582
LSUI,4022.jpg,Mild,2.4422860145568848,PROTEUS,30.05526351928711,0.9403775334358215
LSUI,4023.jpg,Mild,4.880586624145508,PROTEUS,30.52821159362793,0.9368640780448914
LSUI,4024.jpg,Mild,5.9804911613464355,PROTEUS,31.023517608642578,0.9412940144538879
LSUI,4025.jpg,Moderate,7.743285655975342,PROTEUS,28.643814086914062,0.936277449131012
LSUI,4026.jpg,Moderate,7.060817241668701,PROTEUS,28.403730392456055,0.9142811298370361
LSUI,4027.jpg,Moderate,7.412188529968262,PROTEUS,26.81635284423828,0.9061641693115234
LSUI,4028.jpg,Moderate,6.671209812164307,PROTEUS,22.88420867919922,0.9086591601371765
LSUI,4029.jpg,Severe,8.336767196655273,Input,20.51453399658203,0.8647441864013672
LSUI,4030.jpg,Moderate,6.506617546081543,Input,21.437665939331055,0.8060348629951477
LSUI,4031.jpg,Mild,5.755914211273193,Input,21.01872444152832,0.8221657872200012
LSUI,4032.jpg,Mild,5.450655937194824,Input,20.983896255493164,0.877255916595459
LSUI,4033.jpg,Moderate,7.377198219299316,Input,16.054134368896484,0.7614290118217468
LSUI,4034.jpg,Mild,4.9652252197265625,Input,19.969554901123047,0.8668937087059021
LSUI,4035.jpg,Moderate,6.737344741821289,Input,22.84420394897461,0.8312251567840576
LSUI,4036.jpg,Mild,5.713453769683838,Input,19.75286865234375,0.8398826122283936
LSUI,4029.jpg,Severe,8.336767196655273,WWE-UIE,26.423980712890625,0.9249438643455505
LSUI,4030.jpg,Moderate,6.506617546081543,WWE-UIE,30.122167587280273,0.9180436730384827
LSUI,4031.jpg,Mild,5.755914211273193,WWE-UIE,29.19577407836914,0.924544095993042
LSUI,4032.jpg,Mild,5.450655937194824,WWE-UIE,28.000370025634766,0.9546601176261902
LSUI,4033.jpg,Moderate,7.377198219299316,WWE-UIE,18.22111701965332,0.8175085186958313
LSUI,4034.jpg,Mild,4.9652252197265625,WWE-UIE,28.940078735351562,0.9414544701576233
LSUI,4035.jpg,Moderate,6.737344741821289,WWE-UIE,31.180328369140625,0.9127829670906067
LSUI,4036.jpg,Mild,5.713453769683838,WWE-UIE,30.83395004272461,0.9400172829627991
LSUI,4029.jpg,Severe,8.336767196655273,Uniform guide,25.78818130493164,0.9357082843780518
LSUI,4030.jpg,Moderate,6.506617546081543,Uniform guide,23.656579971313477,0.8945915102958679
LSUI,4031.jpg,Mild,5.755914211273193,Uniform guide,29.96627426147461,0.9225553870201111
LSUI,4032.jpg,Mild,5.450655937194824,Uniform guide,27.596736907958984,0.9494115710258484
LSUI,4033.jpg,Moderate,7.377198219299316,Uniform guide,21.563871383666992,0.8468921184539795
LSUI,4034.jpg,Mild,4.9652252197265625,Uniform guide,27.049938201904297,0.9297121167182922
LSUI,4035.jpg,Moderate,6.737344741821289,Uniform guide,28.158233642578125,0.9023445248603821
LSUI,4036.jpg,Mild,5.713453769683838,Uniform guide,27.374473571777344,0.9198617339134216
LSUI,4029.jpg,Severe,8.336767196655273,PROTEUS,30.4433536529541,0.9444284439086914
LSUI,4030.jpg,Moderate,6.506617546081543,PROTEUS,30.208751678466797,0.922882616519928
LSUI,4031.jpg,Mild,5.755914211273193,PROTEUS,30.866703033447266,0.9272584319114685
LSUI,4032.jpg,Mild,5.450655937194824,PROTEUS,28.08884048461914,0.9518287777900696
LSUI,4033.jpg,Moderate,7.377198219299316,PROTEUS,25.65448760986328,0.8988208770751953
LSUI,4034.jpg,Mild,4.9652252197265625,PROTEUS,29.678367614746094,0.9416022896766663
LSUI,4035.jpg,Moderate,6.737344741821289,PROTEUS,31.1426944732666,0.9331914782524109
LSUI,4036.jpg,Mild,5.713453769683838,PROTEUS,30.39862060546875,0.9390046000480652
LSUI,4037.jpg,Mild,2.854731798171997,Input,19.187820434570312,0.8592638969421387
LSUI,4038.jpg,Mild,4.230754852294922,Input,22.42418098449707,0.8941071033477783
LSUI,4039.jpg,Mild,4.053245544433594,Input,23.512447357177734,0.8674781322479248
LSUI,4040.jpg,Severe,8.63021183013916,Input,20.44124984741211,0.8532728552818298
LSUI,4041.jpg,Moderate,6.68104887008667,Input,21.582683563232422,0.8792285919189453
LSUI,4042.jpg,Mild,3.945629596710205,Input,13.957178115844727,0.8527914881706238
LSUI,4043.jpg,Mild,5.8959245681762695,Input,21.575275421142578,0.8527619242668152
LSUI,4044.jpg,Mild,5.618427753448486,Input,18.133800506591797,0.8149760365486145
LSUI,4037.jpg,Mild,2.854731798171997,WWE-UIE,27.47055435180664,0.9228237271308899
LSUI,4038.jpg,Mild,4.230754852294922,WWE-UIE,30.07332992553711,0.9299089312553406
LSUI,4039.jpg,Mild,4.053245544433594,WWE-UIE,29.855310440063477,0.9326269030570984
LSUI,4040.jpg,Severe,8.63021183013916,WWE-UIE,29.510881423950195,0.9328370094299316
LSUI,4041.jpg,Moderate,6.68104887008667,WWE-UIE,29.348186492919922,0.9190511703491211
LSUI,4042.jpg,Mild,3.945629596710205,WWE-UIE,24.17629623413086,0.9062933325767517
LSUI,4043.jpg,Mild,5.8959245681762695,WWE-UIE,27.983247756958008,0.9104089736938477
LSUI,4044.jpg,Mild,5.618427753448486,WWE-UIE,24.61876106262207,0.8772149085998535
LSUI,4037.jpg,Mild,2.854731798171997,Uniform guide,29.239606857299805,0.9229921698570251
LSUI,4038.jpg,Mild,4.230754852294922,Uniform guide,29.590587615966797,0.925795316696167
LSUI,4039.jpg,Mild,4.053245544433594,Uniform guide,31.09493637084961,0.9364609718322754
LSUI,4040.jpg,Severe,8.63021183013916,Uniform guide,28.050159454345703,0.8893366456031799
LSUI,4041.jpg,Moderate,6.68104887008667,Uniform guide,29.32508659362793,0.9195484519004822
LSUI,4042.jpg,Mild,3.945629596710205,Uniform guide,26.835845947265625,0.9227407574653625
LSUI,4043.jpg,Mild,5.8959245681762695,Uniform guide,28.69666290283203,0.9162434935569763
LSUI,4044.jpg,Mild,5.618427753448486,Uniform guide,17.881101608276367,0.7778939604759216
LSUI,4037.jpg,Mild,2.854731798171997,PROTEUS,30.540721893310547,0.9256592392921448
LSUI,4038.jpg,Mild,4.230754852294922,PROTEUS,29.947399139404297,0.92816561460495
LSUI,4039.jpg,Mild,4.053245544433594,PROTEUS,31.46636199951172,0.9377041459083557
LSUI,4040.jpg,Severe,8.63021183013916,PROTEUS,30.986574172973633,0.9375303387641907
LSUI,4041.jpg,Moderate,6.68104887008667,PROTEUS,29.21542739868164,0.9179608225822449
LSUI,4042.jpg,Mild,3.945629596710205,PROTEUS,22.85985565185547,0.916691243648529
LSUI,4043.jpg,Mild,5.8959245681762695,PROTEUS,27.591936111450195,0.9138720035552979
LSUI,4044.jpg,Mild,5.618427753448486,PROTEUS,20.447917938232422,0.8664663434028625
LSUI,4045.jpg,Mild,4.738607406616211,Input,21.27945899963379,0.8711939454078674
LSUI,4046.jpg,Moderate,7.249732971191406,Input,21.921588897705078,0.8821666240692139
LSUI,4047.jpg,Mild,4.409542083740234,Input,18.712814331054688,0.8795204162597656
LSUI,4048.jpg,Moderate,6.046258926391602,Input,19.392547607421875,0.8431363105773926
LSUI,4049.jpg,Moderate,6.017709255218506,Input,18.01185417175293,0.877669095993042
LSUI,4050.jpg,Mild,4.853328704833984,Input,22.78378677368164,0.8784976005554199
LSUI,4051.jpg,Mild,5.304409980773926,Input,23.763896942138672,0.8736770153045654
LSUI,4052.jpg,Moderate,6.729787349700928,Input,22.205108642578125,0.8602368235588074
LSUI,4045.jpg,Mild,4.738607406616211,WWE-UIE,29.0859317779541,0.921596348285675
LSUI,4046.jpg,Moderate,7.249732971191406,WWE-UIE,29.96514892578125,0.9350040555000305
LSUI,4047.jpg,Mild,4.409542083740234,WWE-UIE,29.23975372314453,0.9429886341094971
LSUI,4048.jpg,Moderate,6.046258926391602,WWE-UIE,29.339181900024414,0.9268139004707336
LSUI,4049.jpg,Moderate,6.017709255218506,WWE-UIE,29.459232330322266,0.9372778534889221
LSUI,4050.jpg,Mild,4.853328704833984,WWE-UIE,31.001262664794922,0.9362459182739258
LSUI,4051.jpg,Mild,5.304409980773926,WWE-UIE,29.34627914428711,0.9023515582084656
LSUI,4052.jpg,Moderate,6.729787349700928,WWE-UIE,31.84319496154785,0.9349691271781921
LSUI,4045.jpg,Mild,4.738607406616211,Uniform guide,29.473297119140625,0.9150640368461609
LSUI,4046.jpg,Moderate,7.249732971191406,Uniform guide,28.40793228149414,0.9442665576934814
LSUI,4047.jpg,Mild,4.409542083740234,Uniform guide,29.962974548339844,0.9405205845832825
LSUI,4048.jpg,Moderate,6.046258926391602,Uniform guide,29.491912841796875,0.9270430207252502
LSUI,4049.jpg,Moderate,6.017709255218506,Uniform guide,26.406455993652344,0.9276787638664246
LSUI,4050.jpg,Mild,4.853328704833984,Uniform guide,31.025146484375,0.9336846470832825
LSUI,4051.jpg,Mild,5.304409980773926,Uniform guide,27.959423065185547,0.850405752658844
LSUI,4052.jpg,Moderate,6.729787349700928,Uniform guide,29.598526000976562,0.9369282722473145
LSUI,4045.jpg,Mild,4.738607406616211,PROTEUS,29.417341232299805,0.9165851473808289
LSUI,4046.jpg,Moderate,7.249732971191406,PROTEUS,30.692407608032227,0.9341692924499512
LSUI,4047.jpg,Mild,4.409542083740234,PROTEUS,31.00802993774414,0.9434299468994141
LSUI,4048.jpg,Moderate,6.046258926391602,PROTEUS,30.038875579833984,0.9283466935157776
LSUI,4049.jpg,Moderate,6.017709255218506,PROTEUS,29.395742416381836,0.9364979863166809
LSUI,4050.jpg,Mild,4.853328704833984,PROTEUS,31.174476623535156,0.9357288479804993
LSUI,4051.jpg,Mild,5.304409980773926,PROTEUS,31.35659408569336,0.9159502387046814
LSUI,4052.jpg,Moderate,6.729787349700928,PROTEUS,32.37257385253906,0.938362181186676
LSUI,4053.jpg,Severe,9.078924179077148,Input,20.940898895263672,0.7876406311988831
LSUI,4054.jpg,Mild,3.721860885620117,Input,21.906803131103516,0.8615452647209167
LSUI,4055.jpg,Moderate,7.636536598205566,Input,24.14202117919922,0.9034897685050964
LSUI,4056.jpg,Moderate,7.737483978271484,Input,16.571388244628906,0.8577577471733093
LSUI,4057.jpg,Moderate,6.967933654785156,Input,21.724895477294922,0.8146753311157227
LSUI,4058.jpg,Mild,5.898067474365234,Input,20.06082534790039,0.871306836605072
LSUI,4059.jpg,Mild,5.378448009490967,Input,21.95726776123047,0.8163099884986877
LSUI,4060.jpg,Severe,8.881986618041992,Input,19.091842651367188,0.7891640663146973
LSUI,4053.jpg,Severe,9.078924179077148,WWE-UIE,31.86128807067871,0.8757184147834778
LSUI,4054.jpg,Mild,3.721860885620117,WWE-UIE,30.23990249633789,0.9412153363227844
LSUI,4055.jpg,Moderate,7.636536598205566,WWE-UIE,31.034982681274414,0.9054446220397949
LSUI,4056.jpg,Moderate,7.737483978271484,WWE-UIE,22.071613311767578,0.9224531054496765
LSUI,4057.jpg,Moderate,6.967933654785156,WWE-UIE,31.10722541809082,0.9217198491096497
LSUI,4058.jpg,Mild,5.898067474365234,WWE-UIE,29.518327713012695,0.9359181523323059
LSUI,4059.jpg,Mild,5.378448009490967,WWE-UIE,30.72359275817871,0.9226968884468079
LSUI,4060.jpg,Severe,8.881986618041992,WWE-UIE,27.2137451171875,0.9108224511146545
LSUI,4053.jpg,Severe,9.078924179077148,Uniform guide,23.16697883605957,0.8267763257026672
LSUI,4054.jpg,Mild,3.721860885620117,Uniform guide,19.20128631591797,0.873814582824707
LSUI,4055.jpg,Moderate,7.636536598205566,Uniform guide,29.83213233947754,0.8498108386993408
LSUI,4056.jpg,Moderate,7.737483978271484,Uniform guide,18.259902954101562,0.9130608439445496
LSUI,4057.jpg,Moderate,6.967933654785156,Uniform guide,27.896329879760742,0.9155185222625732
LSUI,4058.jpg,Mild,5.898067474365234,Uniform guide,28.755203247070312,0.9336676001548767
LSUI,4059.jpg,Mild,5.378448009490967,Uniform guide,19.504600524902344,0.8614019751548767
LSUI,4060.jpg,Severe,8.881986618041992,Uniform guide,24.466514587402344,0.8991416096687317
LSUI,4053.jpg,Severe,9.078924179077148,PROTEUS,32.14649200439453,0.8673698306083679
LSUI,4054.jpg,Mild,3.721860885620117,PROTEUS,29.87188720703125,0.939551055431366
LSUI,4055.jpg,Moderate,7.636536598205566,PROTEUS,30.76490592956543,0.8995687365531921
LSUI,4056.jpg,Moderate,7.737483978271484,PROTEUS,21.67950439453125,0.9319548606872559
LSUI,4057.jpg,Moderate,6.967933654785156,PROTEUS,30.68618392944336,0.9208448529243469
LSUI,4058.jpg,Mild,5.898067474365234,PROTEUS,30.119834899902344,0.935472309589386
LSUI,4059.jpg,Mild,5.378448009490967,PROTEUS,28.113574981689453,0.9224225878715515
LSUI,4060.jpg,Severe,8.881986618041992,PROTEUS,23.91185760498047,0.8991522789001465
LSUI,4061.jpg,Moderate,6.848423480987549,Input,17.71882438659668,0.7984864115715027
LSUI,4062.jpg,Mild,2.7296559810638428,Input,16.8834228515625,0.7987834811210632
LSUI,4063.jpg,Moderate,7.768253803253174,Input,23.515586853027344,0.8428617119789124
LSUI,4064.jpg,Severe,8.105140686035156,Input,18.53118133544922,0.7959449887275696
LSUI,4065.jpg,Moderate,7.487331390380859,Input,22.589942932128906,0.8514273762702942
LSUI,4066.jpg,Severe,8.075384140014648,Input,21.534893035888672,0.8297421932220459
LSUI,4067.jpg,Mild,5.318682670593262,Input,19.250045776367188,0.8098152279853821
LSUI,4068.jpg,Moderate,6.202587604522705,Input,17.58846092224121,0.8497020602226257
LSUI,4061.jpg,Moderate,6.848423480987549,WWE-UIE,29.642087936401367,0.9384943842887878
LSUI,4062.jpg,Mild,2.7296559810638428,WWE-UIE,26.059682846069336,0.9123638272285461
LSUI,4063.jpg,Moderate,7.768253803253174,WWE-UIE,30.393787384033203,0.9136653542518616
LSUI,4064.jpg,Severe,8.105140686035156,WWE-UIE,30.212615966796875,0.938090980052948
LSUI,4065.jpg,Moderate,7.487331390380859,WWE-UIE,30.163877487182617,0.9107534289360046
LSUI,4066.jpg,Severe,8.075384140014648,WWE-UIE,27.837249755859375,0.8793736100196838
LSUI,4067.jpg,Mild,5.318682670593262,WWE-UIE,25.338733673095703,0.9052823185920715
LSUI,4068.jpg,Moderate,6.202587604522705,WWE-UIE,25.7120361328125,0.9321925044059753
LSUI,4061.jpg,Moderate,6.848423480987549,Uniform guide,28.704090118408203,0.9403373599052429
LSUI,4062.jpg,Mild,2.7296559810638428,Uniform guide,28.668991088867188,0.9132577776908875
LSUI,4063.jpg,Moderate,7.768253803253174,Uniform guide,25.64051055908203,0.9118752479553223
LSUI,4064.jpg,Severe,8.105140686035156,Uniform guide,24.401203155517578,0.9198055267333984
LSUI,4065.jpg,Moderate,7.487331390380859,Uniform guide,25.0242919921875,0.876437246799469
LSUI,4066.jpg,Severe,8.075384140014648,Uniform guide,26.738279342651367,0.8743537068367004
LSUI,4067.jpg,Mild,5.318682670593262,Uniform guide,31.430084228515625,0.9450737833976746
LSUI,4068.jpg,Moderate,6.202587604522705,Uniform guide,20.437088012695312,0.8632823824882507
LSUI,4061.jpg,Moderate,6.848423480987549,PROTEUS,29.60881805419922,0.9393858909606934
LSUI,4062.jpg,Mild,2.7296559810638428,PROTEUS,31.721202850341797,0.9171831011772156
LSUI,4063.jpg,Moderate,7.768253803253174,PROTEUS,30.488765716552734,0.9344522356987
LSUI,4064.jpg,Severe,8.105140686035156,PROTEUS,31.379690170288086,0.9480002522468567
LSUI,4065.jpg,Moderate,7.487331390380859,PROTEUS,31.02865219116211,0.9316752552986145
LSUI,4066.jpg,Severe,8.075384140014648,PROTEUS,27.34307098388672,0.8819428086280823
LSUI,4067.jpg,Mild,5.318682670593262,PROTEUS,27.197904586791992,0.9261755347251892
LSUI,4068.jpg,Moderate,6.202587604522705,PROTEUS,25.567626953125,0.9300810694694519
LSUI,4069.jpg,Severe,8.289628028869629,Input,21.627315521240234,0.857227623462677
LSUI,4070.jpg,Severe,8.52232837677002,Input,18.164241790771484,0.8454291224479675
LSUI,4071.jpg,Moderate,6.690062046051025,Input,20.945587158203125,0.8061004281044006
LSUI,4072.jpg,Mild,5.5016093254089355,Input,18.50881576538086,0.8368527889251709
LSUI,4073.jpg,Mild,5.941733360290527,Input,21.119483947753906,0.872330367565155
LSUI,4074.jpg,Mild,5.354857444763184,Input,19.436609268188477,0.8505755066871643
LSUI,4075.jpg,Mild,5.51508903503418,Input,19.851642608642578,0.8692762851715088
LSUI,4076.jpg,Moderate,7.060521125793457,Input,19.19145965576172,0.8098496794700623
LSUI,4069.jpg,Severe,8.289628028869629,WWE-UIE,31.29020881652832,0.9319031834602356
LSUI,4070.jpg,Severe,8.52232837677002,WWE-UIE,21.71683120727539,0.9126698970794678
LSUI,4071.jpg,Moderate,6.690062046051025,WWE-UIE,29.73233413696289,0.9138500690460205
LSUI,4072.jpg,Mild,5.5016093254089355,WWE-UIE,28.546409606933594,0.9317610263824463
LSUI,4073.jpg,Mild,5.941733360290527,WWE-UIE,27.566804885864258,0.9341521263122559
LSUI,4074.jpg,Mild,5.354857444763184,WWE-UIE,29.365022659301758,0.9458301067352295
LSUI,4075.jpg,Mild,5.51508903503418,WWE-UIE,29.972522735595703,0.948496401309967
LSUI,4076.jpg,Moderate,7.060521125793457,WWE-UIE,27.280244827270508,0.8948861956596375
LSUI,4069.jpg,Severe,8.289628028869629,Uniform guide,29.923860549926758,0.9211501479148865
LSUI,4070.jpg,Severe,8.52232837677002,Uniform guide,17.122472763061523,0.8739142417907715
LSUI,4071.jpg,Moderate,6.690062046051025,Uniform guide,27.821712493896484,0.9101166725158691
LSUI,4072.jpg,Mild,5.5016093254089355,Uniform guide,21.960494995117188,0.8856518864631653
LSUI,4073.jpg,Mild,5.941733360290527,Uniform guide,29.43484115600586,0.9394214749336243
LSUI,4074.jpg,Mild,5.354857444763184,Uniform guide,25.675640106201172,0.9178361892700195
LSUI,4075.jpg,Mild,5.51508903503418,Uniform guide,29.002676010131836,0.9434745907783508
LSUI,4076.jpg,Moderate,7.060521125793457,Uniform guide,21.912452697753906,0.8419566750526428
LSUI,4069.jpg,Severe,8.289628028869629,PROTEUS,31.471477508544922,0.9396567940711975
LSUI,4070.jpg,Severe,8.52232837677002,PROTEUS,22.910537719726562,0.9194883704185486
LSUI,4071.jpg,Moderate,6.690062046051025,PROTEUS,29.921367645263672,0.9161215424537659
LSUI,4072.jpg,Mild,5.5016093254089355,PROTEUS,28.639066696166992,0.9320935606956482
LSUI,4073.jpg,Mild,5.941733360290527,PROTEUS,30.214040756225586,0.9419236779212952
LSUI,4074.jpg,Mild,5.354857444763184,PROTEUS,30.45412826538086,0.9474208950996399
LSUI,4075.jpg,Mild,5.51508903503418,PROTEUS,29.982807159423828,0.9466871619224548
LSUI,4076.jpg,Moderate,7.060521125793457,PROTEUS,28.526798248291016,0.9127854704856873
LSUI,4077.jpg,Moderate,6.5237250328063965,Input,21.410600662231445,0.9056434035301208
LSUI,4078.jpg,Severe,8.87435245513916,Input,25.485639572143555,0.7932813763618469
LSUI,4079.jpg,Moderate,6.3091139793396,Input,20.21512794494629,0.8769719004631042
LSUI,4080.jpg,Mild,5.797423362731934,Input,25.764419555664062,0.8464111685752869
LSUI,4081.jpg,Severe,9.112435340881348,Input,21.370933532714844,0.807044267654419
LSUI,4082.jpg,Severe,8.494996070861816,Input,21.25988006591797,0.871354877948761
LSUI,4083.jpg,Mild,5.389124393463135,Input,20.031328201293945,0.8702158331871033
LSUI,4084.jpg,Mild,5.925849437713623,Input,16.49481964111328,0.8072612881660461
LSUI,4077.jpg,Moderate,6.5237250328063965,WWE-UIE,31.645465850830078,0.9566196799278259
LSUI,4078.jpg,Severe,8.87435245513916,WWE-UIE,31.755847930908203,0.9142289161682129
LSUI,4079.jpg,Moderate,6.3091139793396,WWE-UIE,28.56968879699707,0.9355988502502441
LSUI,4080.jpg,Mild,5.797423362731934,WWE-UIE,30.075138092041016,0.9243003726005554
LSUI,4081.jpg,Severe,9.112435340881348,WWE-UIE,26.5052490234375,0.8801799416542053
LSUI,4082.jpg,Severe,8.494996070861816,WWE-UIE,29.623760223388672,0.9151477813720703
LSUI,4083.jpg,Mild,5.389124393463135,WWE-UIE,28.67938804626465,0.9417455196380615
LSUI,4084.jpg,Mild,5.925849437713623,WWE-UIE,26.328323364257812,0.9115632176399231
LSUI,4077.jpg,Moderate,6.5237250328063965,Uniform guide,31.579364776611328,0.958441972732544
LSUI,4078.jpg,Severe,8.87435245513916,Uniform guide,30.95809555053711,0.8891932964324951
LSUI,4079.jpg,Moderate,6.3091139793396,Uniform guide,27.77466583251953,0.9332966208457947
LSUI,4080.jpg,Mild,5.797423362731934,Uniform guide,30.148780822753906,0.9475688338279724
LSUI,4081.jpg,Severe,9.112435340881348,Uniform guide,25.08538246154785,0.8855800628662109
LSUI,4082.jpg,Severe,8.494996070861816,Uniform guide,28.591833114624023,0.9305129647254944
LSUI,4083.jpg,Mild,5.389124393463135,Uniform guide,26.631519317626953,0.9372789263725281
LSUI,4084.jpg,Mild,5.925849437713623,Uniform guide,19.247102737426758,0.8758468627929688
LSUI,4077.jpg,Moderate,6.5237250328063965,PROTEUS,31.25504493713379,0.9568667411804199
LSUI,4078.jpg,Severe,8.87435245513916,PROTEUS,30.845977783203125,0.8625643849372864
LSUI,4079.jpg,Moderate,6.3091139793396,PROTEUS,29.168302536010742,0.9359983801841736
LSUI,4080.jpg,Mild,5.797423362731934,PROTEUS,32.53829574584961,0.960334062576294
LSUI,4081.jpg,Severe,9.112435340881348,PROTEUS,26.490177154541016,0.8830671310424805
LSUI,4082.jpg,Severe,8.494996070861816,PROTEUS,29.428327560424805,0.9351463317871094
LSUI,4083.jpg,Mild,5.389124393463135,PROTEUS,29.476919174194336,0.9416460990905762
LSUI,4084.jpg,Mild,5.925849437713623,PROTEUS,31.50641632080078,0.9190995097160339
LSUI,4085.jpg,Mild,3.8183999061584473,Input,18.144426345825195,0.7337896823883057
LSUI,4086.jpg,Moderate,6.888302326202393,Input,21.16754150390625,0.8059110641479492
LSUI,4087.jpg,Moderate,6.031511306762695,Input,22.636184692382812,0.8780195713043213
LSUI,4088.jpg,Moderate,7.378610610961914,Input,20.632369995117188,0.8686327934265137
LSUI,4089.jpg,Moderate,7.2378716468811035,Input,21.087228775024414,0.8616402745246887
LSUI,4090.jpg,Mild,5.149906158447266,Input,21.004405975341797,0.8691378235816956
LSUI,4092.jpg,Severe,8.874665260314941,Input,19.591825485229492,0.8465394973754883
LSUI,4919.jpg,Moderate,6.214876174926758,Input,17.3453369140625,0.9248319268226624
LSUI,4085.jpg,Mild,3.8183999061584473,WWE-UIE,21.199800491333008,0.8627474308013916
LSUI,4086.jpg,Moderate,6.888302326202393,WWE-UIE,29.46963119506836,0.9089601039886475
LSUI,4087.jpg,Moderate,6.031511306762695,WWE-UIE,31.447084426879883,0.9394659996032715
LSUI,4088.jpg,Moderate,7.378610610961914,WWE-UIE,28.738052368164062,0.9318723678588867
LSUI,4089.jpg,Moderate,7.2378716468811035,WWE-UIE,29.793813705444336,0.9321848750114441
LSUI,4090.jpg,Mild,5.149906158447266,WWE-UIE,28.888916015625,0.9317889213562012
LSUI,4092.jpg,Severe,8.874665260314941,WWE-UIE,29.203826904296875,0.9168819785118103
LSUI,4919.jpg,Moderate,6.214876174926758,WWE-UIE,23.380220413208008,0.9797884821891785
LSUI,4085.jpg,Mild,3.8183999061584473,Uniform guide,23.85830307006836,0.924473762512207
LSUI,4086.jpg,Moderate,6.888302326202393,Uniform guide,29.360031127929688,0.9190230965614319
LSUI,4087.jpg,Moderate,6.031511306762695,Uniform guide,27.53872299194336,0.9401366710662842
LSUI,4088.jpg,Moderate,7.378610610961914,Uniform guide,29.23126983642578,0.9379885792732239
LSUI,4089.jpg,Moderate,7.2378716468811035,Uniform guide,26.796293258666992,0.9251284599304199
LSUI,4090.jpg,Mild,5.149906158447266,Uniform guide,28.31972312927246,0.9302341341972351
LSUI,4092.jpg,Severe,8.874665260314941,Uniform guide,25.81793785095215,0.8950185179710388
LSUI,4919.jpg,Moderate,6.214876174926758,Uniform guide,24.353843688964844,0.9760768413543701
LSUI,4085.jpg,Mild,3.8183999061584473,PROTEUS,26.787263870239258,0.9389641880989075
LSUI,4086.jpg,Moderate,6.888302326202393,PROTEUS,29.073719024658203,0.9169721603393555
LSUI,4087.jpg,Moderate,6.031511306762695,PROTEUS,29.9626522064209,0.9430368542671204
LSUI,4088.jpg,Moderate,7.378610610961914,PROTEUS,30.470516204833984,0.939793050289154
LSUI,4089.jpg,Moderate,7.2378716468811035,PROTEUS,29.00278091430664,0.9315298199653625
LSUI,4090.jpg,Mild,5.149906158447266,PROTEUS,29.407440185546875,0.9318435788154602
LSUI,4092.jpg,Severe,8.874665260314941,PROTEUS,29.6073055267334,0.9182752966880798
LSUI,4919.jpg,Moderate,6.214876174926758,PROTEUS,22.789323806762695,0.97198885679245
LSUI,4920.jpg,Moderate,6.265665054321289,Input,15.480570793151855,0.8472222685813904
LSUI,4921.jpg,Moderate,7.03098201751709,Input,14.360419273376465,0.8244926929473877
LSUI,4922.jpg,Moderate,7.613189220428467,Input,13.388742446899414,0.7982904314994812
LSUI,4923.jpg,Moderate,7.533243179321289,Input,13.572866439819336,0.8024076819419861
LSUI,4924.jpg,Severe,8.164088249206543,Input,13.788219451904297,0.8173153400421143
LSUI,4925.jpg,Moderate,7.68110466003418,Input,14.758843421936035,0.8400876522064209
LSUI,4926.jpg,Mild,2.7219057083129883,Input,17.661041259765625,0.9388265609741211
LSUI,4927.jpg,Moderate,7.401543617248535,Input,14.489324569702148,0.8334002494812012
LSUI,4920.jpg,Moderate,6.265665054321289,WWE-UIE,31.48180389404297,0.989011287689209
LSUI,4921.jpg,Moderate,7.03098201751709,WWE-UIE,31.732254028320312,0.9894907474517822
LSUI,4922.jpg,Moderate,7.613189220428467,WWE-UIE,32.668426513671875,0.9901580810546875
LSUI,4923.jpg,Moderate,7.533243179321289,WWE-UIE,33.73583221435547,0.9900524020195007
LSUI,4924.jpg,Severe,8.164088249206543,WWE-UIE,31.264404296875,0.9891901612281799
LSUI,4925.jpg,Moderate,7.68110466003418,WWE-UIE,33.029701232910156,0.9891477227210999
LSUI,4926.jpg,Mild,2.7219057083129883,WWE-UIE,37.47505569458008,0.9810678362846375
LSUI,4927.jpg,Moderate,7.401543617248535,WWE-UIE,30.853567123413086,0.9888514876365662
LSUI,4920.jpg,Moderate,6.265665054321289,Uniform guide,28.85314178466797,0.9890682101249695
LSUI,4921.jpg,Moderate,7.03098201751709,Uniform guide,30.392955780029297,0.9899344444274902
LSUI,4922.jpg,Moderate,7.613189220428467,Uniform guide,28.235502243041992,0.9874358773231506
LSUI,4923.jpg,Moderate,7.533243179321289,Uniform guide,30.42577362060547,0.9893301129341125
LSUI,4924.jpg,Severe,8.164088249206543,Uniform guide,31.384235382080078,0.9904646873474121
LSUI,4925.jpg,Moderate,7.68110466003418,Uniform guide,35.257564544677734,0.9923170208930969
LSUI,4926.jpg,Mild,2.7219057083129883,Uniform guide,40.67076873779297,0.9885921478271484
LSUI,4927.jpg,Moderate,7.401543617248535,Uniform guide,34.09183883666992,0.9913768768310547
LSUI,4920.jpg,Moderate,6.265665054321289,PROTEUS,32.539039611816406,0.9899611473083496
LSUI,4921.jpg,Moderate,7.03098201751709,PROTEUS,32.340579986572266,0.9896607995033264
LSUI,4922.jpg,Moderate,7.613189220428467,PROTEUS,28.85896873474121,0.9871702194213867
LSUI,4923.jpg,Moderate,7.533243179321289,PROTEUS,31.89278793334961,0.9899371266365051
LSUI,4924.jpg,Severe,8.164088249206543,PROTEUS,32.941585540771484,0.9904283881187439
LSUI,4925.jpg,Moderate,7.68110466003418,PROTEUS,36.84670639038086,0.9919312596321106
LSUI,4926.jpg,Mild,2.7219057083129883,PROTEUS,39.686187744140625,0.9887106418609619
LSUI,4927.jpg,Moderate,7.401543617248535,PROTEUS,36.02938461303711,0.9922148585319519
LSUI,4928.jpg,Moderate,6.677298069000244,Input,14.640464782714844,0.8435004353523254
LSUI,4929.jpg,Moderate,6.6190900802612305,Input,14.674321174621582,0.8427078723907471
LSUI,4930.jpg,Mild,5.809542655944824,Input,15.211929321289062,0.8498998284339905
LSUI,4931.jpg,Moderate,6.091917991638184,Input,15.385810852050781,0.854108989238739
LSUI,4932.jpg,Moderate,6.559143543243408,Input,15.459260940551758,0.8641939163208008
LSUI,4933.jpg,Moderate,6.327313423156738,Input,15.540985107421875,0.8703832030296326
LSUI,4934.jpg,Mild,5.390283107757568,Input,16.278186798095703,0.891211211681366
LSUI,4935.jpg,Moderate,6.07161808013916,Input,17.468952178955078,0.9116759896278381
LSUI,4928.jpg,Moderate,6.677298069000244,WWE-UIE,29.510177612304688,0.9889376759529114
LSUI,4929.jpg,Moderate,6.6190900802612305,WWE-UIE,31.143787384033203,0.9896480441093445
LSUI,4930.jpg,Mild,5.809542655944824,WWE-UIE,29.77873992919922,0.9890053868293762
LSUI,4931.jpg,Moderate,6.091917991638184,WWE-UIE,31.746437072753906,0.9886102676391602
LSUI,4932.jpg,Moderate,6.559143543243408,WWE-UIE,32.721439361572266,0.9893574714660645
LSUI,4933.jpg,Moderate,6.327313423156738,WWE-UIE,29.451507568359375,0.9874785542488098
LSUI,4934.jpg,Mild,5.390283107757568,WWE-UIE,28.225963592529297,0.9870637059211731
LSUI,4935.jpg,Moderate,6.07161808013916,WWE-UIE,31.57619857788086,0.9893609881401062
LSUI,4928.jpg,Moderate,6.677298069000244,Uniform guide,32.688716888427734,0.991041362285614
LSUI,4929.jpg,Moderate,6.6190900802612305,Uniform guide,32.43048858642578,0.9908265471458435
LSUI,4930.jpg,Mild,5.809542655944824,Uniform guide,32.31462478637695,0.9908111095428467
LSUI,4931.jpg,Moderate,6.091917991638184,Uniform guide,30.281869888305664,0.9899664521217346
LSUI,4932.jpg,Moderate,6.559143543243408,Uniform guide,32.25701904296875,0.990690290927887
LSUI,4933.jpg,Moderate,6.327313423156738,Uniform guide,31.95772933959961,0.9898545742034912
LSUI,4934.jpg,Mild,5.390283107757568,Uniform guide,33.185272216796875,0.9916175007820129
LSUI,4935.jpg,Moderate,6.07161808013916,Uniform guide,29.035253524780273,0.9893612861633301
LSUI,4928.jpg,Moderate,6.677298069000244,PROTEUS,34.02239227294922,0.9915294647216797
LSUI,4929.jpg,Moderate,6.6190900802612305,PROTEUS,33.913185119628906,0.9913575053215027
LSUI,4930.jpg,Mild,5.809542655944824,PROTEUS,33.3346061706543,0.9912154674530029
LSUI,4931.jpg,Moderate,6.091917991638184,PROTEUS,31.62393569946289,0.9898012280464172
LSUI,4932.jpg,Moderate,6.559143543243408,PROTEUS,33.466773986816406,0.9898360371589661
LSUI,4933.jpg,Moderate,6.327313423156738,PROTEUS,32.50959777832031,0.9881875514984131
LSUI,4934.jpg,Mild,5.390283107757568,PROTEUS,34.55344009399414,0.9912529587745667
LSUI,4935.jpg,Moderate,6.07161808013916,PROTEUS,30.959117889404297,0.989139974117279
LSUI,4936.jpg,Mild,5.685610294342041,Input,16.73629379272461,0.903275728225708
LSUI,4937.jpg,Mild,2.3312997817993164,Input,18.069232940673828,0.94060879945755
LSUI,4938.jpg,Moderate,7.763418197631836,Input,15.73763370513916,0.8886328339576721
LSUI,4939.jpg,Moderate,6.769496440887451,Input,16.210716247558594,0.8909903168678284
LSUI,4940.jpg,Moderate,5.988438606262207,Input,17.053802490234375,0.904414176940918
LSUI,4941.jpg,Mild,5.299111843109131,Input,18.651514053344727,0.9168581962585449
LSUI,4942.jpg,Mild,5.393734931945801,Input,16.941577911376953,0.8886847496032715
LSUI,4943.jpg,Mild,4.573794841766357,Input,16.017101287841797,0.8533861637115479
LSUI,4936.jpg,Mild,5.685610294342041,WWE-UIE,27.54391860961914,0.9863578677177429
LSUI,4937.jpg,Mild,2.3312997817993164,WWE-UIE,30.37653350830078,0.9772067070007324
LSUI,4938.jpg,Moderate,7.763418197631836,WWE-UIE,29.27008056640625,0.9876495003700256
LSUI,4939.jpg,Moderate,6.769496440887451,WWE-UIE,32.47395324707031,0.9902541041374207
LSUI,4940.jpg,Moderate,5.988438606262207,WWE-UIE,34.938560485839844,0.9904458522796631
LSUI,4941.jpg,Mild,5.299111843109131,WWE-UIE,32.79117965698242,0.9911945462226868
LSUI,4942.jpg,Mild,5.393734931945801,WWE-UIE,29.704561233520508,0.9895610809326172
LSUI,4943.jpg,Mild,4.573794841766357,WWE-UIE,28.981685638427734,0.9887585043907166
LSUI,4936.jpg,Mild,5.685610294342041,Uniform guide,31.16201400756836,0.9912417531013489
LSUI,4937.jpg,Mild,2.3312997817993164,Uniform guide,34.920921325683594,0.9877168536186218
LSUI,4938.jpg,Moderate,7.763418197631836,Uniform guide,31.680343627929688,0.991736888885498
LSUI,4939.jpg,Moderate,6.769496440887451,Uniform guide,30.866558074951172,0.9908232092857361
LSUI,4940.jpg,Moderate,5.988438606262207,Uniform guide,30.635055541992188,0.9908256530761719
LSUI,4941.jpg,Mild,5.299111843109131,Uniform guide,28.965694427490234,0.9902159571647644
LSUI,4942.jpg,Mild,5.393734931945801,Uniform guide,31.393688201904297,0.9919636845588684
LSUI,4943.jpg,Mild,4.573794841766357,Uniform guide,29.430477142333984,0.9903002381324768
LSUI,4936.jpg,Mild,5.685610294342041,PROTEUS,33.464820861816406,0.9910582900047302
LSUI,4937.jpg,Mild,2.3312997817993164,PROTEUS,33.45927810668945,0.9878632426261902
LSUI,4938.jpg,Moderate,7.763418197631836,PROTEUS,36.6440544128418,0.9923025965690613
LSUI,4939.jpg,Moderate,6.769496440887451,PROTEUS,35.37537384033203,0.9913935661315918
LSUI,4940.jpg,Moderate,5.988438606262207,PROTEUS,33.599369049072266,0.9904735088348389
LSUI,4941.jpg,Mild,5.299111843109131,PROTEUS,32.58285140991211,0.9919159412384033
LSUI,4942.jpg,Mild,5.393734931945801,PROTEUS,32.21322250366211,0.992056667804718
LSUI,4943.jpg,Mild,4.573794841766357,PROTEUS,29.308320999145508,0.9904113411903381
LSUI,4944.jpg,Moderate,7.427051067352295,Input,15.511609077453613,0.8679361939430237
LSUI,4945.jpg,Mild,2.331907033920288,Input,18.07558822631836,0.9384708404541016
LSUI,4946.jpg,Mild,2.7262234687805176,Input,18.630189895629883,0.9404898285865784
LSUI,4947.jpg,Mild,3.389648199081421,Input,18.829021453857422,0.9386702179908752
LSUI,4948.jpg,Severe,8.243485450744629,Input,17.311227798461914,0.9344188570976257
LSUI,5037.jpg,Moderate,6.526916980743408,Input,16.197813034057617,0.8864215016365051
LSUI,5038.jpg,Mild,5.917257785797119,Input,16.9489803314209,0.905472457408905
LSUI,5039.jpg,Moderate,6.544849395751953,Input,17.339269638061523,0.9126008152961731
LSUI,4944.jpg,Moderate,7.427051067352295,WWE-UIE,34.15727233886719,0.9866437911987305
LSUI,4945.jpg,Mild,2.331907033920288,WWE-UIE,31.16040802001953,0.9794430136680603
LSUI,4946.jpg,Mild,2.7262234687805176,WWE-UIE,31.865894317626953,0.9793601036071777
LSUI,4947.jpg,Mild,3.389648199081421,WWE-UIE,31.85928726196289,0.9793300032615662
LSUI,4948.jpg,Severe,8.243485450744629,WWE-UIE,34.47761154174805,0.9833428859710693
LSUI,5037.jpg,Moderate,6.526916980743408,WWE-UIE,27.27764129638672,0.9800192713737488
LSUI,5038.jpg,Mild,5.917257785797119,WWE-UIE,27.540557861328125,0.9797837138175964
LSUI,5039.jpg,Moderate,6.544849395751953,WWE-UIE,27.162630081176758,0.9787657856941223
LSUI,4944.jpg,Moderate,7.427051067352295,Uniform guide,38.283905029296875,0.989424467086792
LSUI,4945.jpg,Mild,2.331907033920288,Uniform guide,35.97408676147461,0.9877605438232422
LSUI,4946.jpg,Mild,2.7262234687805176,Uniform guide,35.44527816772461,0.9874604344367981
LSUI,4947.jpg,Mild,3.389648199081421,Uniform guide,32.077144622802734,0.9850821495056152
LSUI,4948.jpg,Severe,8.243485450744629,Uniform guide,33.12113952636719,0.9864931106567383
LSUI,5037.jpg,Moderate,6.526916980743408,Uniform guide,32.86479568481445,0.9857938289642334
LSUI,5038.jpg,Mild,5.917257785797119,Uniform guide,32.64159393310547,0.9856575131416321
LSUI,5039.jpg,Moderate,6.544849395751953,Uniform guide,33.015907287597656,0.9882822036743164
LSUI,4944.jpg,Moderate,7.427051067352295,PROTEUS,38.823482513427734,0.9895665049552917
LSUI,4945.jpg,Mild,2.331907033920288,PROTEUS,34.12063217163086,0.9877304434776306
LSUI,4946.jpg,Mild,2.7262234687805176,PROTEUS,34.61212158203125,0.9868476986885071
LSUI,4947.jpg,Mild,3.389648199081421,PROTEUS,31.81775665283203,0.9851371645927429
LSUI,4948.jpg,Severe,8.243485450744629,PROTEUS,31.302425384521484,0.9849104285240173
LSUI,5037.jpg,Moderate,6.526916980743408,PROTEUS,33.674903869628906,0.9876464009284973
LSUI,5038.jpg,Mild,5.917257785797119,PROTEUS,32.974891662597656,0.9880662560462952
LSUI,5039.jpg,Moderate,6.544849395751953,PROTEUS,32.83005905151367,0.9898397326469421
